08:50:03.751863116 CHANGE journal none -> absent
08:50:03.762820152 CHANGE ledger none -> 177f61d12ed0bb85e6ea535b807b376e26bbe0871405a13867c0b3cb6ea4b211
08:50:03.766542666 CHANGE state none -> absent
08:50:03.770100028 CHANGE pdnsdb none -> absent
08:50:03.773439947 POINTER 
08:50:03.775564646 pdns=0/0/inactive/dead/ named=0/inactive/dead/ agent=0/inactive/ jphase=absent killpid=
08:50:04.044061762 pdns=0/0/inactive/dead/ named=0/inactive/dead/ agent=0/inactive/ jphase=absent killpid=
08:50:04.314714923 pdns=0/0/inactive/dead/ named=0/inactive/dead/ agent=0/inactive/ jphase=absent killpid=
08:50:04.585422152 pdns=0/0/inactive/dead/ named=0/inactive/dead/ agent=0/inactive/ jphase=absent killpid=
08:50:04.883154717 pdns=0/0/inactive/dead/ named=0/inactive/dead/ agent=0/inactive/ jphase=absent killpid=
08:50:05.160597441 pdns=0/0/inactive/dead/ named=0/inactive/dead/ agent=0/inactive/ jphase=absent killpid=
08:50:05.430748552 pdns=0/0/inactive/dead/ named=0/inactive/dead/ agent=0/inactive/ jphase=absent killpid=
08:50:05.705348280 pdns=0/0/inactive/dead/ named=0/inactive/dead/ agent=0/inactive/ jphase=absent killpid=
08:50:05.982270448 pdns=0/0/inactive/dead/ named=0/inactive/dead/ agent=0/inactive/ jphase=absent killpid=2058,
08:50:06.250078872 pdns=0/0/inactive/dead/ named=0/inactive/dead/ agent=0/inactive/ jphase=absent killpid=2058,
08:50:06.514402925 pdns=0/0/inactive/dead/ named=0/inactive/dead/ agent=0/inactive/ jphase=absent killpid=2058,
08:50:06.780483632 pdns=0/0/inactive/dead/ named=0/inactive/dead/ agent=0/inactive/ jphase=absent killpid=2058,
08:50:07.052733400 CHANGE ledger 177f61d12ed0bb85e6ea535b807b376e26bbe0871405a13867c0b3cb6ea4b211 -> 4f27368480cdd5014f990918c6d97826168e0c6e0b77b4fab03fa5874eae4c52
08:50:07.056287746 pdns=0/0/inactive/dead/ named=0/inactive/dead/ agent=0/inactive/ jphase=absent killpid=2058,
08:50:07.349464450 CHANGE ledger 4f27368480cdd5014f990918c6d97826168e0c6e0b77b4fab03fa5874eae4c52 -> 69c9e1d3dbcac7bd8ba46fce52d2b841cb0b2ad771ff40e158abcbf7a547963d
08:50:07.354121977 pdns=0/0/inactive/dead/ named=0/inactive/dead/ agent=0/inactive/ jphase=absent killpid=2058,
08:50:07.661248901 CHANGE ledger 69c9e1d3dbcac7bd8ba46fce52d2b841cb0b2ad771ff40e158abcbf7a547963d -> 01aeba469d5e08e826827ada087eea61917a04453a3e49a929bd4e182db3f1df
08:50:07.664707467 pdns=0/0/inactive/dead/ named=0/inactive/dead/ agent=0/inactive/ jphase=absent killpid=2058,2397,
08:50:07.942113016 pdns=0/0/inactive/dead/ named=0/inactive/dead/ agent=0/inactive/ jphase=absent killpid=2058,2397,
08:50:08.221298949 pdns=0/0/inactive/dead/ named=0/inactive/dead/ agent=0/inactive/ jphase=absent killpid=2058,2397,
08:50:08.516400711 pdns=0/0/inactive/dead/ named=0/inactive/dead/ agent=0/inactive/ jphase=absent killpid=2058,2397,
08:50:08.804046945 pdns=0/0/inactive/dead/ named=0/inactive/dead/ agent=0/inactive/ jphase=absent killpid=2058,2397,
08:50:09.089335017 pdns=0/0/inactive/dead/ named=0/inactive/dead/ agent=0/inactive/ jphase=absent killpid=2058,2397,
08:50:09.373616006 pdns=0/0/inactive/dead/ named=0/inactive/dead/ agent=0/inactive/ jphase=absent killpid=2058,2397,
08:50:09.647045614 pdns=0/0/inactive/dead/ named=0/inactive/dead/ agent=0/inactive/ jphase=absent killpid=2058,2397,
08:50:09.931808510 pdns=0/0/inactive/dead/ named=0/inactive/dead/ agent=0/inactive/ jphase=absent killpid=2058,2397,
08:50:10.225004304 pdns=0/0/inactive/dead/ named=0/inactive/dead/ agent=0/inactive/ jphase=absent killpid=2058,2397,
08:50:10.509736565 CHANGE ledger 01aeba469d5e08e826827ada087eea61917a04453a3e49a929bd4e182db3f1df -> 1807e47cc2670c18428fa8b7839697e1c17aa1c54b6811d96a9353d4d0a90064
08:50:10.513402221 pdns=0/0/inactive/dead/ named=0/inactive/dead/ agent=0/inactive/ jphase=absent killpid=2058,2901,
08:50:10.799589997 CHANGE ledger 1807e47cc2670c18428fa8b7839697e1c17aa1c54b6811d96a9353d4d0a90064 -> 7375c4bf41528752e65d5048c2b3eccf25a79a013930185f87bb0096e200eb3d
08:50:10.803033301 pdns=0/0/inactive/dead/ named=0/inactive/dead/ agent=0/inactive/ jphase=absent killpid=2058,
08:50:11.090543708 CHANGE ledger 7375c4bf41528752e65d5048c2b3eccf25a79a013930185f87bb0096e200eb3d -> 6c335a18e8ec924b6e540f062770dee8b4a876d298846b7e10d532fe48ccf310
08:50:11.094759820 pdns=0/0/inactive/dead/ named=0/inactive/dead/ agent=0/inactive/ jphase=absent killpid=2058,3082,
08:50:11.377389921 CHANGE ledger 6c335a18e8ec924b6e540f062770dee8b4a876d298846b7e10d532fe48ccf310 -> 9aaafcb01e1c174fad8f874115132230a30a1779d4a07facd7fda0961269d8d8
08:50:11.381165890 pdns=0/0/inactive/dead/ named=0/inactive/dead/ agent=0/inactive/ jphase=absent killpid=2058,3082,
08:50:11.665375418 pdns=0/0/inactive/dead/ named=0/inactive/dead/ agent=0/inactive/ jphase=absent killpid=2058,3082,
08:50:11.936644151 pdns=0/0/inactive/dead/ named=0/inactive/dead/ agent=0/inactive/ jphase=absent killpid=2058,3082,
08:50:12.220532119 CHANGE ledger 9aaafcb01e1c174fad8f874115132230a30a1779d4a07facd7fda0961269d8d8 -> cf196c25dac287e82135f59bc090a097d4aab9e2ffbda434f5c019ee08af1fa6
08:50:12.224029115 pdns=0/0/inactive/dead/ named=0/inactive/dead/ agent=0/inactive/ jphase=absent killpid=2058,3082,
08:50:12.503480725 pdns=0/0/inactive/dead/ named=0/inactive/dead/ agent=0/inactive/ jphase=absent killpid=2058,3082,
08:50:12.795889432 pdns=0/0/inactive/dead/ named=0/inactive/dead/ agent=0/inactive/ jphase=absent killpid=2058,3082,
08:50:13.071273581 pdns=0/0/inactive/dead/ named=0/inactive/dead/ agent=0/inactive/ jphase=absent killpid=2058,3082,
08:50:13.341122208 pdns=0/0/inactive/dead/ named=0/inactive/dead/ agent=0/inactive/ jphase=absent killpid=2058,3082,
08:50:13.616754756 pdns=0/0/inactive/dead/ named=0/inactive/dead/ agent=0/inactive/ jphase=absent killpid=2058,3082,
08:50:13.889734884 pdns=0/0/inactive/dead/ named=0/inactive/dead/ agent=0/inactive/ jphase=absent killpid=2058,3082,
08:50:14.158964823 pdns=0/0/inactive/dead/ named=0/inactive/dead/ agent=0/inactive/ jphase=absent killpid=2058,3082,
08:50:14.440078383 pdns=0/0/inactive/dead/ named=0/inactive/dead/ agent=0/inactive/ jphase=absent killpid=2058,3082,
08:50:14.715242823 pdns=0/0/inactive/dead/ named=0/inactive/dead/ agent=0/inactive/ jphase=absent killpid=2058,3082,
08:50:14.987822228 pdns=0/0/inactive/dead/ named=0/inactive/dead/ agent=0/inactive/ jphase=absent killpid=2058,3082,
08:50:15.257139777 pdns=0/0/inactive/dead/ named=0/inactive/dead/ agent=0/inactive/ jphase=absent killpid=2058,3082,
08:50:15.528357112 pdns=0/0/inactive/dead/ named=0/inactive/dead/ agent=0/inactive/ jphase=absent killpid=2058,3082,
08:50:15.814390372 CHANGE ledger cf196c25dac287e82135f59bc090a097d4aab9e2ffbda434f5c019ee08af1fa6 -> 1781458e75bc760d8d13b4ff3af264d993863c2b68b9e21e61683bbaee8b747a
08:50:15.818085076 pdns=0/0/inactive/dead/ named=0/inactive/dead/ agent=0/inactive/ jphase=absent killpid=2058,3947,
08:50:16.205533268 CHANGE ledger 1781458e75bc760d8d13b4ff3af264d993863c2b68b9e21e61683bbaee8b747a -> 5c22b1347a7725bbd946454cbcf283d8801ffa8e356db562c4f055761585154b
08:50:16.210751539 pdns=0/0/inactive/dead/ named=0/inactive/dead/ agent=0/inactive/ jphase=absent killpid=2058,
08:50:16.501143473 CHANGE ledger 5c22b1347a7725bbd946454cbcf283d8801ffa8e356db562c4f055761585154b -> 44d53e8b473d10441cd6e03d322b09a73ac1a4a85b25a30f1214995c779a4b91
08:50:16.504564839 pdns=0/0/inactive/dead/ named=0/inactive/dead/ agent=0/inactive/ jphase=absent killpid=2058,
08:50:16.796019321 CHANGE ledger 44d53e8b473d10441cd6e03d322b09a73ac1a4a85b25a30f1214995c779a4b91 -> 726caa7097300c00ffc80fd9e91fb01798b3d769da7904fa929da88e59519e98
08:50:16.799261882 pdns=0/0/inactive/dead/ named=0/inactive/dead/ agent=0/inactive/ jphase=intent killpid=2058,
08:50:17.072039109 CHANGE journal absent -> d6a9ee2f774d0af09b7e30e72b253c63589b1cdfc63a5f74cbdb66b8568fe685
08:50:17.081195761 CHANGE ledger 726caa7097300c00ffc80fd9e91fb01798b3d769da7904fa929da88e59519e98 -> 97a10a8734a263b518a8ef1737c71576296c7b18fd2b5cb60dc210ebdd79fe58
08:50:17.084425660 pdns=0/0/inactive/dead/ named=0/inactive/dead/ agent=0/inactive/ jphase=intent killpid=2058,
08:50:17.353341569 pdns=0/0/inactive/dead/ named=0/inactive/dead/ agent=0/inactive/ jphase=intent killpid=2058,
08:50:17.626117331 CHANGE journal d6a9ee2f774d0af09b7e30e72b253c63589b1cdfc63a5f74cbdb66b8568fe685 -> bacb9971d07ff2a50f6ec8742c871eb279af4cfe3f146f59f6b30eadda943991
08:50:17.643021597 CHANGE ledger 97a10a8734a263b518a8ef1737c71576296c7b18fd2b5cb60dc210ebdd79fe58 -> 8822c4c677b5e5f061ed5c55d8110dc9bf5c159c80540930bcbbf9961886ffed
08:50:17.646837929 pdns=0/0/inactive/dead/ named=0/inactive/dead/ agent=0/inactive/ jphase=target-staged killpid=2058,
08:50:17.953267279 CHANGE journal bacb9971d07ff2a50f6ec8742c871eb279af4cfe3f146f59f6b30eadda943991 -> 292d61f8b2faa3c04ad7412c80151390911e4f5861ebf36774adcc385261e89f
08:50:17.964791365 CHANGE ledger 8822c4c677b5e5f061ed5c55d8110dc9bf5c159c80540930bcbbf9961886ffed -> 34252c0d3f75d34eb494501a2625c545cdfdfbc67bef78a83b29a0479b604266
08:50:17.976208605 CHANGE pdnsdb absent -> 35cdac176becb2d04628c971b5e5a7fea0c406daa97f4f841fffb5c170b17ece
08:50:17.981117446 pdns=0/0/inactive/dead/ named=0/inactive/dead/ agent=0/inactive/ jphase=target-enable-intent killpid=2058,
08:50:18.269392958 CHANGE ledger 34252c0d3f75d34eb494501a2625c545cdfdfbc67bef78a83b29a0479b604266 -> 36a4675174958a47fb3f61acbe967e3020b61aa139f8920e94c035982e90126e
08:50:18.287995803 pdns=0/0/inactive/dead/ named=0/inactive/dead/ agent=0/inactive/ jphase=target-enable-intent killpid=2058,4700,
08:50:18.748383230 CHANGE ledger 36a4675174958a47fb3f61acbe967e3020b61aa139f8920e94c035982e90126e -> f3e066faecc9ee98c563b56cd8a4ef10c93c8c10b2a64216c0194db50ab2618b
08:50:18.756038270 pdns=0/0/inactive/dead/ named=0/inactive/dead/ agent=0/inactive/ jphase=target-enable-intent killpid=2058,
08:50:19.267524348 CHANGE ledger f3e066faecc9ee98c563b56cd8a4ef10c93c8c10b2a64216c0194db50ab2618b -> bca73118426c53ab89611aa73e421bf65d3a6f5328a1c41c383552c4bd70a949
08:50:19.286965955 pdns=0/0/inactive/dead/ named=0/inactive/dead/ agent=0/inactive/ jphase=target-enable-intent killpid=2058,
08:50:19.571701760 CHANGE ledger bca73118426c53ab89611aa73e421bf65d3a6f5328a1c41c383552c4bd70a949 -> cb234f374089b3df7b75acd6681bc1ffb82ed19e9c39a8795babb5d59ffbaf1d
08:50:19.581847997 pdns=0/0/inactive/dead/ named=0/inactive/dead/ agent=0/inactive/ jphase=target-enable-intent killpid=2058,5085,
08:50:19.969078102 CHANGE ledger cb234f374089b3df7b75acd6681bc1ffb82ed19e9c39a8795babb5d59ffbaf1d -> 281444ee42b125cf486f74f6f1322cfb8d3ae48aa1a6b659b1b9693d44e438a7
08:50:19.984051799 pdns=0/0/inactive/dead/ named=0/inactive/dead/ agent=0/inactive/ jphase=target-enable-intent killpid=2058,
08:50:20.274108207 CHANGE ledger 281444ee42b125cf486f74f6f1322cfb8d3ae48aa1a6b659b1b9693d44e438a7 -> da9a692d44d3ab5b12aaecc11b66a98a3e6ece636a1328f194cd1060687b36b1
08:50:20.283206850 pdns=0/0/inactive/dead/ named=0/inactive/dead/ agent=0/inactive/ jphase=target-enable-intent killpid=2058,5307,
08:50:20.558893976 CHANGE ledger da9a692d44d3ab5b12aaecc11b66a98a3e6ece636a1328f194cd1060687b36b1 -> 0a1c5e89d5616d6b3cf7415931ffa90ce941fd790cd2e23fa6f131e9a7eabc62
08:50:20.570349107 CHANGE pdnsdb 35cdac176becb2d04628c971b5e5a7fea0c406daa97f4f841fffb5c170b17ece -> 687ea661ee7328224df234483d28914d6cd81913445c421eb2ccaef6eb399ddb
08:50:20.573884013 pdns=5345/0/active/running/ named=0/inactive/dead/ agent=0/inactive/ jphase=target-started killpid=2058,
08:50:20.847064123 CHANGE journal 292d61f8b2faa3c04ad7412c80151390911e4f5861ebf36774adcc385261e89f -> f58f5b3607fd3fbce1c0086946a9c1f27be2a6b65be6176ff7d59c5d9d1abdc0
08:50:20.856807059 CHANGE ledger 0a1c5e89d5616d6b3cf7415931ffa90ce941fd790cd2e23fa6f131e9a7eabc62 -> a24a5ecba168e6a1a51b050704966145dcd9b15f06a6bf6b392931965dab7871
08:50:20.868659644 CHANGE pdnsdb 687ea661ee7328224df234483d28914d6cd81913445c421eb2ccaef6eb399ddb -> 8cc6e813400ce0b1449e49fad4ef304ac88fd3e10c9333ecb6aadc9ee10d4f2a
08:50:20.872369070 pdns=5345/0/active/running/ named=0/inactive/dead/ agent=5447/active/ jphase=target-started killpid=
08:50:21.248386101 pdns=5345/0/active/running/ named=0/inactive/dead/ agent=5447/active/ jphase=target-started killpid=
08:50:21.528527308 pdns=5345/0/active/running/ named=0/inactive/dead/ agent=5447/active/ jphase=target-started killpid=
08:50:21.820255218 pdns=5345/0/active/running/ named=0/inactive/dead/ agent=5447/active/ jphase=target-started killpid=
08:50:22.111562328 CHANGE journal f58f5b3607fd3fbce1c0086946a9c1f27be2a6b65be6176ff7d59c5d9d1abdc0 -> 8c0461591be90ca7be781ef65ac77f1982808aa7b3336c312a5221929b0409f2
08:50:22.124380157 pdns=5345/0/active/running/ named=0/inactive/dead/ agent=5447/active/ jphase=target-started killpid=
08:50:22.404867721 pdns=5345/0/active/running/ named=0/inactive/dead/ agent=5447/active/ jphase=target-started killpid=
08:50:22.693641834 pdns=5345/0/active/running/ named=0/inactive/dead/ agent=5447/active/ jphase=target-started killpid=
08:50:22.991208421 pdns=5345/0/active/running/ named=0/inactive/dead/ agent=5447/active/ jphase=target-started killpid=
08:50:23.284548736 pdns=5345/0/active/running/ named=0/inactive/dead/ agent=5447/active/ jphase=target-started killpid=
08:50:23.594216580 pdns=5345/0/active/running/ named=0/inactive/dead/ agent=5447/active/ jphase=target-started killpid=
08:50:23.896363884 pdns=5345/0/active/running/ named=0/inactive/dead/ agent=5447/active/ jphase=target-started killpid=
08:50:24.193268150 pdns=5345/0/active/running/ named=0/inactive/dead/ agent=5447/active/ jphase=target-started killpid=
08:50:24.488733114 CHANGE state absent -> b9d83ffe8a6d99833b591ffb92c0e04da9f79c0e954cbfcb9c995bf4abb9fca8
08:50:24.497512448 pdns=5345/0/active/running/ named=0/inactive/dead/ agent=5447/active/ jphase=target-started killpid=
08:50:24.796939254 pdns=5345/0/active/running/ named=0/inactive/dead/ agent=5447/active/ jphase=target-started killpid=
08:50:25.091802530 pdns=5345/0/active/running/ named=0/inactive/dead/ agent=5447/active/ jphase=target-started killpid=
08:50:25.382471439 pdns=5345/0/active/running/ named=0/inactive/dead/ agent=5447/active/ jphase=target-started killpid=
08:50:25.670681329 pdns=5345/0/active/running/ named=0/inactive/dead/ agent=5447/active/ jphase=target-started killpid=
08:50:25.982480929 pdns=5345/0/active/running/ named=0/inactive/dead/ agent=5447/active/ jphase=target-started killpid=
08:50:26.270893224 pdns=5345/0/active/running/ named=0/inactive/dead/ agent=5447/active/ jphase=target-started killpid=
08:50:26.554271181 CHANGE journal 8c0461591be90ca7be781ef65ac77f1982808aa7b3336c312a5221929b0409f2 -> d638a8470b39be4ec1fcf4effe6c4bc1558972f58cfc70c9c62ee940475323c1
08:50:26.570840638 pdns=5345/0/active/running/ named=0/inactive/dead/ agent=5447/active/ jphase=target-verified killpid=
08:50:26.875326425 pdns=5345/0/active/running/ named=0/inactive/dead/ agent=5447/active/ jphase=target-verified killpid=
08:50:27.176513943 pdns=5345/0/active/running/ named=0/inactive/dead/ agent=5447/active/ jphase=target-verified killpid=
08:50:27.476564171 pdns=5345/0/active/running/ named=0/inactive/dead/ agent=5447/active/ jphase=target-verified killpid=
08:50:27.767429277 pdns=5345/0/active/running/ named=0/inactive/dead/ agent=5447/active/ jphase=target-verified killpid=
08:50:28.062877656 pdns=5345/0/active/running/ named=0/inactive/dead/ agent=5447/active/ jphase=target-verified killpid=
08:50:28.352531802 pdns=5345/0/active/running/ named=0/inactive/dead/ agent=5447/active/ jphase=target-verified killpid=
08:50:28.653216364 pdns=5345/0/active/running/ named=0/inactive/dead/ agent=5447/active/ jphase=target-verified killpid=
08:50:28.954713889 CHANGE journal d638a8470b39be4ec1fcf4effe6c4bc1558972f58cfc70c9c62ee940475323c1 -> 5d646323eee9ef993533939ea615cd5c4671561c52095ea2ee3e5c4cbda0d9d8
08:50:28.977319434 pdns=5345/0/active/running/ named=0/inactive/dead/ agent=5447/active/ jphase=committed killpid=
08:50:29.280491542 pdns=5345/0/active/running/ named=0/inactive/dead/ agent=5447/active/ jphase=committed killpid=
08:50:29.581259858 pdns=5345/0/active/running/ named=0/inactive/dead/ agent=5447/active/ jphase=committed killpid=
08:50:29.876543591 pdns=5345/0/active/running/ named=0/inactive/dead/ agent=5447/active/ jphase=committed killpid=
08:50:30.171485991 pdns=5345/0/active/running/ named=0/inactive/dead/ agent=5447/active/ jphase=committed killpid=
08:50:30.478368036 pdns=5345/0/active/running/ named=0/inactive/dead/ agent=5447/active/ jphase=committed killpid=
08:50:30.766895348 pdns=5345/0/active/running/ named=0/inactive/dead/ agent=5447/active/ jphase=committed killpid=
08:50:31.071738099 pdns=5345/0/active/running/ named=0/inactive/dead/ agent=5447/active/ jphase=committed killpid=
08:50:31.369298841 pdns=5345/0/active/running/ named=0/inactive/dead/ agent=5447/active/ jphase=committed killpid=
08:50:31.671208567 pdns=5345/0/active/running/ named=0/inactive/dead/ agent=5447/active/ jphase=committed killpid=
08:50:31.966724531 pdns=5345/0/active/running/ named=0/inactive/dead/ agent=5447/active/ jphase=committed killpid=
08:50:32.241470211 CHANGE journal 5d646323eee9ef993533939ea615cd5c4671561c52095ea2ee3e5c4cbda0d9d8 -> absent
08:50:32.257876880 pdns=5345/0/active/running/ named=0/inactive/dead/ agent=5447/active/ jphase=absent killpid=
08:50:32.550914506 pdns=5345/0/active/running/ named=0/inactive/dead/ agent=5447/active/ jphase=absent killpid=
08:50:32.823186165 CHANGE ledger a24a5ecba168e6a1a51b050704966145dcd9b15f06a6bf6b392931965dab7871 -> f989c2df7f4f3aac7a5d466860e1e3eca961d59be42b61bae2103d82a0c50de3
08:50:32.834261236 pdns=5345/0/active/running/ named=0/inactive/dead/ agent=5447/active/ jphase=absent killpid=
08:50:33.127055996 pdns=5345/0/active/running/ named=0/inactive/dead/ agent=5447/active/ jphase=absent killpid=
08:50:33.432168892 pdns=5345/0/active/running/ named=0/inactive/dead/ agent=5447/active/ jphase=absent killpid=
08:50:33.705316781 pdns=5345/0/active/running/ named=0/inactive/dead/ agent=5447/active/ jphase=absent killpid=
08:50:33.983551096 pdns=5345/0/active/running/ named=0/inactive/dead/ agent=5447/active/ jphase=absent killpid=
08:50:34.256448351 pdns=5345/0/active/running/ named=0/inactive/dead/ agent=5447/active/ jphase=absent killpid=
08:50:34.529583588 pdns=5345/0/active/running/ named=0/inactive/dead/ agent=5447/active/ jphase=absent killpid=
08:50:34.804453299 pdns=5345/0/active/running/ named=0/inactive/dead/ agent=5447/active/ jphase=absent killpid=
08:50:35.078897449 pdns=5345/0/active/running/ named=0/inactive/dead/ agent=5447/active/ jphase=absent killpid=
08:50:35.350926476 pdns=5345/0/active/running/ named=0/inactive/dead/ agent=5447/active/ jphase=absent killpid=
08:50:35.624530319 pdns=5345/0/active/running/ named=0/inactive/dead/ agent=5447/active/ jphase=absent killpid=
08:50:35.901715370 pdns=5345/0/active/running/ named=0/inactive/dead/ agent=5447/active/ jphase=absent killpid=
08:50:36.175672467 pdns=5345/0/active/running/ named=0/inactive/dead/ agent=5447/active/ jphase=absent killpid=
08:50:36.448626278 pdns=5345/0/active/running/ named=0/inactive/dead/ agent=5447/active/ jphase=absent killpid=
08:50:36.721580180 pdns=5345/0/active/running/ named=0/inactive/dead/ agent=5447/active/ jphase=absent killpid=
08:50:36.996543404 pdns=5345/0/active/running/ named=0/inactive/dead/ agent=5447/active/ jphase=absent killpid=
08:50:37.270028393 pdns=5345/0/active/running/ named=0/inactive/dead/ agent=5447/active/ jphase=absent killpid=
08:50:37.546371677 pdns=5345/0/active/running/ named=0/inactive/dead/ agent=5447/active/ jphase=absent killpid=
08:50:37.827147284 pdns=5345/0/active/running/ named=0/inactive/dead/ agent=5447/active/ jphase=absent killpid=
08:50:38.101262684 pdns=5345/0/active/running/ named=0/inactive/dead/ agent=5447/active/ jphase=absent killpid=
08:50:38.374486466 pdns=5345/0/active/running/ named=0/inactive/dead/ agent=5447/active/ jphase=absent killpid=
08:50:38.649383329 pdns=5345/0/active/running/ named=0/inactive/dead/ agent=5447/active/ jphase=absent killpid=
08:50:38.926401356 pdns=5345/0/active/running/ named=0/inactive/dead/ agent=5447/active/ jphase=absent killpid=
08:50:39.205868515 pdns=5345/0/active/running/ named=0/inactive/dead/ agent=5447/active/ jphase=absent killpid=
08:50:39.485952380 pdns=5345/0/active/running/ named=0/inactive/dead/ agent=5447/active/ jphase=absent killpid=
08:50:39.763047700 pdns=5345/0/active/running/ named=0/inactive/dead/ agent=5447/active/ jphase=absent killpid=
08:50:40.036284173 pdns=5345/0/active/running/ named=0/inactive/dead/ agent=5447/active/ jphase=absent killpid=
08:50:40.309032934 pdns=5345/0/active/running/ named=0/inactive/dead/ agent=5447/active/ jphase=absent killpid=
08:50:40.584935887 pdns=5345/0/active/running/ named=0/inactive/dead/ agent=5447/active/ jphase=absent killpid=
08:50:40.862363045 pdns=5345/0/active/running/ named=0/inactive/dead/ agent=5447/active/ jphase=absent killpid=
08:50:41.144669863 pdns=5345/0/active/running/ named=0/inactive/dead/ agent=5447/active/ jphase=absent killpid=
08:50:41.418332429 pdns=5345/0/active/running/ named=0/inactive/dead/ agent=5447/active/ jphase=absent killpid=
08:50:41.694778943 pdns=5345/0/active/running/ named=0/inactive/dead/ agent=5447/active/ jphase=absent killpid=
08:50:41.969372917 pdns=5345/0/active/running/ named=0/inactive/dead/ agent=5447/active/ jphase=absent killpid=
08:50:42.242796019 pdns=5345/0/active/running/ named=0/inactive/dead/ agent=5447/active/ jphase=absent killpid=
08:50:42.516277965 pdns=5345/0/active/running/ named=0/inactive/dead/ agent=5447/active/ jphase=absent killpid=
08:50:42.791003022 pdns=5345/0/active/running/ named=0/inactive/dead/ agent=5447/active/ jphase=absent killpid=
08:50:43.064236112 pdns=5345/0/active/running/ named=0/inactive/dead/ agent=5447/active/ jphase=absent killpid=
08:50:43.340742550 pdns=5345/0/active/running/ named=0/inactive/dead/ agent=5447/active/ jphase=absent killpid=
08:50:43.613574229 pdns=5345/0/active/running/ named=0/inactive/dead/ agent=5447/active/ jphase=absent killpid=
08:50:43.885393215 pdns=5345/0/active/running/ named=0/inactive/dead/ agent=5447/active/ jphase=absent killpid=
08:50:44.157554792 pdns=5345/0/active/running/ named=0/inactive/dead/ agent=5447/active/ jphase=absent killpid=
08:50:44.436148179 pdns=5345/0/active/running/ named=0/inactive/dead/ agent=5447/active/ jphase=absent killpid=
08:50:44.710793011 pdns=5345/0/active/running/ named=0/inactive/dead/ agent=5447/active/ jphase=absent killpid=
08:50:44.984541593 pdns=5345/0/active/running/ named=0/inactive/dead/ agent=5447/active/ jphase=absent killpid=
08:50:45.259872055 pdns=5345/0/active/running/ named=0/inactive/dead/ agent=5447/active/ jphase=absent killpid=
08:50:45.534584364 pdns=5345/0/active/running/ named=0/inactive/dead/ agent=5447/active/ jphase=absent killpid=
08:50:45.807080093 pdns=5345/0/active/running/ named=0/inactive/dead/ agent=5447/active/ jphase=absent killpid=
08:50:46.077891098 pdns=5345/0/active/running/ named=0/inactive/dead/ agent=5447/active/ jphase=absent killpid=
08:50:46.348932689 pdns=5345/0/active/running/ named=0/inactive/dead/ agent=5447/active/ jphase=absent killpid=
08:50:46.620730639 pdns=5345/0/active/running/ named=0/inactive/dead/ agent=5447/active/ jphase=absent killpid=
08:50:46.893031572 pdns=5345/0/active/running/ named=0/inactive/dead/ agent=5447/active/ jphase=absent killpid=
08:50:47.168905369 pdns=5345/0/active/running/ named=0/inactive/dead/ agent=5447/active/ jphase=absent killpid=
08:50:47.443028089 pdns=5345/0/active/running/ named=0/inactive/dead/ agent=5447/active/ jphase=absent killpid=
08:50:47.715330317 pdns=5345/0/active/running/ named=0/inactive/dead/ agent=5447/active/ jphase=absent killpid=
08:50:47.994997060 pdns=5345/0/active/running/ named=0/inactive/dead/ agent=5447/active/ jphase=absent killpid=
08:50:48.270598073 pdns=5345/0/active/running/ named=0/inactive/dead/ agent=5447/active/ jphase=absent killpid=
08:50:48.542997084 pdns=5345/0/active/running/ named=0/inactive/dead/ agent=5447/active/ jphase=absent killpid=
08:50:48.824138370 pdns=5345/0/active/running/ named=0/inactive/dead/ agent=5447/active/ jphase=absent killpid=
08:50:49.096917296 pdns=5345/0/active/running/ named=0/inactive/dead/ agent=5447/active/ jphase=absent killpid=
08:50:49.369443590 pdns=5345/0/active/running/ named=0/inactive/dead/ agent=5447/active/ jphase=absent killpid=
08:50:49.644197791 pdns=5345/0/active/running/ named=0/inactive/dead/ agent=5447/active/ jphase=absent killpid=
08:50:49.923027641 pdns=5345/0/active/running/ named=0/inactive/dead/ agent=5447/active/ jphase=absent killpid=
08:50:50.203186389 pdns=5345/0/active/running/ named=0/inactive/dead/ agent=5447/active/ jphase=absent killpid=
08:50:50.477348072 pdns=5345/0/active/running/ named=0/inactive/dead/ agent=5447/active/ jphase=absent killpid=
08:50:50.749062020 pdns=5345/0/active/running/ named=0/inactive/dead/ agent=5447/active/ jphase=absent killpid=
08:50:51.022282334 pdns=5345/0/active/running/ named=0/inactive/dead/ agent=5447/active/ jphase=absent killpid=
08:50:51.297316380 pdns=5345/0/active/running/ named=0/inactive/dead/ agent=5447/active/ jphase=absent killpid=
08:50:51.599280642 pdns=5345/0/active/running/ named=0/inactive/dead/ agent=5447/active/ jphase=absent killpid=
08:50:51.876634414 pdns=5345/0/active/running/ named=0/inactive/dead/ agent=5447/active/ jphase=absent killpid=
08:50:52.148771791 pdns=5345/0/active/running/ named=0/inactive/dead/ agent=5447/active/ jphase=absent killpid=
08:50:52.422999193 pdns=5345/0/active/running/ named=0/inactive/dead/ agent=5447/active/ jphase=absent killpid=
08:50:52.698333550 pdns=5345/0/active/running/ named=0/inactive/dead/ agent=5447/active/ jphase=absent killpid=
08:50:52.970536707 pdns=5345/0/active/running/ named=0/inactive/dead/ agent=5447/active/ jphase=absent killpid=
08:50:53.245034530 pdns=5345/0/active/running/ named=0/inactive/dead/ agent=5447/active/ jphase=absent killpid=
08:50:53.519703135 pdns=5345/0/active/running/ named=0/inactive/dead/ agent=5447/active/ jphase=absent killpid=
08:50:53.792993128 pdns=5345/0/active/running/ named=0/inactive/dead/ agent=5447/active/ jphase=absent killpid=
08:50:54.065769700 pdns=5345/0/active/running/ named=0/inactive/dead/ agent=5447/active/ jphase=absent killpid=
08:50:54.341440051 pdns=5345/0/active/running/ named=0/inactive/dead/ agent=5447/active/ jphase=absent killpid=
08:50:54.614643683 pdns=5345/0/active/running/ named=0/inactive/dead/ agent=5447/active/ jphase=absent killpid=
08:50:54.890994432 pdns=5345/0/active/running/ named=0/inactive/dead/ agent=5447/active/ jphase=absent killpid=
08:50:55.169105310 pdns=5345/0/active/running/ named=0/inactive/dead/ agent=5447/active/ jphase=absent killpid=
08:50:55.441794437 pdns=5345/0/active/running/ named=0/inactive/dead/ agent=5447/active/ jphase=absent killpid=
08:50:55.717170829 pdns=5345/0/active/running/ named=0/inactive/dead/ agent=5447/active/ jphase=absent killpid=
08:50:55.990708102 pdns=5345/0/active/running/ named=0/inactive/dead/ agent=5447/active/ jphase=absent killpid=
08:50:56.263477768 pdns=5345/0/active/running/ named=0/inactive/dead/ agent=5447/active/ jphase=absent killpid=
08:50:56.542479300 pdns=5345/0/active/running/ named=0/inactive/dead/ agent=5447/active/ jphase=absent killpid=
08:50:56.815158967 pdns=5345/0/active/running/ named=0/inactive/dead/ agent=5447/active/ jphase=absent killpid=
08:50:57.090174550 pdns=5345/0/active/running/ named=0/inactive/dead/ agent=5447/active/ jphase=absent killpid=
08:50:57.361261079 pdns=5345/0/active/running/ named=0/inactive/dead/ agent=5447/active/ jphase=absent killpid=
08:50:57.634809520 pdns=5345/0/active/running/ named=0/inactive/dead/ agent=5447/active/ jphase=absent killpid=
08:50:57.912141633 pdns=5345/0/active/running/ named=0/inactive/dead/ agent=5447/active/ jphase=absent killpid=
08:50:58.190039828 pdns=5345/0/active/running/ named=0/inactive/dead/ agent=5447/active/ jphase=absent killpid=
08:50:58.478932731 pdns=5345/0/active/running/ named=0/inactive/dead/ agent=5447/active/ jphase=absent killpid=
08:50:58.767462401 pdns=5345/0/active/running/ named=0/inactive/dead/ agent=5447/active/ jphase=absent killpid=
08:50:59.046044739 pdns=5345/0/active/running/ named=0/inactive/dead/ agent=5447/active/ jphase=absent killpid=
08:50:59.333736084 pdns=5345/0/active/running/ named=0/inactive/dead/ agent=5447/active/ jphase=absent killpid=
08:50:59.656826915 pdns=5345/0/active/running/ named=0/inactive/dead/ agent=5447/active/ jphase=absent killpid=
08:50:59.983324414 pdns=5345/0/active/running/ named=0/inactive/dead/ agent=5447/active/ jphase=absent killpid=
08:51:00.290504050 pdns=5345/0/active/running/ named=0/inactive/dead/ agent=5447/active/ jphase=absent killpid=
08:51:00.590949317 pdns=5345/0/active/running/ named=0/inactive/dead/ agent=5447/active/ jphase=absent killpid=
08:51:00.924518066 pdns=5345/0/active/running/ named=0/inactive/dead/ agent=5447/active/ jphase=absent killpid=
08:51:01.230438207 pdns=5345/0/active/running/ named=0/inactive/dead/ agent=5447/active/ jphase=absent killpid=
08:51:01.527705341 pdns=5345/0/active/running/ named=0/inactive/dead/ agent=5447/active/ jphase=absent killpid=
08:51:01.821135245 pdns=5345/0/active/running/ named=0/inactive/dead/ agent=5447/active/ jphase=absent killpid=
08:51:02.107962056 pdns=5345/0/active/running/ named=0/inactive/dead/ agent=5447/active/ jphase=absent killpid=
08:51:02.428489527 pdns=5345/0/active/running/ named=0/inactive/dead/ agent=5447/active/ jphase=absent killpid=
08:51:02.736364487 pdns=5345/0/active/running/ named=0/inactive/dead/ agent=5447/active/ jphase=absent killpid=
08:51:03.016290459 pdns=5345/0/active/running/ named=0/inactive/dead/ agent=5447/active/ jphase=absent killpid=
08:51:03.295038076 pdns=5345/0/active/running/ named=0/inactive/dead/ agent=5447/active/ jphase=absent killpid=
08:51:03.608057031 pdns=5345/0/active/running/ named=0/inactive/dead/ agent=5447/active/ jphase=absent killpid=
08:51:03.901647760 pdns=5345/0/active/running/ named=0/inactive/dead/ agent=5447/active/ jphase=absent killpid=
08:51:04.183187999 pdns=5345/0/active/running/ named=0/inactive/dead/ agent=5447/active/ jphase=absent killpid=
08:51:04.472071732 pdns=5345/0/active/running/ named=0/inactive/dead/ agent=5447/active/ jphase=absent killpid=
08:51:04.762321651 pdns=5345/0/active/running/ named=0/inactive/dead/ agent=5447/active/ jphase=absent killpid=
08:51:05.155107365 pdns=5345/0/active/running/ named=0/inactive/dead/ agent=5447/active/ jphase=absent killpid=
08:51:05.443884415 pdns=5345/0/active/running/ named=0/inactive/dead/ agent=5447/active/ jphase=absent killpid=
08:51:05.726845635 pdns=5345/0/active/running/ named=0/inactive/dead/ agent=5447/active/ jphase=absent killpid=
08:51:06.037112454 CHANGE ledger f989c2df7f4f3aac7a5d466860e1e3eca961d59be42b61bae2103d82a0c50de3 -> cc1f5e7644a8810af1eb1b95d8cc7d4bddb94771d81cb705316fec172793fa1f
08:51:06.047354926 pdns=5345/0/active/running/ named=0/inactive/dead/ agent=5447/active/ jphase=absent killpid=
08:51:06.338323710 CHANGE ledger cc1f5e7644a8810af1eb1b95d8cc7d4bddb94771d81cb705316fec172793fa1f -> c00b24e51bb979bd3804c6ed3bacadb094c719965e0e27733bad3453cbf0af43
08:51:06.352431097 pdns=5345/0/active/running/ named=0/inactive/dead/ agent=5447/active/ jphase=absent killpid=
08:51:06.661691317 CHANGE ledger c00b24e51bb979bd3804c6ed3bacadb094c719965e0e27733bad3453cbf0af43 -> 149ff07f852d3e5a5fe53afd44002c9d52a68949f1f6c3428535370cd7b4b85f
08:51:06.673979309 pdns=5345/0/active/running/ named=0/inactive/dead/ agent=5447/active/ jphase=absent killpid=
08:51:06.974910617 CHANGE ledger 149ff07f852d3e5a5fe53afd44002c9d52a68949f1f6c3428535370cd7b4b85f -> 25742828b6b91590e38998b8b78907756757c3512855ca5a1a10f51971df8295
08:51:06.985976800 pdns=5345/0/active/running/ named=0/inactive/dead/ agent=5447/active/ jphase=absent killpid=
08:51:07.278747229 CHANGE ledger 25742828b6b91590e38998b8b78907756757c3512855ca5a1a10f51971df8295 -> ab6c0c858846bac0a46a1b75ad6a182780b1a238755ca502c223c31d28096096
08:51:07.293293896 pdns=5345/0/active/running/ named=0/inactive/dead/ agent=5447/active/ jphase=absent killpid=
08:51:07.589637068 CHANGE ledger ab6c0c858846bac0a46a1b75ad6a182780b1a238755ca502c223c31d28096096 -> 55db2301364f13817019886dacd795b7c4d57fbbafb685ea2b7ff4884de75200
08:51:07.600349443 pdns=5345/0/active/running/ named=0/inactive/dead/ agent=5447/active/ jphase=absent killpid=
08:51:07.875512615 CHANGE ledger 55db2301364f13817019886dacd795b7c4d57fbbafb685ea2b7ff4884de75200 -> 5910a0a1f16589a4f17a6d5ab30fbf8823fc3e062edd3ff4ec0bb504d0e9d966
08:51:07.896704594 CHANGE pdnsdb 8cc6e813400ce0b1449e49fad4ef304ac88fd3e10c9333ecb6aadc9ee10d4f2a -> 8f094b4eacfb0c22aab1756eb468c973e1ba861fc50d72ada96b46aff9fe28fd
08:51:07.900918662 pdns=5345/0/active/running/ named=0/inactive/dead/ agent=5447/active/ jphase=absent killpid=
08:51:08.188377703 CHANGE ledger 5910a0a1f16589a4f17a6d5ab30fbf8823fc3e062edd3ff4ec0bb504d0e9d966 -> 2318336db62e306305343f6b3b1d0fb6a13275995f70e3eccd9976b75689e2af
08:51:08.200431632 pdns=5345/0/active/running/ named=0/inactive/dead/ agent=5447/active/ jphase=absent killpid=
08:51:08.490284436 CHANGE ledger 2318336db62e306305343f6b3b1d0fb6a13275995f70e3eccd9976b75689e2af -> 298a54673c09e37824ca9758bdb8b86ea0a9908a85d84ab8a9f914c9437feb6b
08:51:08.503461279 pdns=5345/0/active/running/ named=0/inactive/dead/ agent=5447/active/ jphase=absent killpid=
08:51:08.785382712 CHANGE ledger 298a54673c09e37824ca9758bdb8b86ea0a9908a85d84ab8a9f914c9437feb6b -> 5595d21363d3ba0b9248c33873914d1941e57d385366b009e101730ec7b3419b
08:51:08.798828804 pdns=5345/0/active/running/ named=0/inactive/dead/ agent=5447/active/ jphase=absent killpid=
08:51:09.094275225 CHANGE ledger 5595d21363d3ba0b9248c33873914d1941e57d385366b009e101730ec7b3419b -> 37362110487504311db26cc1fcb1cd667d9d04c7ecb65c47d1eecf1e5b2a5280
08:51:09.106287448 pdns=5345/0/active/running/ named=0/inactive/dead/ agent=5447/active/ jphase=absent killpid=
08:51:09.389413748 CHANGE ledger 37362110487504311db26cc1fcb1cd667d9d04c7ecb65c47d1eecf1e5b2a5280 -> 5e64027fae1ca625b88324882b02b3cfd2cbf937cf6babaa24c86599eac4304a
08:51:09.401610138 pdns=5345/0/active/running/ named=0/inactive/dead/ agent=5447/active/ jphase=absent killpid=
08:51:09.695728911 CHANGE ledger 5e64027fae1ca625b88324882b02b3cfd2cbf937cf6babaa24c86599eac4304a -> e447fddd3c4174fc68f1137708817ebb1677c1fd698b0dc030149354c3261953
08:51:09.705448333 pdns=5345/0/active/running/ named=0/inactive/dead/ agent=5447/active/ jphase=absent killpid=
08:51:09.984472343 pdns=5345/0/active/running/ named=0/inactive/dead/ agent=5447/active/ jphase=absent killpid=
08:51:10.262711025 CHANGE ledger e447fddd3c4174fc68f1137708817ebb1677c1fd698b0dc030149354c3261953 -> 0d0f35167b5165971f63c1a57af27cd20896c76910746991164ecb1cb6e7f906
08:51:10.273549647 pdns=5345/0/active/running/ named=0/inactive/dead/ agent=5447/active/ jphase=absent killpid=
08:51:10.546766993 pdns=5345/0/active/running/ named=0/inactive/dead/ agent=5447/active/ jphase=absent killpid=
08:51:10.826094623 pdns=5345/0/active/running/ named=0/inactive/dead/ agent=5447/active/ jphase=absent killpid=
08:51:11.106556207 pdns=5345/0/active/running/ named=0/inactive/dead/ agent=5447/active/ jphase=absent killpid=
08:51:11.387732597 pdns=5345/0/active/running/ named=0/inactive/dead/ agent=5447/active/ jphase=absent killpid=
08:51:11.662631864 pdns=5345/0/active/running/ named=0/inactive/dead/ agent=5447/active/ jphase=absent killpid=
08:51:11.938876406 pdns=5345/0/active/running/ named=0/inactive/dead/ agent=5447/active/ jphase=absent killpid=
08:51:12.214871235 pdns=5345/0/active/running/ named=0/inactive/dead/ agent=5447/active/ jphase=absent killpid=
08:51:12.495670293 pdns=5345/0/active/running/ named=0/inactive/dead/ agent=5447/active/ jphase=absent killpid=
08:51:12.785463601 pdns=5345/0/active/running/ named=0/inactive/dead/ agent=5447/active/ jphase=absent killpid=
08:51:13.064745047 pdns=5345/0/active/running/ named=0/inactive/dead/ agent=5447/active/ jphase=absent killpid=
08:51:13.336567708 pdns=5345/0/active/running/ named=0/inactive/dead/ agent=5447/active/ jphase=absent killpid=
08:51:13.620680367 CHANGE ledger 0d0f35167b5165971f63c1a57af27cd20896c76910746991164ecb1cb6e7f906 -> eb4b6442fd325dad6f85215e99b4ae970d62547aa5aa6d748720adfe885c7568
08:51:13.633521341 pdns=5345/0/active/running/ named=0/inactive/dead/ agent=5447/active/ jphase=absent killpid=
08:51:13.917107662 CHANGE ledger eb4b6442fd325dad6f85215e99b4ae970d62547aa5aa6d748720adfe885c7568 -> 2b01c6920b1bf1bd8f5623c2559c017062f832552fc1d878a549e9cef291a32c
08:51:13.928409106 pdns=5345/0/active/running/ named=0/inactive/dead/ agent=5447/active/ jphase=absent killpid=
08:51:14.207749613 CHANGE ledger 2b01c6920b1bf1bd8f5623c2559c017062f832552fc1d878a549e9cef291a32c -> 9187240c6c8676912b2deeaa4c30eae8b2eeea91d7dd0f912bf9bb4dd076a328
08:51:14.219196023 pdns=5345/0/active/running/ named=0/inactive/dead/ agent=5447/active/ jphase=absent killpid=
08:51:14.501628823 CHANGE ledger 9187240c6c8676912b2deeaa4c30eae8b2eeea91d7dd0f912bf9bb4dd076a328 -> 9f44dbc611ff316c1ae4bfb438bbc33d2eb6772a985ad7ee234aaa2d25309494
08:51:14.512505409 pdns=5345/0/active/running/ named=0/inactive/dead/ agent=5447/active/ jphase=absent killpid=
08:51:14.807448915 CHANGE ledger 9f44dbc611ff316c1ae4bfb438bbc33d2eb6772a985ad7ee234aaa2d25309494 -> f405093b9b18857571cb07f129b01220a2a656ff2b9efa096aceac7958a79390
08:51:14.819352107 pdns=5345/0/active/running/ named=0/inactive/dead/ agent=5447/active/ jphase=absent killpid=
08:51:15.106891556 CHANGE ledger f405093b9b18857571cb07f129b01220a2a656ff2b9efa096aceac7958a79390 -> 26ed80a7beffa3364cba12027f900b6c70926f0b2f505fc9a2955f04a62835fb
08:51:15.121640426 pdns=5345/0/active/running/ named=0/inactive/dead/ agent=5447/active/ jphase=absent killpid=
08:51:15.403961503 CHANGE ledger 26ed80a7beffa3364cba12027f900b6c70926f0b2f505fc9a2955f04a62835fb -> 4bd6e71349b741208343bae6f78dd89eb8c986ec87d8efd8d2fd3616baa6b40d
08:51:15.422417047 CHANGE pdnsdb 8f094b4eacfb0c22aab1756eb468c973e1ba861fc50d72ada96b46aff9fe28fd -> 41da2a06a4608e008de49c9ef7904b55856db075aa6cf1ce3e2ee0b8923ca75c
08:51:15.425945425 pdns=5345/0/active/running/ named=0/inactive/dead/ agent=5447/active/ jphase=absent killpid=
08:51:15.710948219 CHANGE ledger 4bd6e71349b741208343bae6f78dd89eb8c986ec87d8efd8d2fd3616baa6b40d -> a7fdbc7097dc7cea03b762bd7da21e3e8264e38a9b1f57124aa3c6862e39c3fe
08:51:15.721676101 pdns=5345/0/active/running/ named=0/inactive/dead/ agent=5447/active/ jphase=absent killpid=
08:51:16.016598947 CHANGE ledger a7fdbc7097dc7cea03b762bd7da21e3e8264e38a9b1f57124aa3c6862e39c3fe -> 6bb52f1d9e0bda7d8f3e3937a1d3c5105c6d52bc9ea6fe28ad9b5ad7c8b65771
08:51:16.029059196 pdns=5345/0/active/running/ named=0/inactive/dead/ agent=5447/active/ jphase=absent killpid=
08:51:16.330903600 CHANGE ledger 6bb52f1d9e0bda7d8f3e3937a1d3c5105c6d52bc9ea6fe28ad9b5ad7c8b65771 -> c54f30701c2db6f1493a1ff5edaba1b5387e749faed28d3403a2ecd4605d025d
08:51:16.342160188 pdns=5345/0/active/running/ named=0/inactive/dead/ agent=5447/active/ jphase=absent killpid=
08:51:16.642679303 CHANGE ledger c54f30701c2db6f1493a1ff5edaba1b5387e749faed28d3403a2ecd4605d025d -> 78403945bb80ac3be92e9c419a3dc743fd6daceff599992063ee4dab07d88831
08:51:16.656113117 pdns=5345/0/active/running/ named=0/inactive/dead/ agent=5447/active/ jphase=absent killpid=
08:51:16.958482689 CHANGE ledger 78403945bb80ac3be92e9c419a3dc743fd6daceff599992063ee4dab07d88831 -> 098331a3cb0e1f6dc2cfd6abeb21cb20727ef0c22aba7109fc53a0170f010537
08:51:16.970938149 pdns=5345/0/active/running/ named=0/inactive/dead/ agent=5447/active/ jphase=absent killpid=
08:51:17.263312804 CHANGE ledger 098331a3cb0e1f6dc2cfd6abeb21cb20727ef0c22aba7109fc53a0170f010537 -> 1e399305d74ad0aded6225dabec95a780f532de4a8ea305390b6857c34102f1f
08:51:17.273872342 pdns=5345/0/active/running/ named=0/inactive/dead/ agent=5447/active/ jphase=absent killpid=
08:51:17.547101946 CHANGE ledger 1e399305d74ad0aded6225dabec95a780f532de4a8ea305390b6857c34102f1f -> 2d186cda61068fdd9004d3a1c103eae3bd0dc89bc4d2cbecf321b674da9c2002
08:51:17.557608052 pdns=5345/0/active/running/ named=0/inactive/dead/ agent=5447/active/ jphase=absent killpid=
08:51:17.834978880 pdns=5345/0/active/running/ named=0/inactive/dead/ agent=5447/active/ jphase=absent killpid=
08:51:18.112879075 pdns=5345/0/active/running/ named=0/inactive/dead/ agent=5447/active/ jphase=absent killpid=
08:51:18.390483452 pdns=5345/0/active/running/ named=0/inactive/dead/ agent=5447/active/ jphase=absent killpid=
08:51:18.666032046 pdns=5345/0/active/running/ named=0/inactive/dead/ agent=5447/active/ jphase=absent killpid=
08:51:18.944864974 pdns=5345/0/active/running/ named=0/inactive/dead/ agent=5447/active/ jphase=absent killpid=
08:51:19.217669960 pdns=5345/0/active/running/ named=0/inactive/dead/ agent=5447/active/ jphase=absent killpid=
08:51:19.494177505 pdns=5345/0/active/running/ named=0/inactive/dead/ agent=5447/active/ jphase=absent killpid=
08:51:19.790528398 pdns=5345/0/active/running/ named=0/inactive/dead/ agent=5447/active/ jphase=absent killpid=
08:51:20.066637407 pdns=5345/0/active/running/ named=0/inactive/dead/ agent=5447/active/ jphase=absent killpid=
08:51:20.343372240 pdns=5345/0/active/running/ named=0/inactive/dead/ agent=5447/active/ jphase=absent killpid=
08:51:20.616642607 pdns=5345/0/active/running/ named=0/inactive/dead/ agent=5447/active/ jphase=absent killpid=
08:51:20.907385589 CHANGE pdnsdb 41da2a06a4608e008de49c9ef7904b55856db075aa6cf1ce3e2ee0b8923ca75c -> 8a171458d4fda1b98817e1be69ee59194abd1b8ed0fd644d7e09fbff136eed42
08:51:20.911591179 pdns=5345/0/active/running/ named=0/inactive/dead/ agent=5447/active/ jphase=absent killpid=
08:51:21.202607606 CHANGE ledger 2d186cda61068fdd9004d3a1c103eae3bd0dc89bc4d2cbecf321b674da9c2002 -> 70deceeffb9c9fb27974ab7202ce12cfcce7f1005486f36c09b4b85a2b8394bd
08:51:21.220664959 pdns=5345/0/active/running/ named=0/inactive/dead/ agent=5447/active/ jphase=absent killpid=
08:51:21.511586546 CHANGE ledger 70deceeffb9c9fb27974ab7202ce12cfcce7f1005486f36c09b4b85a2b8394bd -> 0ee55073960adbbf77ac194d26bcfc7f8bf6a24463260d1391f5a00e338455f4
08:51:21.529432646 pdns=5345/0/active/running/ named=0/inactive/dead/ agent=5447/active/ jphase=absent killpid=
08:51:21.835753717 CHANGE ledger 0ee55073960adbbf77ac194d26bcfc7f8bf6a24463260d1391f5a00e338455f4 -> af311fd46a5223aecbfde7e1635b4b7ed48ca28576eed53bc6c4e4f507bb0b86
08:51:21.849319371 pdns=5345/0/active/running/ named=0/inactive/dead/ agent=5447/active/ jphase=absent killpid=
08:51:22.149441001 CHANGE ledger af311fd46a5223aecbfde7e1635b4b7ed48ca28576eed53bc6c4e4f507bb0b86 -> 993e11e25da9ef6b7b24771f6df271c978c37d66fc49a028ea3286d8b1043ac6
08:51:22.164921557 pdns=5345/0/active/running/ named=0/inactive/dead/ agent=5447/active/ jphase=absent killpid=
08:51:22.465930228 CHANGE ledger 993e11e25da9ef6b7b24771f6df271c978c37d66fc49a028ea3286d8b1043ac6 -> 37880c59ba548ca4703e47a0a6bb61e2002829f44d27160a38c595117be0f341
08:51:22.482033051 CHANGE pdnsdb 8a171458d4fda1b98817e1be69ee59194abd1b8ed0fd644d7e09fbff136eed42 -> 704e66637d08d2f454745356b9ab3414795e69ab3b455aec0d63cba60527de37
08:51:22.485345066 pdns=5345/0/active/running/ named=0/inactive/dead/ agent=5447/active/ jphase=absent killpid=
08:51:22.795723246 CHANGE ledger 37880c59ba548ca4703e47a0a6bb61e2002829f44d27160a38c595117be0f341 -> 811be45a8f3bb4bf5ff1ea35b15ea4bfb28bff61246f6660e830213167b81d84
08:51:22.813207216 pdns=5345/0/active/running/ named=0/inactive/dead/ agent=5447/active/ jphase=absent killpid=
08:51:23.119152299 CHANGE ledger 811be45a8f3bb4bf5ff1ea35b15ea4bfb28bff61246f6660e830213167b81d84 -> 37bd97e9a1905b00d5d410463309da6c754098e331e39697014c8868d8e830c8
08:51:23.138141034 pdns=5345/0/active/running/ named=0/inactive/dead/ agent=5447/active/ jphase=absent killpid=
08:51:23.442972402 CHANGE ledger 37bd97e9a1905b00d5d410463309da6c754098e331e39697014c8868d8e830c8 -> 1bc6a6cd41ff37c384a4a44ab5b5f8dc11cfd2b0126ce685f25a1111b09d31d2
08:51:23.459405739 pdns=5345/0/active/running/ named=0/inactive/dead/ agent=5447/active/ jphase=absent killpid=
08:51:23.756485837 CHANGE ledger 1bc6a6cd41ff37c384a4a44ab5b5f8dc11cfd2b0126ce685f25a1111b09d31d2 -> 52fa93af708c02192e4aa2468fb81f433d8d8f75a50dae1921ee6c4fabd7c5d5
08:51:23.767817495 pdns=5345/0/active/running/ named=0/inactive/dead/ agent=5447/active/ jphase=absent killpid=
08:51:24.062745490 pdns=5345/0/active/running/ named=0/inactive/dead/ agent=5447/active/ jphase=absent killpid=
08:51:24.339525260 pdns=5345/0/active/running/ named=0/inactive/dead/ agent=5447/active/ jphase=absent killpid=
08:51:24.622013749 pdns=5345/0/active/running/ named=0/inactive/dead/ agent=5447/active/ jphase=absent killpid=
08:51:24.917629228 pdns=5345/0/active/running/ named=0/inactive/dead/ agent=5447/active/ jphase=absent killpid=
08:51:25.249039811 pdns=5345/0/active/running/ named=0/inactive/dead/ agent=5447/active/ jphase=absent killpid=
08:51:25.573109151 pdns=5345/0/active/running/ named=0/inactive/dead/ agent=5447/active/ jphase=absent killpid=
08:51:25.874893805 pdns=5345/0/active/running/ named=0/inactive/dead/ agent=5447/active/ jphase=absent killpid=
08:51:26.157494951 CHANGE ledger 52fa93af708c02192e4aa2468fb81f433d8d8f75a50dae1921ee6c4fabd7c5d5 -> 406e26d06cc08facf2731729be2583d9e11803f78cc5992122f5ba9410d6caca
08:51:26.175485182 pdns=5345/0/active/running/ named=0/inactive/dead/ agent=5447/active/ jphase=absent killpid=
08:51:26.506861825 pdns=5345/0/active/running/ named=0/inactive/dead/ agent=5447/active/ jphase=absent killpid=
08:51:26.831644419 pdns=5345/0/active/running/ named=0/inactive/dead/ agent=5447/active/ jphase=absent killpid=
08:51:27.142458601 CHANGE ledger 406e26d06cc08facf2731729be2583d9e11803f78cc5992122f5ba9410d6caca -> 2e7f194fc9160ee2fbe6526170c7f33201c7e84309321cf2e68fb67c7dc21eb3
08:51:27.153920416 pdns=5345/0/active/running/ named=0/inactive/dead/ agent=5447/active/ jphase=absent killpid=
08:51:27.446473997 pdns=5345/0/active/running/ named=0/inactive/dead/ agent=5447/active/ jphase=absent killpid=
08:51:27.724867064 pdns=5345/0/active/running/ named=0/inactive/dead/ agent=5447/active/ jphase=absent killpid=
08:51:28.001620255 pdns=5345/0/active/running/ named=0/inactive/dead/ agent=5447/active/ jphase=absent killpid=
08:51:28.279686594 pdns=5345/0/active/running/ named=0/inactive/dead/ agent=5447/active/ jphase=absent killpid=
08:51:28.565369577 pdns=5345/0/active/running/ named=0/inactive/dead/ agent=5447/active/ jphase=absent killpid=
08:51:28.854688152 pdns=5345/0/active/running/ named=0/inactive/dead/ agent=5447/active/ jphase=absent killpid=
08:51:29.133044351 pdns=5345/0/active/running/ named=0/inactive/dead/ agent=5447/active/ jphase=absent killpid=
08:51:29.411038693 pdns=5345/0/active/running/ named=0/inactive/dead/ agent=5447/active/ jphase=absent killpid=
08:51:29.689864836 pdns=5345/0/active/running/ named=0/inactive/dead/ agent=5447/active/ jphase=absent killpid=
08:51:29.964273655 pdns=5345/0/active/running/ named=0/inactive/dead/ agent=5447/active/ jphase=absent killpid=
08:51:30.240823353 pdns=5345/0/active/running/ named=0/inactive/dead/ agent=5447/active/ jphase=absent killpid=
08:51:30.515618416 pdns=5345/0/active/running/ named=0/inactive/dead/ agent=5447/active/ jphase=absent killpid=
08:51:30.789755409 pdns=5345/0/active/running/ named=0/inactive/dead/ agent=5447/active/ jphase=absent killpid=
08:51:31.065930282 pdns=5345/0/active/running/ named=0/inactive/dead/ agent=5447/active/ jphase=absent killpid=
08:51:31.344283865 pdns=5345/0/active/running/ named=0/inactive/dead/ agent=5447/active/ jphase=absent killpid=
08:51:31.623325375 pdns=5345/0/active/running/ named=0/inactive/dead/ agent=5447/active/ jphase=absent killpid=
08:51:31.902963857 pdns=5345/0/active/running/ named=0/inactive/dead/ agent=5447/active/ jphase=absent killpid=
08:51:32.202792844 pdns=5345/0/active/running/ named=0/inactive/dead/ agent=5447/active/ jphase=absent killpid=
08:51:32.546949756 pdns=5345/0/active/running/ named=0/inactive/dead/ agent=5447/active/ jphase=absent killpid=
08:51:32.874459002 pdns=5345/0/active/running/ named=0/inactive/dead/ agent=5447/active/ jphase=absent killpid=
08:51:33.160704007 pdns=5345/0/active/running/ named=0/inactive/dead/ agent=5447/active/ jphase=absent killpid=
08:51:33.465188127 pdns=5345/0/active/running/ named=0/inactive/dead/ agent=5447/active/ jphase=absent killpid=
08:51:33.772204491 pdns=5345/0/active/running/ named=0/inactive/dead/ agent=5447/active/ jphase=absent killpid=
08:51:34.056666471 pdns=5345/0/active/running/ named=0/inactive/dead/ agent=5447/active/ jphase=absent killpid=
08:51:34.346578820 pdns=5345/0/active/running/ named=0/inactive/dead/ agent=5447/active/ jphase=absent killpid=
08:51:34.633220731 pdns=5345/0/active/running/ named=0/inactive/dead/ agent=5447/active/ jphase=absent killpid=
08:51:34.914378207 pdns=5345/0/active/running/ named=0/inactive/dead/ agent=5447/active/ jphase=absent killpid=
08:51:35.196176778 pdns=5345/0/active/running/ named=0/inactive/dead/ agent=5447/active/ jphase=absent killpid=
08:51:35.473033624 pdns=5345/0/active/running/ named=0/inactive/dead/ agent=5447/active/ jphase=absent killpid=
08:51:35.751530103 pdns=5345/0/active/running/ named=0/inactive/dead/ agent=5447/active/ jphase=absent killpid=
08:51:36.029410943 pdns=5345/0/active/running/ named=0/inactive/dead/ agent=5447/active/ jphase=absent killpid=
08:51:36.306849247 pdns=5345/0/active/running/ named=0/inactive/dead/ agent=5447/active/ jphase=absent killpid=
08:51:36.582652175 pdns=5345/0/active/running/ named=0/inactive/dead/ agent=5447/active/ jphase=absent killpid=
08:51:36.858436870 pdns=5345/0/active/running/ named=0/inactive/dead/ agent=5447/active/ jphase=absent killpid=
08:51:37.134541127 pdns=5345/0/active/running/ named=0/inactive/dead/ agent=5447/active/ jphase=absent killpid=
08:51:37.419549300 pdns=5345/0/active/running/ named=0/inactive/dead/ agent=5447/active/ jphase=absent killpid=
08:51:37.694893942 pdns=5345/0/active/running/ named=0/inactive/dead/ agent=5447/active/ jphase=absent killpid=
08:51:37.970632204 pdns=5345/0/active/running/ named=0/inactive/dead/ agent=5447/active/ jphase=absent killpid=
08:51:38.245768771 pdns=5345/0/active/running/ named=0/inactive/dead/ agent=5447/active/ jphase=absent killpid=
08:51:38.521564870 pdns=5345/0/active/running/ named=0/inactive/dead/ agent=5447/active/ jphase=absent killpid=
08:51:38.803472409 pdns=5345/0/active/running/ named=0/inactive/dead/ agent=5447/active/ jphase=absent killpid=
08:51:39.077506412 pdns=5345/0/active/running/ named=0/inactive/dead/ agent=5447/active/ jphase=absent killpid=
08:51:39.358330813 pdns=5345/0/active/running/ named=0/inactive/dead/ agent=5447/active/ jphase=absent killpid=
08:51:39.629714563 pdns=5345/0/active/running/ named=0/inactive/dead/ agent=5447/active/ jphase=absent killpid=
08:51:39.907314826 pdns=5345/0/active/running/ named=0/inactive/dead/ agent=5447/active/ jphase=absent killpid=
08:51:40.187345145 pdns=5345/0/active/running/ named=0/inactive/dead/ agent=5447/active/ jphase=absent killpid=
08:51:40.469082819 pdns=5345/0/active/running/ named=0/inactive/dead/ agent=5447/active/ jphase=absent killpid=
08:51:40.757345698 pdns=5345/0/active/running/ named=0/inactive/dead/ agent=5447/active/ jphase=absent killpid=
08:51:41.046138279 pdns=5345/0/active/running/ named=0/inactive/dead/ agent=5447/active/ jphase=absent killpid=
08:51:41.335657188 pdns=5345/0/active/running/ named=0/inactive/dead/ agent=5447/active/ jphase=absent killpid=
08:51:41.619885318 pdns=5345/0/active/running/ named=0/inactive/dead/ agent=5447/active/ jphase=absent killpid=
08:51:41.911348656 pdns=5345/0/active/running/ named=0/inactive/dead/ agent=5447/active/ jphase=absent killpid=
08:51:42.203603241 pdns=5345/0/active/running/ named=0/inactive/dead/ agent=5447/active/ jphase=absent killpid=
08:51:42.532932939 pdns=5345/0/active/running/ named=0/inactive/dead/ agent=5447/active/ jphase=absent killpid=
08:51:42.879846364 pdns=5345/0/active/running/ named=0/inactive/dead/ agent=5447/active/ jphase=absent killpid=
08:51:43.222508599 pdns=5345/0/active/running/ named=0/inactive/dead/ agent=5447/active/ jphase=absent killpid=
08:51:43.518555045 pdns=5345/0/active/running/ named=0/inactive/dead/ agent=5447/active/ jphase=absent killpid=
08:51:43.853846755 pdns=5345/0/active/running/ named=0/inactive/dead/ agent=5447/active/ jphase=absent killpid=
08:51:44.174698402 pdns=5345/0/active/running/ named=0/inactive/dead/ agent=5447/active/ jphase=absent killpid=
08:51:44.500938631 pdns=5345/0/active/running/ named=0/inactive/dead/ agent=5447/active/ jphase=absent killpid=
08:51:44.797616364 pdns=5345/0/active/running/ named=0/inactive/dead/ agent=5447/active/ jphase=absent killpid=
08:51:45.087580332 pdns=5345/0/active/running/ named=0/inactive/dead/ agent=5447/active/ jphase=absent killpid=
08:51:45.393941534 pdns=5345/0/active/running/ named=0/inactive/dead/ agent=5447/active/ jphase=absent killpid=
08:51:45.690508420 pdns=5345/0/active/running/ named=0/inactive/dead/ agent=5447/active/ jphase=absent killpid=
08:51:45.985003690 pdns=5345/0/active/running/ named=0/inactive/dead/ agent=5447/active/ jphase=absent killpid=
08:51:46.270181076 pdns=5345/0/active/running/ named=0/inactive/dead/ agent=5447/active/ jphase=absent killpid=
08:51:46.556944824 pdns=5345/0/active/running/ named=0/inactive/dead/ agent=5447/active/ jphase=absent killpid=
08:51:46.839840104 pdns=5345/0/active/running/ named=0/inactive/dead/ agent=5447/active/ jphase=absent killpid=
08:51:47.130204506 pdns=5345/0/active/running/ named=0/inactive/dead/ agent=5447/active/ jphase=absent killpid=
08:51:47.408384760 pdns=5345/0/active/running/ named=0/inactive/dead/ agent=5447/active/ jphase=absent killpid=
08:51:47.684617733 pdns=5345/0/active/running/ named=0/inactive/dead/ agent=5447/active/ jphase=absent killpid=
08:51:47.962687776 pdns=5345/0/active/running/ named=0/inactive/dead/ agent=5447/active/ jphase=absent killpid=
08:51:48.271896994 pdns=5345/0/active/running/ named=0/inactive/dead/ agent=5447/active/ jphase=absent killpid=
08:51:48.545713536 pdns=5345/0/active/running/ named=0/inactive/dead/ agent=5447/active/ jphase=absent killpid=
08:51:48.823085943 pdns=5345/0/active/running/ named=0/inactive/dead/ agent=5447/active/ jphase=absent killpid=
08:51:49.099256836 pdns=5345/0/active/running/ named=0/inactive/dead/ agent=5447/active/ jphase=absent killpid=
08:51:49.372136093 pdns=5345/0/active/running/ named=0/inactive/dead/ agent=5447/active/ jphase=absent killpid=
08:51:49.646346706 pdns=5345/0/active/running/ named=0/inactive/dead/ agent=5447/active/ jphase=absent killpid=
08:51:49.919146544 pdns=5345/0/active/running/ named=0/inactive/dead/ agent=5447/active/ jphase=absent killpid=
08:51:50.199203500 pdns=5345/0/active/running/ named=0/inactive/dead/ agent=5447/active/ jphase=absent killpid=
08:51:50.475473757 pdns=5345/0/active/running/ named=0/inactive/dead/ agent=5447/active/ jphase=absent killpid=
08:51:50.749546298 pdns=5345/0/active/running/ named=0/inactive/dead/ agent=5447/active/ jphase=absent killpid=
08:51:51.022846398 pdns=5345/0/active/running/ named=0/inactive/dead/ agent=5447/active/ jphase=absent killpid=
08:51:51.298444026 pdns=5345/0/active/running/ named=0/inactive/dead/ agent=5447/active/ jphase=absent killpid=
08:51:51.576991581 pdns=5345/0/active/running/ named=0/inactive/dead/ agent=5447/active/ jphase=absent killpid=
08:51:51.855192669 pdns=5345/0/active/running/ named=0/inactive/dead/ agent=5447/active/ jphase=absent killpid=
08:51:52.128396299 pdns=5345/0/active/running/ named=0/inactive/dead/ agent=5447/active/ jphase=absent killpid=
08:51:52.403292061 pdns=5345/0/active/running/ named=0/inactive/dead/ agent=5447/active/ jphase=absent killpid=
08:51:52.678465101 pdns=5345/0/active/running/ named=0/inactive/dead/ agent=5447/active/ jphase=absent killpid=
08:51:52.955281937 pdns=5345/0/active/running/ named=0/inactive/dead/ agent=5447/active/ jphase=absent killpid=
08:51:53.234923245 pdns=5345/0/active/running/ named=0/inactive/dead/ agent=5447/active/ jphase=absent killpid=
08:51:53.512432419 pdns=5345/0/active/running/ named=0/inactive/dead/ agent=5447/active/ jphase=absent killpid=
08:51:53.795532808 pdns=5345/0/active/running/ named=0/inactive/dead/ agent=5447/active/ jphase=absent killpid=
08:51:54.077999736 pdns=5345/0/active/running/ named=0/inactive/dead/ agent=5447/active/ jphase=absent killpid=
08:51:54.356112331 pdns=5345/0/active/running/ named=0/inactive/dead/ agent=5447/active/ jphase=absent killpid=
08:51:54.631134895 pdns=5345/0/active/running/ named=0/inactive/dead/ agent=5447/active/ jphase=absent killpid=
08:51:54.906586350 pdns=5345/0/active/running/ named=0/inactive/dead/ agent=5447/active/ jphase=absent killpid=
08:51:55.182209925 pdns=5345/0/active/running/ named=0/inactive/dead/ agent=5447/active/ jphase=absent killpid=
08:51:55.463826621 pdns=5345/0/active/running/ named=0/inactive/dead/ agent=5447/active/ jphase=absent killpid=
08:51:55.737654405 pdns=5345/0/active/running/ named=0/inactive/dead/ agent=5447/active/ jphase=absent killpid=
08:51:56.013913007 pdns=5345/0/active/running/ named=0/inactive/dead/ agent=5447/active/ jphase=absent killpid=
08:51:56.286071320 pdns=5345/0/active/running/ named=0/inactive/dead/ agent=5447/active/ jphase=absent killpid=
08:51:56.558788616 pdns=5345/0/active/running/ named=0/inactive/dead/ agent=5447/active/ jphase=absent killpid=
08:51:56.832504915 pdns=5345/0/active/running/ named=0/inactive/dead/ agent=5447/active/ jphase=absent killpid=
08:51:57.109023041 pdns=5345/0/active/running/ named=0/inactive/dead/ agent=5447/active/ jphase=absent killpid=
08:51:57.382621336 pdns=5345/0/active/running/ named=0/inactive/dead/ agent=5447/active/ jphase=absent killpid=
08:51:57.658503197 pdns=5345/0/active/running/ named=0/inactive/dead/ agent=5447/active/ jphase=absent killpid=
08:51:57.939574081 pdns=5345/0/active/running/ named=0/inactive/dead/ agent=5447/active/ jphase=absent killpid=
08:51:58.217493781 pdns=5345/0/active/running/ named=0/inactive/dead/ agent=5447/active/ jphase=absent killpid=
08:51:58.497776713 pdns=5345/0/active/running/ named=0/inactive/dead/ agent=5447/active/ jphase=absent killpid=
08:51:58.774071862 pdns=5345/0/active/running/ named=0/inactive/dead/ agent=5447/active/ jphase=absent killpid=
08:51:59.046892724 pdns=5345/0/active/running/ named=0/inactive/dead/ agent=5447/active/ jphase=absent killpid=
08:51:59.320236864 pdns=5345/0/active/running/ named=0/inactive/dead/ agent=5447/active/ jphase=absent killpid=
08:51:59.591816663 pdns=5345/0/active/running/ named=0/inactive/dead/ agent=5447/active/ jphase=absent killpid=
08:51:59.863930447 pdns=5345/0/active/running/ named=0/inactive/dead/ agent=5447/active/ jphase=absent killpid=
08:52:00.135887436 pdns=5345/0/active/running/ named=0/inactive/dead/ agent=5447/active/ jphase=absent killpid=
08:52:00.409753182 pdns=5345/0/active/running/ named=0/inactive/dead/ agent=5447/active/ jphase=absent killpid=
08:52:00.690007329 pdns=5345/0/active/running/ named=0/inactive/dead/ agent=5447/active/ jphase=absent killpid=
08:52:00.962083042 pdns=5345/0/active/running/ named=0/inactive/dead/ agent=5447/active/ jphase=absent killpid=
08:52:01.236897399 pdns=5345/0/active/running/ named=0/inactive/dead/ agent=5447/active/ jphase=absent killpid=
08:52:01.509494729 pdns=5345/0/active/running/ named=0/inactive/dead/ agent=5447/active/ jphase=absent killpid=
08:52:01.782999459 pdns=5345/0/active/running/ named=0/inactive/dead/ agent=5447/active/ jphase=absent killpid=
08:52:02.054918014 pdns=5345/0/active/running/ named=0/inactive/dead/ agent=5447/active/ jphase=absent killpid=
08:52:02.329528806 pdns=5345/0/active/running/ named=0/inactive/dead/ agent=5447/active/ jphase=absent killpid=
08:52:02.603033015 pdns=5345/0/active/running/ named=0/inactive/dead/ agent=5447/active/ jphase=absent killpid=
08:52:02.877763723 pdns=5345/0/active/running/ named=0/inactive/dead/ agent=5447/active/ jphase=absent killpid=
08:52:03.151142688 pdns=5345/0/active/running/ named=0/inactive/dead/ agent=5447/active/ jphase=absent killpid=
08:52:03.421996145 pdns=5345/0/active/running/ named=0/inactive/dead/ agent=5447/active/ jphase=absent killpid=
08:52:03.696343773 pdns=5345/0/active/running/ named=0/inactive/dead/ agent=5447/active/ jphase=absent killpid=
08:52:03.969492381 pdns=5345/0/active/running/ named=0/inactive/dead/ agent=5447/active/ jphase=absent killpid=
08:52:04.248040638 pdns=5345/0/active/running/ named=0/inactive/dead/ agent=5447/active/ jphase=absent killpid=
08:52:04.526940282 pdns=5345/0/active/running/ named=0/inactive/dead/ agent=5447/active/ jphase=absent killpid=
08:52:04.803845948 pdns=5345/0/active/running/ named=0/inactive/dead/ agent=5447/active/ jphase=absent killpid=
08:52:05.082009153 pdns=5345/0/active/running/ named=0/inactive/dead/ agent=5447/active/ jphase=absent killpid=
08:52:05.355258041 pdns=5345/0/active/running/ named=0/inactive/dead/ agent=5447/active/ jphase=absent killpid=
08:52:05.630214829 pdns=5345/0/active/running/ named=0/inactive/dead/ agent=5447/active/ jphase=absent killpid=
08:52:05.911039782 pdns=5345/0/active/running/ named=0/inactive/dead/ agent=5447/active/ jphase=absent killpid=
08:52:06.186453161 pdns=5345/0/active/running/ named=0/inactive/dead/ agent=5447/active/ jphase=absent killpid=
08:52:06.461794923 pdns=5345/0/active/running/ named=0/inactive/dead/ agent=5447/active/ jphase=absent killpid=
08:52:06.733050304 pdns=5345/0/active/running/ named=0/inactive/dead/ agent=5447/active/ jphase=absent killpid=
08:52:07.005930061 pdns=5345/0/active/running/ named=0/inactive/dead/ agent=5447/active/ jphase=absent killpid=
08:52:07.281130834 pdns=5345/0/active/running/ named=0/inactive/dead/ agent=5447/active/ jphase=absent killpid=
08:52:07.561466925 pdns=5345/0/active/running/ named=0/inactive/dead/ agent=5447/active/ jphase=absent killpid=
08:52:07.837586954 pdns=5345/0/active/running/ named=0/inactive/dead/ agent=5447/active/ jphase=absent killpid=
08:52:08.146624580 pdns=5345/0/active/running/ named=0/inactive/dead/ agent=5447/active/ jphase=absent killpid=
08:52:08.418659785 pdns=5345/0/active/running/ named=0/inactive/dead/ agent=5447/active/ jphase=absent killpid=
08:52:08.689360638 pdns=5345/0/active/running/ named=0/inactive/dead/ agent=5447/active/ jphase=absent killpid=
08:52:08.961175020 pdns=5345/0/active/running/ named=0/inactive/dead/ agent=5447/active/ jphase=absent killpid=
08:52:09.234526217 pdns=5345/0/active/running/ named=0/inactive/dead/ agent=5447/active/ jphase=absent killpid=
08:52:09.504962052 pdns=5345/0/active/running/ named=0/inactive/dead/ agent=5447/active/ jphase=absent killpid=
08:52:09.778633205 pdns=5345/0/active/running/ named=0/inactive/dead/ agent=5447/active/ jphase=absent killpid=
08:52:10.051158753 pdns=5345/0/active/running/ named=0/inactive/dead/ agent=5447/active/ jphase=absent killpid=
08:52:10.324520753 pdns=5345/0/active/running/ named=0/inactive/dead/ agent=5447/active/ jphase=absent killpid=
08:52:10.599153875 pdns=5345/0/active/running/ named=0/inactive/dead/ agent=5447/active/ jphase=absent killpid=
08:52:10.870127468 pdns=5345/0/active/running/ named=0/inactive/dead/ agent=5447/active/ jphase=absent killpid=
08:52:11.140987875 pdns=5345/0/active/running/ named=0/inactive/dead/ agent=5447/active/ jphase=absent killpid=
08:52:11.419287037 pdns=5345/0/active/running/ named=0/inactive/dead/ agent=5447/active/ jphase=absent killpid=
08:52:11.696477401 pdns=5345/0/active/running/ named=0/inactive/dead/ agent=5447/active/ jphase=absent killpid=
08:52:11.974911942 pdns=5345/0/active/running/ named=0/inactive/dead/ agent=5447/active/ jphase=absent killpid=
08:52:12.255450892 pdns=5345/0/active/running/ named=0/inactive/dead/ agent=5447/active/ jphase=absent killpid=
08:52:12.534877985 pdns=5345/0/active/running/ named=0/inactive/dead/ agent=5447/active/ jphase=absent killpid=
08:52:12.824753754 pdns=5345/0/active/running/ named=0/inactive/dead/ agent=5447/active/ jphase=absent killpid=
08:52:13.148758498 pdns=5345/0/active/running/ named=0/inactive/dead/ agent=5447/active/ jphase=absent killpid=
08:52:13.472605085 pdns=5345/0/active/running/ named=0/inactive/dead/ agent=5447/active/ jphase=absent killpid=
08:52:13.768514786 pdns=5345/0/active/running/ named=0/inactive/dead/ agent=5447/active/ jphase=absent killpid=
08:52:14.064399471 pdns=5345/0/active/running/ named=0/inactive/dead/ agent=5447/active/ jphase=absent killpid=
08:52:14.395276851 pdns=5345/0/active/running/ named=0/inactive/dead/ agent=5447/active/ jphase=absent killpid=
08:52:14.704267034 pdns=5345/0/active/running/ named=0/inactive/dead/ agent=5447/active/ jphase=absent killpid=
08:52:15.016976112 pdns=5345/0/active/running/ named=0/inactive/dead/ agent=5447/active/ jphase=absent killpid=
08:52:15.306138386 pdns=5345/0/active/running/ named=0/inactive/dead/ agent=5447/active/ jphase=absent killpid=
08:52:15.590595978 pdns=5345/0/active/running/ named=0/inactive/dead/ agent=5447/active/ jphase=absent killpid=
08:52:15.872561305 pdns=5345/0/active/running/ named=0/inactive/dead/ agent=5447/active/ jphase=absent killpid=
08:52:16.152244696 pdns=5345/0/active/running/ named=0/inactive/dead/ agent=5447/active/ jphase=absent killpid=
08:52:16.432831915 pdns=5345/0/active/running/ named=0/inactive/dead/ agent=5447/active/ jphase=absent killpid=
08:52:16.715680604 pdns=5345/0/active/running/ named=0/inactive/dead/ agent=5447/active/ jphase=absent killpid=
08:52:16.993618440 pdns=5345/0/active/running/ named=0/inactive/dead/ agent=5447/active/ jphase=absent killpid=
08:52:17.270917915 pdns=5345/0/active/running/ named=0/inactive/dead/ agent=5447/active/ jphase=absent killpid=
08:52:17.547378944 pdns=5345/0/active/running/ named=0/inactive/dead/ agent=5447/active/ jphase=absent killpid=
08:52:17.822460685 pdns=5345/0/active/running/ named=0/inactive/dead/ agent=5447/active/ jphase=absent killpid=
08:52:18.098963183 pdns=5345/0/active/running/ named=0/inactive/dead/ agent=5447/active/ jphase=absent killpid=
08:52:18.379420674 pdns=5345/0/active/running/ named=0/inactive/dead/ agent=5447/active/ jphase=absent killpid=
08:52:18.660002232 pdns=5345/0/active/running/ named=0/inactive/dead/ agent=5447/active/ jphase=absent killpid=
08:52:18.942850383 pdns=5345/0/active/running/ named=0/inactive/dead/ agent=5447/active/ jphase=absent killpid=
08:52:19.221675326 pdns=5345/0/active/running/ named=0/inactive/dead/ agent=5447/active/ jphase=absent killpid=
08:52:19.512797868 pdns=5345/0/active/running/ named=0/inactive/dead/ agent=5447/active/ jphase=absent killpid=
08:52:19.839129087 pdns=5345/0/active/running/ named=0/inactive/dead/ agent=5447/active/ jphase=absent killpid=
08:52:20.158317641 pdns=5345/0/active/running/ named=0/inactive/dead/ agent=5447/active/ jphase=absent killpid=
08:52:20.437778553 pdns=5345/0/active/running/ named=0/inactive/dead/ agent=5447/active/ jphase=absent killpid=
08:52:20.745813172 CHANGE pdnsdb 704e66637d08d2f454745356b9ab3414795e69ab3b455aec0d63cba60527de37 -> 008ca4eff7e3f8609a4d40378cbc1588caa517e41bd9182a96373460f66b20d4
08:52:20.749981999 pdns=5345/0/active/running/ named=0/inactive/dead/ agent=5447/active/ jphase=absent killpid=
08:52:21.084024664 CHANGE pdnsdb 008ca4eff7e3f8609a4d40378cbc1588caa517e41bd9182a96373460f66b20d4 -> eed824d39ba88b6dd833feca656d0fa77ea79f0b23d09e5a6182141273d6d753
08:52:21.089303434 pdns=5345/0/active/running/ named=0/inactive/dead/ agent=5447/active/ jphase=absent killpid=
08:52:21.383660088 pdns=5345/0/active/running/ named=0/inactive/dead/ agent=5447/active/ jphase=absent killpid=
08:52:21.665411239 pdns=5345/0/active/running/ named=0/inactive/dead/ agent=5447/active/ jphase=absent killpid=
08:52:21.946577152 pdns=5345/0/active/running/ named=0/inactive/dead/ agent=5447/active/ jphase=absent killpid=
08:52:22.220450843 pdns=5345/0/active/running/ named=0/inactive/dead/ agent=5447/active/ jphase=absent killpid=
08:52:22.494333543 pdns=5345/0/active/running/ named=0/inactive/dead/ agent=5447/active/ jphase=absent killpid=
08:52:22.769084848 pdns=5345/0/active/running/ named=0/inactive/dead/ agent=5447/active/ jphase=absent killpid=
08:52:23.046783026 pdns=5345/0/active/running/ named=0/inactive/dead/ agent=5447/active/ jphase=absent killpid=
08:52:23.322462629 pdns=5345/0/active/running/ named=0/inactive/dead/ agent=5447/active/ jphase=absent killpid=
08:52:23.603254341 pdns=5345/0/active/running/ named=0/inactive/dead/ agent=5447/active/ jphase=absent killpid=
08:52:23.881391019 pdns=5345/0/active/running/ named=0/inactive/dead/ agent=5447/active/ jphase=absent killpid=
08:52:24.158496475 pdns=5345/0/active/running/ named=0/inactive/dead/ agent=5447/active/ jphase=absent killpid=
08:52:24.431289392 pdns=5345/0/active/running/ named=0/inactive/dead/ agent=5447/active/ jphase=absent killpid=
08:52:24.708766511 pdns=5345/0/active/running/ named=0/inactive/dead/ agent=5447/active/ jphase=absent killpid=
08:52:24.986405769 pdns=5345/0/active/running/ named=0/inactive/dead/ agent=5447/active/ jphase=absent killpid=
08:52:25.264710315 pdns=5345/0/active/running/ named=0/inactive/dead/ agent=5447/active/ jphase=absent killpid=
08:52:25.545124047 pdns=5345/0/active/running/ named=0/inactive/dead/ agent=5447/active/ jphase=absent killpid=
08:52:25.823000091 pdns=5345/0/active/running/ named=0/inactive/dead/ agent=5447/active/ jphase=absent killpid=
08:52:26.104437838 pdns=5345/0/active/running/ named=0/inactive/dead/ agent=5447/active/ jphase=absent killpid=
08:52:26.387156727 pdns=5345/0/active/running/ named=0/inactive/dead/ agent=5447/active/ jphase=absent killpid=
08:52:26.660806649 pdns=5345/0/active/running/ named=0/inactive/dead/ agent=5447/active/ jphase=absent killpid=
08:52:26.935510111 pdns=5345/0/active/running/ named=0/inactive/dead/ agent=5447/active/ jphase=absent killpid=
08:52:27.212524395 pdns=5345/0/active/running/ named=0/inactive/dead/ agent=5447/active/ jphase=absent killpid=
08:52:27.490649759 pdns=5345/0/active/running/ named=0/inactive/dead/ agent=5447/active/ jphase=absent killpid=
08:52:27.770312524 pdns=5345/0/active/running/ named=0/inactive/dead/ agent=5447/active/ jphase=absent killpid=
08:52:28.048758732 pdns=5345/0/active/running/ named=0/inactive/dead/ agent=5447/active/ jphase=absent killpid=
08:52:28.323746008 pdns=5345/0/active/running/ named=0/inactive/dead/ agent=5447/active/ jphase=absent killpid=
08:52:28.596036141 pdns=5345/0/active/running/ named=0/inactive/dead/ agent=5447/active/ jphase=absent killpid=
08:52:28.873601459 pdns=5345/0/active/running/ named=0/inactive/dead/ agent=5447/active/ jphase=absent killpid=
08:52:29.151947274 pdns=5345/0/active/running/ named=0/inactive/dead/ agent=5447/active/ jphase=absent killpid=
08:52:29.426182541 pdns=5345/0/active/running/ named=0/inactive/dead/ agent=5447/active/ jphase=absent killpid=
08:52:29.708318396 pdns=5345/0/active/running/ named=0/inactive/dead/ agent=5447/active/ jphase=absent killpid=
08:52:29.983992270 pdns=5345/0/active/running/ named=0/inactive/dead/ agent=5447/active/ jphase=absent killpid=
08:52:30.257967167 pdns=5345/0/active/running/ named=0/inactive/dead/ agent=5447/active/ jphase=absent killpid=
08:52:30.534894040 pdns=5345/0/active/running/ named=0/inactive/dead/ agent=5447/active/ jphase=absent killpid=
08:52:30.807020107 pdns=5345/0/active/running/ named=0/inactive/dead/ agent=5447/active/ jphase=absent killpid=
08:52:31.079340192 pdns=5345/0/active/running/ named=0/inactive/dead/ agent=5447/active/ jphase=absent killpid=
08:52:31.351277671 pdns=5345/0/active/running/ named=0/inactive/dead/ agent=5447/active/ jphase=absent killpid=
08:52:31.624386357 pdns=5345/0/active/running/ named=0/inactive/dead/ agent=5447/active/ jphase=absent killpid=
08:52:31.896939856 pdns=5345/0/active/running/ named=0/inactive/dead/ agent=5447/active/ jphase=absent killpid=
08:52:32.169360905 pdns=5345/0/active/running/ named=0/inactive/dead/ agent=5447/active/ jphase=absent killpid=
08:52:32.440085604 pdns=5345/0/active/running/ named=0/inactive/dead/ agent=5447/active/ jphase=absent killpid=
08:52:32.724322961 pdns=5345/0/active/running/ named=0/inactive/dead/ agent=5447/active/ jphase=absent killpid=
08:52:32.999295197 pdns=5345/0/active/running/ named=0/inactive/dead/ agent=5447/active/ jphase=absent killpid=
08:52:33.273527657 pdns=5345/0/active/running/ named=0/inactive/dead/ agent=5447/active/ jphase=absent killpid=
08:52:33.547827667 pdns=5345/0/active/running/ named=0/inactive/dead/ agent=5447/active/ jphase=absent killpid=
08:52:33.819986581 pdns=5345/0/active/running/ named=0/inactive/dead/ agent=5447/active/ jphase=absent killpid=
08:52:34.094782433 pdns=5345/0/active/running/ named=0/inactive/dead/ agent=5447/active/ jphase=absent killpid=
08:52:34.369297108 pdns=5345/0/active/running/ named=0/inactive/dead/ agent=5447/active/ jphase=absent killpid=
08:52:34.641768180 pdns=5345/0/active/running/ named=0/inactive/dead/ agent=5447/active/ jphase=absent killpid=
08:52:34.915835887 pdns=5345/0/active/running/ named=0/inactive/dead/ agent=5447/active/ jphase=absent killpid=
08:52:35.186886501 pdns=5345/0/active/running/ named=0/inactive/dead/ agent=5447/active/ jphase=absent killpid=
08:52:35.457952196 pdns=5345/0/active/running/ named=0/inactive/dead/ agent=5447/active/ jphase=absent killpid=
08:52:35.731613810 pdns=5345/0/active/running/ named=0/inactive/dead/ agent=5447/active/ jphase=absent killpid=
08:52:36.010504266 pdns=5345/0/active/running/ named=0/inactive/dead/ agent=5447/active/ jphase=absent killpid=
08:52:36.293040306 pdns=5345/0/active/running/ named=0/inactive/dead/ agent=5447/active/ jphase=absent killpid=
08:52:36.569847663 pdns=5345/0/active/running/ named=0/inactive/dead/ agent=5447/active/ jphase=absent killpid=
08:52:36.845079299 pdns=5345/0/active/running/ named=0/inactive/dead/ agent=5447/active/ jphase=absent killpid=
08:52:37.115543168 pdns=5345/0/active/running/ named=0/inactive/dead/ agent=5447/active/ jphase=absent killpid=
08:52:37.390455053 pdns=5345/0/active/running/ named=0/inactive/dead/ agent=5447/active/ jphase=absent killpid=
08:52:37.660995433 pdns=5345/0/active/running/ named=0/inactive/dead/ agent=5447/active/ jphase=absent killpid=
08:52:37.933355650 pdns=5345/0/active/running/ named=0/inactive/dead/ agent=5447/active/ jphase=absent killpid=
08:52:38.211970697 pdns=5345/0/active/running/ named=0/inactive/dead/ agent=5447/active/ jphase=absent killpid=
08:52:38.485258593 pdns=5345/0/active/running/ named=0/inactive/dead/ agent=5447/active/ jphase=absent killpid=
08:52:38.759267406 pdns=5345/0/active/running/ named=0/inactive/dead/ agent=5447/active/ jphase=absent killpid=
08:52:39.030622176 pdns=5345/0/active/running/ named=0/inactive/dead/ agent=5447/active/ jphase=absent killpid=
08:52:39.305887669 pdns=5345/0/active/running/ named=0/inactive/dead/ agent=5447/active/ jphase=absent killpid=
08:52:39.583430848 pdns=5345/0/active/running/ named=0/inactive/dead/ agent=5447/active/ jphase=absent killpid=
08:52:39.856784693 pdns=5345/0/active/running/ named=0/inactive/dead/ agent=5447/active/ jphase=absent killpid=
08:52:40.133022607 pdns=5345/0/active/running/ named=0/inactive/dead/ agent=5447/active/ jphase=absent killpid=
08:52:40.403599971 pdns=5345/0/active/running/ named=0/inactive/dead/ agent=5447/active/ jphase=absent killpid=
08:52:40.674802442 pdns=5345/0/active/running/ named=0/inactive/dead/ agent=5447/active/ jphase=absent killpid=
08:52:40.946127113 pdns=5345/0/active/running/ named=0/inactive/dead/ agent=5447/active/ jphase=absent killpid=
08:52:41.217192600 pdns=5345/0/active/running/ named=0/inactive/dead/ agent=5447/active/ jphase=absent killpid=
08:52:41.492081219 pdns=5345/0/active/running/ named=0/inactive/dead/ agent=5447/active/ jphase=absent killpid=
08:52:41.768450067 pdns=5345/0/active/running/ named=0/inactive/dead/ agent=5447/active/ jphase=absent killpid=
08:52:42.040578034 pdns=5345/0/active/running/ named=0/inactive/dead/ agent=5447/active/ jphase=absent killpid=
08:52:42.310346925 pdns=5345/0/active/running/ named=0/inactive/dead/ agent=5447/active/ jphase=absent killpid=
08:52:42.584670759 pdns=5345/0/active/running/ named=0/inactive/dead/ agent=5447/active/ jphase=absent killpid=
08:52:42.857925128 pdns=5345/0/active/running/ named=0/inactive/dead/ agent=5447/active/ jphase=absent killpid=
08:52:43.134680356 pdns=5345/0/active/running/ named=0/inactive/dead/ agent=5447/active/ jphase=absent killpid=
08:52:43.409823708 pdns=5345/0/active/running/ named=0/inactive/dead/ agent=5447/active/ jphase=absent killpid=
08:52:43.680789321 pdns=5345/0/active/running/ named=0/inactive/dead/ agent=5447/active/ jphase=absent killpid=
08:52:43.954846797 pdns=5345/0/active/running/ named=0/inactive/dead/ agent=5447/active/ jphase=absent killpid=
08:52:44.226857385 pdns=5345/0/active/running/ named=0/inactive/dead/ agent=5447/active/ jphase=absent killpid=
08:52:44.499504336 pdns=5345/0/active/running/ named=0/inactive/dead/ agent=5447/active/ jphase=absent killpid=
08:52:44.772888865 pdns=5345/0/active/running/ named=0/inactive/dead/ agent=5447/active/ jphase=absent killpid=
08:52:45.044572256 pdns=5345/0/active/running/ named=0/inactive/dead/ agent=5447/active/ jphase=absent killpid=
08:52:45.315557667 pdns=5345/0/active/running/ named=0/inactive/dead/ agent=5447/active/ jphase=absent killpid=
08:52:45.592055977 pdns=5345/0/active/running/ named=0/inactive/dead/ agent=5447/active/ jphase=absent killpid=
08:52:45.865617074 pdns=5345/0/active/running/ named=0/inactive/dead/ agent=5447/active/ jphase=absent killpid=
08:52:46.136159196 pdns=5345/0/active/running/ named=0/inactive/dead/ agent=5447/active/ jphase=absent killpid=
08:52:46.418874911 pdns=5345/0/active/running/ named=0/inactive/dead/ agent=5447/active/ jphase=absent killpid=
08:52:46.694337095 pdns=5345/0/active/running/ named=0/inactive/dead/ agent=5447/active/ jphase=absent killpid=
08:52:46.970314039 pdns=5345/0/active/running/ named=0/inactive/dead/ agent=5447/active/ jphase=absent killpid=
08:52:47.244379199 pdns=5345/0/active/running/ named=0/inactive/dead/ agent=5447/active/ jphase=absent killpid=
08:52:47.517359518 pdns=5345/0/active/running/ named=0/inactive/dead/ agent=5447/active/ jphase=absent killpid=
08:52:47.792066868 pdns=5345/0/active/running/ named=0/inactive/dead/ agent=5447/active/ jphase=absent killpid=
08:52:48.063060880 pdns=5345/0/active/running/ named=0/inactive/dead/ agent=5447/active/ jphase=absent killpid=
08:52:48.335574768 pdns=5345/0/active/running/ named=0/inactive/dead/ agent=5447/active/ jphase=absent killpid=
08:52:48.607374235 pdns=5345/0/active/running/ named=0/inactive/dead/ agent=5447/active/ jphase=absent killpid=
08:52:48.881132774 pdns=5345/0/active/running/ named=0/inactive/dead/ agent=5447/active/ jphase=absent killpid=
08:52:49.151972052 pdns=5345/0/active/running/ named=0/inactive/dead/ agent=5447/active/ jphase=absent killpid=
08:52:49.424175592 pdns=5345/0/active/running/ named=0/inactive/dead/ agent=5447/active/ jphase=absent killpid=
08:52:49.694522853 pdns=5345/0/active/running/ named=0/inactive/dead/ agent=5447/active/ jphase=absent killpid=
08:52:49.967607360 pdns=5345/0/active/running/ named=0/inactive/dead/ agent=5447/active/ jphase=absent killpid=
08:52:50.246361774 pdns=5345/0/active/running/ named=0/inactive/dead/ agent=5447/active/ jphase=absent killpid=
08:52:50.519458757 pdns=5345/0/active/running/ named=0/inactive/dead/ agent=5447/active/ jphase=absent killpid=
08:52:50.793069527 pdns=5345/0/active/running/ named=0/inactive/dead/ agent=5447/active/ jphase=absent killpid=
08:52:51.062737560 pdns=5345/0/active/running/ named=0/inactive/dead/ agent=5447/active/ jphase=absent killpid=
08:52:51.334989048 pdns=5345/0/active/running/ named=0/inactive/dead/ agent=5447/active/ jphase=absent killpid=
08:52:51.609064186 pdns=5345/0/active/running/ named=0/inactive/dead/ agent=5447/active/ jphase=absent killpid=
08:52:51.879138314 pdns=5345/0/active/running/ named=0/inactive/dead/ agent=5447/active/ jphase=absent killpid=
08:52:52.150305018 pdns=5345/0/active/running/ named=0/inactive/dead/ agent=5447/active/ jphase=absent killpid=
08:52:52.428657389 pdns=5345/0/active/running/ named=0/inactive/dead/ agent=5447/active/ jphase=absent killpid=
08:52:52.702887293 pdns=5345/0/active/running/ named=0/inactive/dead/ agent=5447/active/ jphase=absent killpid=
08:52:52.977017101 pdns=5345/0/active/running/ named=0/inactive/dead/ agent=5447/active/ jphase=absent killpid=
08:52:53.250848431 pdns=5345/0/active/running/ named=0/inactive/dead/ agent=5447/active/ jphase=absent killpid=
08:52:53.527811228 pdns=5345/0/active/running/ named=0/inactive/dead/ agent=5447/active/ jphase=absent killpid=
08:52:53.803194995 pdns=5345/0/active/running/ named=0/inactive/dead/ agent=5447/active/ jphase=absent killpid=
08:52:54.074406742 pdns=5345/0/active/running/ named=0/inactive/dead/ agent=5447/active/ jphase=absent killpid=
08:52:54.345124756 pdns=5345/0/active/running/ named=0/inactive/dead/ agent=5447/active/ jphase=absent killpid=
08:52:54.627453986 pdns=5345/0/active/running/ named=0/inactive/dead/ agent=5447/active/ jphase=absent killpid=
08:52:54.900672093 pdns=5345/0/active/running/ named=0/inactive/dead/ agent=5447/active/ jphase=absent killpid=
08:52:55.176670674 pdns=5345/0/active/running/ named=0/inactive/dead/ agent=5447/active/ jphase=absent killpid=
08:52:55.451029884 pdns=5345/0/active/running/ named=0/inactive/dead/ agent=5447/active/ jphase=absent killpid=
08:52:55.721928895 pdns=5345/0/active/running/ named=0/inactive/dead/ agent=5447/active/ jphase=absent killpid=
08:52:55.992913224 pdns=5345/0/active/running/ named=0/inactive/dead/ agent=5447/active/ jphase=absent killpid=
08:52:56.263705988 pdns=5345/0/active/running/ named=0/inactive/dead/ agent=5447/active/ jphase=absent killpid=
08:52:56.536099911 pdns=5345/0/active/running/ named=0/inactive/dead/ agent=5447/active/ jphase=absent killpid=
08:52:56.808838087 pdns=5345/0/active/running/ named=0/inactive/dead/ agent=5447/active/ jphase=absent killpid=
08:52:57.089365787 pdns=5345/0/active/running/ named=0/inactive/dead/ agent=5447/active/ jphase=absent killpid=
08:52:57.364663850 pdns=5345/0/active/running/ named=0/inactive/dead/ agent=5447/active/ jphase=absent killpid=
08:52:57.640281192 pdns=5345/0/active/running/ named=0/inactive/dead/ agent=5447/active/ jphase=absent killpid=
08:52:57.910562276 pdns=5345/0/active/running/ named=0/inactive/dead/ agent=5447/active/ jphase=absent killpid=
08:52:58.182988616 pdns=5345/0/active/running/ named=0/inactive/dead/ agent=5447/active/ jphase=absent killpid=
08:52:58.455660132 pdns=5345/0/active/running/ named=0/inactive/dead/ agent=5447/active/ jphase=absent killpid=
08:52:58.726621020 pdns=5345/0/active/running/ named=0/inactive/dead/ agent=5447/active/ jphase=absent killpid=
08:52:59.003021686 pdns=5345/0/active/running/ named=0/inactive/dead/ agent=5447/active/ jphase=absent killpid=
08:52:59.280549103 pdns=5345/0/active/running/ named=0/inactive/dead/ agent=5447/active/ jphase=absent killpid=
08:52:59.553346492 pdns=5345/0/active/running/ named=0/inactive/dead/ agent=5447/active/ jphase=absent killpid=
08:52:59.829173568 pdns=5345/0/active/running/ named=0/inactive/dead/ agent=5447/active/ jphase=absent killpid=
08:53:00.103211451 pdns=5345/0/active/running/ named=0/inactive/dead/ agent=5447/active/ jphase=absent killpid=
08:53:00.375407022 pdns=5345/0/active/running/ named=0/inactive/dead/ agent=5447/active/ jphase=absent killpid=
08:53:00.649744634 pdns=5345/0/active/running/ named=0/inactive/dead/ agent=5447/active/ jphase=absent killpid=
08:53:00.922380611 pdns=5345/0/active/running/ named=0/inactive/dead/ agent=5447/active/ jphase=absent killpid=
08:53:01.202124717 pdns=5345/0/active/running/ named=0/inactive/dead/ agent=5447/active/ jphase=absent killpid=
08:53:01.472328076 pdns=5345/0/active/running/ named=0/inactive/dead/ agent=5447/active/ jphase=absent killpid=
08:53:01.745254581 pdns=5345/0/active/running/ named=0/inactive/dead/ agent=5447/active/ jphase=absent killpid=
08:53:02.017983618 pdns=5345/0/active/running/ named=0/inactive/dead/ agent=5447/active/ jphase=absent killpid=
08:53:02.291485700 pdns=5345/0/active/running/ named=0/inactive/dead/ agent=5447/active/ jphase=absent killpid=
08:53:02.568487677 pdns=5345/0/active/running/ named=0/inactive/dead/ agent=5447/active/ jphase=absent killpid=
08:53:02.840714318 pdns=5345/0/active/running/ named=0/inactive/dead/ agent=5447/active/ jphase=absent killpid=
08:53:03.110975019 pdns=5345/0/active/running/ named=0/inactive/dead/ agent=5447/active/ jphase=absent killpid=
08:53:03.388754214 pdns=5345/0/active/running/ named=0/inactive/dead/ agent=5447/active/ jphase=absent killpid=
08:53:03.663233214 pdns=5345/0/active/running/ named=0/inactive/dead/ agent=5447/active/ jphase=absent killpid=
08:53:03.937558010 pdns=5345/0/active/running/ named=0/inactive/dead/ agent=5447/active/ jphase=absent killpid=
08:53:04.211504209 pdns=5345/0/active/running/ named=0/inactive/dead/ agent=5447/active/ jphase=absent killpid=
08:53:04.489052116 pdns=5345/0/active/running/ named=0/inactive/dead/ agent=5447/active/ jphase=absent killpid=
08:53:04.767962122 pdns=5345/0/active/running/ named=0/inactive/dead/ agent=5447/active/ jphase=absent killpid=
08:53:05.052329282 pdns=5345/0/active/running/ named=0/inactive/dead/ agent=5447/active/ jphase=absent killpid=
08:53:05.327174932 pdns=5345/0/active/running/ named=0/inactive/dead/ agent=5447/active/ jphase=absent killpid=
08:53:05.605301416 pdns=5345/0/active/running/ named=0/inactive/dead/ agent=5447/active/ jphase=absent killpid=
08:53:05.887054729 pdns=5345/0/active/running/ named=0/inactive/dead/ agent=5447/active/ jphase=absent killpid=
08:53:06.162621076 pdns=5345/0/active/running/ named=0/inactive/dead/ agent=5447/active/ jphase=absent killpid=
08:53:06.435161266 pdns=5345/0/active/running/ named=0/inactive/dead/ agent=5447/active/ jphase=absent killpid=
08:53:06.711584222 pdns=5345/0/active/running/ named=0/inactive/dead/ agent=5447/active/ jphase=absent killpid=
08:53:06.987282042 pdns=5345/0/active/running/ named=0/inactive/dead/ agent=5447/active/ jphase=absent killpid=
08:53:07.267008636 pdns=5345/0/active/running/ named=0/inactive/dead/ agent=5447/active/ jphase=absent killpid=
08:53:07.549192630 pdns=5345/0/active/running/ named=0/inactive/dead/ agent=5447/active/ jphase=absent killpid=
08:53:07.829867918 pdns=5345/0/active/running/ named=0/inactive/dead/ agent=5447/active/ jphase=absent killpid=
08:53:08.105090231 pdns=5345/0/active/running/ named=0/inactive/dead/ agent=5447/active/ jphase=absent killpid=
08:53:08.405147203 pdns=5345/0/active/running/ named=0/inactive/dead/ agent=5447/active/ jphase=absent killpid=
08:53:08.706062694 pdns=5345/0/active/running/ named=0/inactive/dead/ agent=5447/active/ jphase=absent killpid=
08:53:08.984740611 pdns=5345/0/active/running/ named=0/inactive/dead/ agent=5447/active/ jphase=absent killpid=
08:53:09.265909965 pdns=5345/0/active/running/ named=0/inactive/dead/ agent=5447/active/ jphase=absent killpid=
08:53:09.547799050 pdns=5345/0/active/running/ named=0/inactive/dead/ agent=5447/active/ jphase=absent killpid=
08:53:09.836385891 pdns=5345/0/active/running/ named=0/inactive/dead/ agent=5447/active/ jphase=absent killpid=
08:53:10.116703262 CHANGE ledger 2e7f194fc9160ee2fbe6526170c7f33201c7e84309321cf2e68fb67c7dc21eb3 -> c8057266a4da41dc13ca8498d0e0e06d43024dcf3aea22f88b36b2539f6c535a
08:53:10.129867364 pdns=5345/0/active/running/ named=0/inactive/dead/ agent=5447/active/ jphase=absent killpid=
08:53:10.415452165 CHANGE ledger c8057266a4da41dc13ca8498d0e0e06d43024dcf3aea22f88b36b2539f6c535a -> fb9217e6692e3c79dce442cecbd311c111aecdaf090573aa4ad743b674653e85
08:53:10.432289022 pdns=5345/0/active/running/ named=0/inactive/dead/ agent=5447/active/ jphase=absent killpid=
08:53:10.728133190 CHANGE ledger fb9217e6692e3c79dce442cecbd311c111aecdaf090573aa4ad743b674653e85 -> fbef7ac110d6f0cf2c47240cfdd0ab1d13056e224cda8b4db45faccbae0decf3
08:53:10.743101965 pdns=5345/0/active/running/ named=0/inactive/dead/ agent=5447/active/ jphase=absent killpid=
08:53:11.033982907 CHANGE ledger fbef7ac110d6f0cf2c47240cfdd0ab1d13056e224cda8b4db45faccbae0decf3 -> e5022769234ae324bc05c1c10708dc61393bf162c03a0b429d3acfe3a2361099
08:53:11.047788229 pdns=5345/0/active/running/ named=0/inactive/dead/ agent=5447/active/ jphase=absent killpid=
08:53:11.337071003 CHANGE ledger e5022769234ae324bc05c1c10708dc61393bf162c03a0b429d3acfe3a2361099 -> 9e2eea29a237ae4ad8a0c8d6b0cd04dcb5a6b3012c564c4e6f3020ace030abdf
08:53:11.353226568 pdns=5345/0/active/running/ named=0/inactive/dead/ agent=5447/active/ jphase=absent killpid=
08:53:11.632352907 CHANGE ledger 9e2eea29a237ae4ad8a0c8d6b0cd04dcb5a6b3012c564c4e6f3020ace030abdf -> b4aad7e8b22ed8a279adcd3b26cf592212d464ab9d6bfd2e792b321174d7c157
08:53:11.645347301 pdns=5345/0/active/running/ named=0/inactive/dead/ agent=5447/active/ jphase=absent killpid=
08:53:11.922099672 CHANGE ledger b4aad7e8b22ed8a279adcd3b26cf592212d464ab9d6bfd2e792b321174d7c157 -> e1246fe078de8e36f329ad24b9fec8e723ad59cd37e51b9a2711e360aa51d2d8
08:53:11.946386997 pdns=5345/0/active/running/ named=0/inactive/dead/ agent=5447/active/ jphase=absent killpid=
08:53:12.246046652 CHANGE ledger e1246fe078de8e36f329ad24b9fec8e723ad59cd37e51b9a2711e360aa51d2d8 -> a32ad2b7538d01eff5da49ee8fcef7f02870fff6726706345236955a5f749026
08:53:12.275983237 pdns=5345/0/active/running/ named=0/inactive/dead/ agent=5447/active/ jphase=absent killpid=
08:53:12.595445591 CHANGE ledger a32ad2b7538d01eff5da49ee8fcef7f02870fff6726706345236955a5f749026 -> 37a18675d591af1501f6b2441eb4deb574014fa680c83af0649e2f38a3bb8153
08:53:12.624829957 pdns=5345/0/active/running/ named=0/inactive/dead/ agent=5447/active/ jphase=absent killpid=
08:53:12.934128403 CHANGE ledger 37a18675d591af1501f6b2441eb4deb574014fa680c83af0649e2f38a3bb8153 -> bbd4c38568793dacb2e3af8c97161f1852e2f8dbf4486c19956e4d47a65c33da
08:53:12.956028781 pdns=5345/0/active/running/ named=0/inactive/dead/ agent=5447/active/ jphase=absent killpid=
08:53:13.262901402 CHANGE ledger bbd4c38568793dacb2e3af8c97161f1852e2f8dbf4486c19956e4d47a65c33da -> 075fbb3f106b1460b80bd6132aaed76bae888052d8118442f5d8e16350ba6de3
08:53:13.284595183 pdns=5345/0/active/running/ named=0/inactive/dead/ agent=5447/active/ jphase=absent killpid=
08:53:13.596500896 CHANGE ledger 075fbb3f106b1460b80bd6132aaed76bae888052d8118442f5d8e16350ba6de3 -> 2098d8f56c501864cdb15e94ca685fff8ae4355f228fa6db88ac7de32f7ba058
08:53:13.631904921 pdns=5345/0/active/running/ named=0/inactive/dead/ agent=5447/active/ jphase=absent killpid=
08:53:14.063467890 CHANGE ledger 2098d8f56c501864cdb15e94ca685fff8ae4355f228fa6db88ac7de32f7ba058 -> ad8cd79e946541d6ac7dc9bef04cfba14af5df81c60a4d373ff6e1fb96eb2cae
08:53:14.092678289 pdns=5345/0/active/running/ named=0/inactive/dead/ agent=5447/active/ jphase=absent killpid=
08:53:14.490830542 CHANGE ledger ad8cd79e946541d6ac7dc9bef04cfba14af5df81c60a4d373ff6e1fb96eb2cae -> 75380d002be04256925fe0b08f3fd6825c46e5c06e85ad8186956fecc2b6b270
08:53:14.512122972 pdns=5345/0/active/running/ named=0/inactive/dead/ agent=5447/active/ jphase=absent killpid=
08:53:14.839575830 CHANGE ledger 75380d002be04256925fe0b08f3fd6825c46e5c06e85ad8186956fecc2b6b270 -> d2d1dc138f2164aed71caae9d295fd56b714a1b27341e419d77c368368365779
08:53:14.870592025 pdns=5345/0/active/running/ named=0/inactive/dead/ agent=5447/active/ jphase=absent killpid=
08:53:15.260079036 CHANGE ledger d2d1dc138f2164aed71caae9d295fd56b714a1b27341e419d77c368368365779 -> 88606fdd81c0e97162f46caa8c7112ec41798ce70994fb7d6142499dd89833f1
08:53:15.280679770 pdns=5345/0/active/running/ named=0/inactive/dead/ agent=5447/active/ jphase=absent killpid=
08:53:20.048119852 CHANGE ledger 88606fdd81c0e97162f46caa8c7112ec41798ce70994fb7d6142499dd89833f1 -> af96ce1ec38c858d1bc8a870fa0571f709a4e69bd33e8100ffca808ec55f9066
08:53:20.088161995 pdns=5345/0/active/running/ named=0/inactive/dead/ agent=5447/active/ jphase=absent killpid=
08:53:20.415695430 CHANGE ledger af96ce1ec38c858d1bc8a870fa0571f709a4e69bd33e8100ffca808ec55f9066 -> 90aac2c8c7578c2a6c5d7d1840db4acad84bd8b0e34874ef24d5ead8d65d4135
08:53:20.436468264 pdns=5345/0/active/running/ named=0/inactive/dead/ agent=5447/active/ jphase=absent killpid=
08:53:20.727669222 CHANGE ledger 90aac2c8c7578c2a6c5d7d1840db4acad84bd8b0e34874ef24d5ead8d65d4135 -> 3b41114bfa09d9a48a9aec7d222a06d4136cad3adf54197ba3c3df2250a7d62a
08:53:20.739635853 pdns=5345/0/active/running/ named=0/inactive/dead/ agent=5447/active/ jphase=absent killpid=
08:53:21.038459796 CHANGE ledger 3b41114bfa09d9a48a9aec7d222a06d4136cad3adf54197ba3c3df2250a7d62a -> 44f5f738e01393e59a4b95973884332d504aeed9336f806b09be4df74dd4af78
08:53:21.056533961 pdns=5345/0/active/running/ named=0/inactive/dead/ agent=5447/active/ jphase=absent killpid=
08:53:21.376982332 CHANGE ledger 44f5f738e01393e59a4b95973884332d504aeed9336f806b09be4df74dd4af78 -> c898e35749463996630f79d109d9e78f82acf0519197f815f5ad6971d128b988
08:53:21.388773293 pdns=5345/0/active/running/ named=0/inactive/dead/ agent=5447/active/ jphase=absent killpid=
08:53:21.688750127 CHANGE ledger c898e35749463996630f79d109d9e78f82acf0519197f815f5ad6971d128b988 -> 1362d6e7c57534918e5df13af0895355060eeebafb6a7c253a13d521f05850b2
08:53:21.704427134 pdns=5345/0/active/running/ named=0/inactive/dead/ agent=5447/active/ jphase=absent killpid=
08:53:22.009776025 CHANGE ledger 1362d6e7c57534918e5df13af0895355060eeebafb6a7c253a13d521f05850b2 -> 6cf12c7aafb0d22dcb78194de186e71adcf27c43a8af1037ed1e7e35d2b4b943
08:53:22.023907210 pdns=5345/0/active/running/ named=0/inactive/dead/ agent=5447/active/ jphase=absent killpid=
08:53:22.340982808 CHANGE ledger 6cf12c7aafb0d22dcb78194de186e71adcf27c43a8af1037ed1e7e35d2b4b943 -> 4d1a7c6e683569b59bd20e29fbbcd80db9ea2f45eda80acce39c1717a40e64fc
08:53:22.353398081 pdns=5345/0/active/running/ named=0/inactive/dead/ agent=5447/active/ jphase=absent killpid=
08:53:22.661998534 CHANGE ledger 4d1a7c6e683569b59bd20e29fbbcd80db9ea2f45eda80acce39c1717a40e64fc -> 6e21b9c587a1712d8eabf26e63f4ce672da59ef5f7b307bbf36a480c1e4c348c
08:53:22.676773244 pdns=5345/0/active/running/ named=0/inactive/dead/ agent=5447/active/ jphase=absent killpid=
08:53:22.976680360 CHANGE ledger 6e21b9c587a1712d8eabf26e63f4ce672da59ef5f7b307bbf36a480c1e4c348c -> af2a25306082f809525f50ac006f077c36b6220772371af8708771f9e38b7261
08:53:22.994554283 pdns=5345/0/active/running/ named=0/inactive/dead/ agent=5447/active/ jphase=absent killpid=
08:53:23.300970928 CHANGE ledger af2a25306082f809525f50ac006f077c36b6220772371af8708771f9e38b7261 -> f2803980b318d8b324eb8ae1a3f7e29e3dbfa46dbce49683aa9ac819eee5d63c
08:53:23.316421202 pdns=5345/0/active/running/ named=0/inactive/dead/ agent=5447/active/ jphase=absent killpid=
08:53:23.626862096 CHANGE ledger f2803980b318d8b324eb8ae1a3f7e29e3dbfa46dbce49683aa9ac819eee5d63c -> dc3191767093d808ed5d11699adf885d992e9f61140c68547efb545353ab00fc
08:53:23.652580276 pdns=5345/0/active/running/ named=0/inactive/dead/ agent=5447/active/ jphase=absent killpid=
08:53:24.001523374 CHANGE ledger dc3191767093d808ed5d11699adf885d992e9f61140c68547efb545353ab00fc -> 1e52f4c5c5cb05f41787ba2afaba8d33b36b0ff3a872f3402caad9479564217d
08:53:24.018773051 pdns=5345/0/active/running/ named=0/inactive/dead/ agent=5447/active/ jphase=absent killpid=
08:53:24.342417500 CHANGE ledger 1e52f4c5c5cb05f41787ba2afaba8d33b36b0ff3a872f3402caad9479564217d -> 91dc8e020bf4ace127ada3549b52d342071c8c6d500d771f8017ce11b3295b5b
08:53:24.357059726 pdns=5345/0/active/running/ named=0/inactive/dead/ agent=5447/active/ jphase=absent killpid=
08:53:24.661316595 pdns=5345/0/active/running/ named=0/inactive/dead/ agent=5447/active/ jphase=absent killpid=
08:53:25.028582571 pdns=5345/0/active/running/ named=0/inactive/dead/ agent=5447/active/ jphase=absent killpid=
08:53:25.416226826 CHANGE ledger 91dc8e020bf4ace127ada3549b52d342071c8c6d500d771f8017ce11b3295b5b -> bb042d2e9e1ac17007a097881a5b608b2afad9c5fc1dc2a840835f580d08bd1d
08:53:25.428354637 pdns=5345/0/active/running/ named=0/inactive/dead/ agent=5447/active/ jphase=absent killpid=
08:53:25.759133048 CHANGE ledger bb042d2e9e1ac17007a097881a5b608b2afad9c5fc1dc2a840835f580d08bd1d -> f332baf60647ea863f5b99733eaad5773519640a71d2bc093b162a9961253232
08:53:25.792632791 pdns=5345/0/active/running/ named=0/inactive/dead/ agent=5447/active/ jphase=absent killpid=
08:53:26.194469659 CHANGE ledger f332baf60647ea863f5b99733eaad5773519640a71d2bc093b162a9961253232 -> 063d4015ea0747db2ac5021b0d965d6e02bc23f21fa61c0b85dccbb573ed308c
08:53:26.228582639 pdns=5345/0/active/running/ named=0/inactive/dead/ agent=5447/active/ jphase=absent killpid=
08:53:26.581032961 CHANGE ledger 063d4015ea0747db2ac5021b0d965d6e02bc23f21fa61c0b85dccbb573ed308c -> 2a9474b786869796ddc41e5b14273025945db312424f2199271f82133609aaa8
08:53:26.604247121 pdns=5345/0/active/running/ named=0/inactive/dead/ agent=5447/active/ jphase=absent killpid=
08:53:26.915700736 CHANGE ledger 2a9474b786869796ddc41e5b14273025945db312424f2199271f82133609aaa8 -> 6fb8c4e539382f31b41db544d45541fd9163f093e12fa4cb705912a543b82d7f
08:53:26.930580021 pdns=5345/0/active/running/ named=0/inactive/dead/ agent=5447/active/ jphase=absent killpid=
08:53:27.215137325 pdns=5345/0/active/running/ named=0/inactive/dead/ agent=5447/active/ jphase=absent killpid=
08:53:27.551103412 CHANGE ledger 6fb8c4e539382f31b41db544d45541fd9163f093e12fa4cb705912a543b82d7f -> 3c4ab28567a3450e81672c29ee77f7fa81333d90b4f764c6e6e9e88d1af65a98
08:53:27.573197192 pdns=5345/0/active/running/ named=0/inactive/dead/ agent=5447/active/ jphase=absent killpid=
08:53:27.939775969 CHANGE ledger 3c4ab28567a3450e81672c29ee77f7fa81333d90b4f764c6e6e9e88d1af65a98 -> e762987c75ec9554a6c9f286f12b35af7eb7026db66e87d3a95a075ab34694c9
08:53:27.963651465 pdns=5345/0/active/running/ named=0/inactive/dead/ agent=5447/active/ jphase=absent killpid=
08:53:28.311083737 CHANGE ledger e762987c75ec9554a6c9f286f12b35af7eb7026db66e87d3a95a075ab34694c9 -> 21c73e5cb4b7bffe6a28ce3ff0bc64b085dc3b729d4b3af05700e95e56579639
08:53:28.331214157 pdns=5345/0/active/running/ named=0/inactive/dead/ agent=5447/active/ jphase=absent killpid=
08:53:28.635309618 CHANGE ledger 21c73e5cb4b7bffe6a28ce3ff0bc64b085dc3b729d4b3af05700e95e56579639 -> e5032e0baa974bf978bc2ea77c4f5e848ab09319ccb214db0e0c25489275a3e6
08:53:28.653205926 pdns=5345/0/active/running/ named=0/inactive/dead/ agent=5447/active/ jphase=absent killpid=
08:53:28.977934645 CHANGE ledger e5032e0baa974bf978bc2ea77c4f5e848ab09319ccb214db0e0c25489275a3e6 -> b309b760fe4539449ea79f4a54a645f7d7a52f1878f94950c93e8f94abcf1c39
08:53:28.995871979 pdns=5345/0/active/running/ named=0/inactive/dead/ agent=5447/active/ jphase=absent killpid=
08:53:29.314051774 CHANGE ledger b309b760fe4539449ea79f4a54a645f7d7a52f1878f94950c93e8f94abcf1c39 -> dac28e9a24e98b4d9877ab53bf09e853763c446c5a1d4cddd0e5f497350fbd97
08:53:29.333592355 pdns=5345/0/active/running/ named=0/inactive/dead/ agent=5447/active/ jphase=absent killpid=
08:53:29.642575368 CHANGE ledger dac28e9a24e98b4d9877ab53bf09e853763c446c5a1d4cddd0e5f497350fbd97 -> 7109d41e7c9c005b3ac07ecdad512176b61456d41960aff5a36324f706385750
08:53:29.662103149 pdns=5345/0/active/running/ named=0/inactive/dead/ agent=5447/active/ jphase=absent killpid=
08:53:29.967132939 CHANGE ledger 7109d41e7c9c005b3ac07ecdad512176b61456d41960aff5a36324f706385750 -> 483353145d11ad8a931695da2da8bf2ff08208db14ddb567c2d300fbb7cc9e24
08:53:29.993523846 pdns=5345/0/active/running/ named=0/inactive/dead/ agent=5447/active/ jphase=absent killpid=
08:53:30.285021850 CHANGE ledger 483353145d11ad8a931695da2da8bf2ff08208db14ddb567c2d300fbb7cc9e24 -> 002b62f24438c286d5296fe9ba4cec68b96589c533123abd2626a67bdef1d5ea
08:53:30.305252837 pdns=5345/0/active/running/ named=0/inactive/dead/ agent=5447/active/ jphase=absent killpid=
08:53:30.597111282 CHANGE ledger 002b62f24438c286d5296fe9ba4cec68b96589c533123abd2626a67bdef1d5ea -> 591ee4fc920d2695e4ebf47be5432472504324352571e117e16901fe05c7b4f5
08:53:30.612959458 pdns=5345/0/active/running/ named=0/inactive/dead/ agent=5447/active/ jphase=absent killpid=
08:53:30.904315041 CHANGE ledger 591ee4fc920d2695e4ebf47be5432472504324352571e117e16901fe05c7b4f5 -> d1a260ae231a6d3f71fa1e4ca01945dfd9249c4002aa5032f994e361c04f8a48
08:53:30.920131734 pdns=5345/0/active/running/ named=0/inactive/dead/ agent=5447/active/ jphase=absent killpid=
08:53:31.225109337 CHANGE ledger d1a260ae231a6d3f71fa1e4ca01945dfd9249c4002aa5032f994e361c04f8a48 -> 6ee8f400b39a137dcdf80ae4e8b4a2f86eb247283f14d8ff12c6c44a778c9cfb
08:53:31.244905753 pdns=5345/0/active/running/ named=0/inactive/dead/ agent=5447/active/ jphase=absent killpid=
08:53:31.540553958 CHANGE ledger 6ee8f400b39a137dcdf80ae4e8b4a2f86eb247283f14d8ff12c6c44a778c9cfb -> 3b081c3fb5b12635e137222468d79423c37cb74eb9d73d27c0d6a4de0d1b9325
08:53:31.554338875 pdns=5345/0/active/running/ named=0/inactive/dead/ agent=5447/active/ jphase=absent killpid=
08:53:31.845719197 CHANGE ledger 3b081c3fb5b12635e137222468d79423c37cb74eb9d73d27c0d6a4de0d1b9325 -> db5ffa349a2e8dd234227aa1421d49858375789bc8feb2b84c4296af9bfbda96
08:53:31.861434862 pdns=5345/0/active/running/ named=0/inactive/dead/ agent=5447/active/ jphase=absent killpid=
08:53:32.173069118 CHANGE ledger db5ffa349a2e8dd234227aa1421d49858375789bc8feb2b84c4296af9bfbda96 -> 49b68e716212a69490dd41041968a23666474dca2e96cf208e208eacf70732b0
08:53:32.188705174 pdns=5345/0/active/running/ named=0/inactive/dead/ agent=5447/active/ jphase=absent killpid=
08:53:32.481656545 CHANGE ledger 49b68e716212a69490dd41041968a23666474dca2e96cf208e208eacf70732b0 -> f6a686cfdf1286dd489a82ff3415fd9a4c645780c61238119857ffdd91744a36
08:53:32.493430232 pdns=5345/0/active/running/ named=0/inactive/dead/ agent=5447/active/ jphase=absent killpid=
08:53:32.794358557 CHANGE ledger f6a686cfdf1286dd489a82ff3415fd9a4c645780c61238119857ffdd91744a36 -> 21736576ba0371e4c2dc16cf83dc4109ff23518c53d022f3031e472d55d47164
08:53:32.804993513 pdns=5345/0/active/running/ named=0/inactive/dead/ agent=5447/active/ jphase=absent killpid=
08:53:33.119333541 CHANGE ledger 21736576ba0371e4c2dc16cf83dc4109ff23518c53d022f3031e472d55d47164 -> 899c33a6c12377319e7990020ed965d1c1923bea73d7caad68b7d652617f9e10
08:53:33.137967833 pdns=5345/0/active/running/ named=0/inactive/dead/ agent=5447/active/ jphase=absent killpid=
08:53:33.448825036 CHANGE ledger 899c33a6c12377319e7990020ed965d1c1923bea73d7caad68b7d652617f9e10 -> a4382acc49825d1c08e937e20a87def579b64d310ef13497602c29ac6a3cd7fe
08:53:33.469758641 pdns=5345/0/active/running/ named=0/inactive/dead/ agent=5447/active/ jphase=absent killpid=
08:53:33.765388713 CHANGE ledger a4382acc49825d1c08e937e20a87def579b64d310ef13497602c29ac6a3cd7fe -> d060741f1b1f38eb706669d2d8b9926cb17419803d281f2832ab54ec26d0748b
08:53:33.779836053 pdns=5345/0/active/running/ named=0/inactive/dead/ agent=5447/active/ jphase=absent killpid=
08:53:34.058030394 CHANGE ledger d060741f1b1f38eb706669d2d8b9926cb17419803d281f2832ab54ec26d0748b -> c2f89f49e634fad125a582f4125bab4a967f3cdc0255f499941057cda11fb7d9
08:53:34.072101681 pdns=5345/0/active/running/ named=0/inactive/dead/ agent=5447/active/ jphase=absent killpid=
08:53:34.360001388 CHANGE ledger c2f89f49e634fad125a582f4125bab4a967f3cdc0255f499941057cda11fb7d9 -> 5d260f3524bb42bed5e7244ba7d20e0a0b886d49c0e43936573bfb914180a5d2
08:53:34.379969222 pdns=5345/0/active/running/ named=0/inactive/dead/ agent=5447/active/ jphase=absent killpid=
08:53:34.666190104 CHANGE ledger 5d260f3524bb42bed5e7244ba7d20e0a0b886d49c0e43936573bfb914180a5d2 -> caf84f3f8a360a0bc13af6f4740ef4e28ea1faea390053e9f6a1e73f58ffd87e
08:53:34.682104776 pdns=5345/0/active/running/ named=0/inactive/dead/ agent=5447/active/ jphase=absent killpid=
08:53:34.973690032 CHANGE ledger caf84f3f8a360a0bc13af6f4740ef4e28ea1faea390053e9f6a1e73f58ffd87e -> 97ac48567820e7563acc4ee55f6c8e226ff3e94610a9a2528155f86405b84c83
08:53:34.988734652 pdns=5345/0/active/running/ named=0/inactive/dead/ agent=5447/active/ jphase=absent killpid=
08:53:35.274135466 CHANGE ledger 97ac48567820e7563acc4ee55f6c8e226ff3e94610a9a2528155f86405b84c83 -> e40a4e3bffd722f860784dae117a2d9ec135dc9c7421060319914ec3f1be762c
08:53:35.290154600 pdns=5345/0/active/running/ named=0/inactive/dead/ agent=5447/active/ jphase=absent killpid=
08:53:35.571745145 CHANGE ledger e40a4e3bffd722f860784dae117a2d9ec135dc9c7421060319914ec3f1be762c -> 6172b7a2e3fadc90c0967b3e4cd4c95957476616f9bff291d14fb8118b1c43ee
08:53:35.587976485 pdns=5345/0/active/running/ named=0/inactive/dead/ agent=5447/active/ jphase=absent killpid=
08:53:35.871032872 CHANGE ledger 6172b7a2e3fadc90c0967b3e4cd4c95957476616f9bff291d14fb8118b1c43ee -> 3f0a7ae2adc1b062007fde00eda31fef4c5d438a0793d5d3392bf9211c16cc96
08:53:35.885024349 pdns=5345/0/active/running/ named=0/inactive/dead/ agent=5447/active/ jphase=absent killpid=
08:53:36.163430322 CHANGE ledger 3f0a7ae2adc1b062007fde00eda31fef4c5d438a0793d5d3392bf9211c16cc96 -> 3fa56fe937c29ab41dcc0345e9789defa9206d8d2c51db50856472ae43f6e15b
08:53:36.173712311 pdns=5345/0/active/running/ named=0/inactive/dead/ agent=5447/active/ jphase=absent killpid=
08:53:36.450955536 pdns=5345/0/active/running/ named=0/inactive/dead/ agent=5447/active/ jphase=absent killpid=
08:53:36.730413771 pdns=5345/0/active/running/ named=0/inactive/dead/ agent=5447/active/ jphase=absent killpid=
08:53:37.004929077 pdns=5345/0/active/running/ named=0/inactive/dead/ agent=5447/active/ jphase=absent killpid=
08:53:37.281594826 pdns=5345/0/active/running/ named=0/inactive/dead/ agent=5447/active/ jphase=absent killpid=
08:53:37.558761759 pdns=5345/0/active/running/ named=0/inactive/dead/ agent=5447/active/ jphase=absent killpid=
08:53:37.835845804 pdns=5345/0/active/running/ named=0/inactive/dead/ agent=5447/active/ jphase=absent killpid=
08:53:38.145907221 CHANGE ledger 3fa56fe937c29ab41dcc0345e9789defa9206d8d2c51db50856472ae43f6e15b -> d6cf9916c086cd7bbfe7c6f5409d41b05045462bc39b229dd76d6c557649e3c6
08:53:38.160617027 pdns=5345/0/active/running/ named=0/inactive/dead/ agent=5447/active/ jphase=absent killpid=
08:53:38.444933638 CHANGE ledger d6cf9916c086cd7bbfe7c6f5409d41b05045462bc39b229dd76d6c557649e3c6 -> def29a64df7cac4829d243c7ae4f8cb7053b9dbe97c9efc304aa42f8e6926b0f
08:53:38.456206009 pdns=5345/0/active/running/ named=0/inactive/dead/ agent=5447/active/ jphase=absent killpid=
08:53:38.744657378 CHANGE ledger def29a64df7cac4829d243c7ae4f8cb7053b9dbe97c9efc304aa42f8e6926b0f -> 72aea98463ec57c2e65f8d7310b089e141bd54d1fde9fcf11f04067e4232ed94
08:53:38.762200008 pdns=5345/0/active/running/ named=0/inactive/dead/ agent=5447/active/ jphase=absent killpid=
08:53:39.047490558 CHANGE ledger 72aea98463ec57c2e65f8d7310b089e141bd54d1fde9fcf11f04067e4232ed94 -> 773dcd5411f6d8dde9fce81427aff9bb1f50dc011269571ffa34e5668b190406
08:53:39.065296162 pdns=5345/0/active/running/ named=0/inactive/dead/ agent=5447/active/ jphase=absent killpid=
08:53:39.356874436 CHANGE ledger 773dcd5411f6d8dde9fce81427aff9bb1f50dc011269571ffa34e5668b190406 -> 349a9635b5dbc41f01f483b0c4942918aa87cdff057d6bcbb901b09c5bfee13d
08:53:39.379384773 CHANGE pdnsdb eed824d39ba88b6dd833feca656d0fa77ea79f0b23d09e5a6182141273d6d753 -> b7b525c9bf478474906d304329e4686d4044ebdae86567f7e966b0a47f9f38e3
08:53:39.386481014 pdns=5345/0/active/running/ named=0/inactive/dead/ agent=5447/active/ jphase=absent killpid=
08:53:39.695222804 CHANGE ledger 349a9635b5dbc41f01f483b0c4942918aa87cdff057d6bcbb901b09c5bfee13d -> 0d7289de770c4aee8eb96261a80e29f33a13dd19c4d4f90e388bb122ddd47715
08:53:39.712918374 pdns=5345/0/active/running/ named=0/inactive/dead/ agent=5447/active/ jphase=absent killpid=
08:53:40.019192301 CHANGE ledger 0d7289de770c4aee8eb96261a80e29f33a13dd19c4d4f90e388bb122ddd47715 -> 7c4e29b67c0c93e7a419a2aae4b2aa6546a4f4978fd4ba596c898481b27ef705
08:53:40.037509545 pdns=5345/0/active/running/ named=0/inactive/dead/ agent=5447/active/ jphase=absent killpid=
08:53:40.336038273 CHANGE ledger 7c4e29b67c0c93e7a419a2aae4b2aa6546a4f4978fd4ba596c898481b27ef705 -> bfb81bb4d51db01341afc029ccef3f30a27dfc7ce534017f5fdcc17364e0c624
08:53:40.356202999 pdns=5345/0/active/running/ named=0/inactive/dead/ agent=5447/active/ jphase=absent killpid=
08:53:40.654957438 CHANGE ledger bfb81bb4d51db01341afc029ccef3f30a27dfc7ce534017f5fdcc17364e0c624 -> 6e4e016ead91e65f3c3275ab3d45768b46644026e35372bc552e976c79784be7
08:53:40.665680901 pdns=5345/0/active/running/ named=0/inactive/dead/ agent=5447/active/ jphase=absent killpid=
08:53:40.948304073 pdns=5345/0/active/running/ named=0/inactive/dead/ agent=5447/active/ jphase=absent killpid=
08:53:41.221341938 CHANGE ledger 6e4e016ead91e65f3c3275ab3d45768b46644026e35372bc552e976c79784be7 -> 462c0058fb461e8430c0b605cb687084ac451b7b4e80f86fd2a04a67b670e4f1
08:53:41.230979454 pdns=5345/0/active/running/ named=0/inactive/dead/ agent=5447/active/ jphase=absent killpid=
08:53:41.505329073 pdns=5345/0/active/running/ named=0/inactive/dead/ agent=5447/active/ jphase=absent killpid=
08:53:41.793715572 pdns=5345/0/active/running/ named=0/inactive/dead/ agent=5447/active/ jphase=absent killpid=
08:53:42.075655258 pdns=5345/0/active/running/ named=0/inactive/dead/ agent=5447/active/ jphase=absent killpid=
08:53:42.361087567 pdns=5345/0/active/running/ named=0/inactive/dead/ agent=5447/active/ jphase=absent killpid=
08:53:42.647296330 pdns=5345/0/active/running/ named=0/inactive/dead/ agent=5447/active/ jphase=absent killpid=
08:53:42.958570781 pdns=5345/0/active/running/ named=0/inactive/dead/ agent=5447/active/ jphase=absent killpid=
08:53:43.292230251 pdns=5345/0/active/running/ named=0/inactive/dead/ agent=5447/active/ jphase=absent killpid=
08:53:43.624655075 pdns=5345/0/active/running/ named=0/inactive/dead/ agent=5447/active/ jphase=absent killpid=
08:53:43.949545753 pdns=5345/0/active/running/ named=0/inactive/dead/ agent=5447/active/ jphase=absent killpid=
08:53:44.245481267 pdns=5345/0/active/running/ named=0/inactive/dead/ agent=5447/active/ jphase=absent killpid=
08:53:44.582993158 pdns=5345/0/active/running/ named=0/inactive/dead/ agent=5447/active/ jphase=absent killpid=
08:53:44.907222695 pdns=5345/0/active/running/ named=0/inactive/dead/ agent=5447/active/ jphase=absent killpid=
08:53:45.245948716 pdns=5345/0/active/running/ named=0/inactive/dead/ agent=5447/active/ jphase=absent killpid=
08:53:45.603843807 pdns=5345/0/active/running/ named=0/inactive/dead/ agent=0/inactive/ jphase=absent killpid=
08:53:45.953742079 pdns=5345/0/active/running/ named=0/inactive/dead/ agent=0/inactive/ jphase=absent killpid=
08:53:46.281495071 pdns=5345/0/active/running/ named=0/inactive/dead/ agent=0/inactive/ jphase=absent killpid=
08:53:46.579680167 pdns=5345/0/active/running/ named=0/inactive/dead/ agent=0/inactive/ jphase=absent killpid=
08:53:46.867957501 pdns=5345/0/active/running/ named=0/inactive/dead/ agent=0/inactive/ jphase=absent killpid=
08:53:47.168242040 pdns=5345/0/active/running/ named=0/inactive/dead/ agent=0/inactive/ jphase=absent killpid=
08:53:47.464155449 pdns=5345/0/active/running/ named=0/inactive/dead/ agent=0/inactive/ jphase=absent killpid=
08:53:47.756404662 pdns=5345/0/active/running/ named=0/inactive/dead/ agent=0/inactive/ jphase=absent killpid=
08:53:48.043050870 pdns=5345/0/active/running/ named=0/inactive/dead/ agent=0/inactive/ jphase=absent killpid=
08:53:48.331664022 pdns=5345/0/active/running/ named=0/inactive/dead/ agent=0/inactive/ jphase=absent killpid=
08:53:48.613051034 pdns=5345/0/active/running/ named=0/inactive/dead/ agent=0/inactive/ jphase=absent killpid=
08:53:48.899768014 pdns=5345/0/active/running/ named=0/inactive/dead/ agent=0/inactive/ jphase=absent killpid=
08:53:49.179990382 pdns=5345/0/active/running/ named=0/inactive/dead/ agent=0/inactive/ jphase=absent killpid=
08:53:49.457429253 pdns=5345/0/active/running/ named=0/inactive/dead/ agent=0/inactive/ jphase=absent killpid=
08:53:49.734402030 pdns=5345/0/active/running/ named=0/inactive/dead/ agent=0/inactive/ jphase=absent killpid=
08:53:50.020559504 pdns=5345/0/active/running/ named=0/inactive/dead/ agent=0/inactive/ jphase=absent killpid=
08:53:50.307992682 pdns=5345/0/active/running/ named=0/inactive/dead/ agent=0/inactive/ jphase=absent killpid=
08:53:50.588906197 pdns=5345/0/active/running/ named=0/inactive/dead/ agent=0/inactive/ jphase=absent killpid=
08:53:50.873065698 pdns=5345/0/active/running/ named=0/inactive/dead/ agent=0/inactive/ jphase=absent killpid=
08:53:51.159037459 pdns=5345/0/active/running/ named=0/inactive/dead/ agent=0/inactive/ jphase=absent killpid=
08:53:51.451100406 pdns=5345/0/active/running/ named=0/inactive/dead/ agent=0/inactive/ jphase=absent killpid=
08:53:51.761372135 pdns=5345/0/active/running/ named=0/inactive/dead/ agent=0/inactive/ jphase=absent killpid=
08:53:52.066661843 pdns=5345/0/active/running/ named=0/inactive/dead/ agent=0/inactive/ jphase=absent killpid=
08:53:52.363579829 pdns=5345/0/active/running/ named=0/inactive/dead/ agent=0/inactive/ jphase=absent killpid=
08:53:52.697567923 pdns=5345/0/active/running/ named=0/inactive/dead/ agent=0/inactive/ jphase=absent killpid=
08:53:53.004589704 pdns=5345/0/active/running/ named=0/inactive/dead/ agent=0/inactive/ jphase=absent killpid=
08:53:53.300427413 pdns=5345/0/active/running/ named=0/inactive/dead/ agent=0/inactive/ jphase=absent killpid=
08:53:53.591151498 pdns=5345/0/active/running/ named=0/inactive/dead/ agent=0/inactive/ jphase=absent killpid=
08:53:53.900370815 pdns=5345/0/active/running/ named=0/inactive/dead/ agent=0/inactive/ jphase=absent killpid=
08:53:54.245023877 pdns=5345/0/active/running/ named=0/inactive/dead/ agent=0/inactive/ jphase=absent killpid=
08:53:54.544142332 pdns=5345/0/active/running/ named=0/inactive/dead/ agent=0/inactive/ jphase=absent killpid=
08:53:54.839270412 pdns=5345/0/active/running/ named=0/inactive/dead/ agent=0/inactive/ jphase=absent killpid=
08:53:55.147047352 pdns=5345/0/active/running/ named=0/inactive/dead/ agent=0/inactive/ jphase=absent killpid=
08:53:55.435105657 pdns=5345/0/active/running/ named=0/inactive/dead/ agent=0/inactive/ jphase=absent killpid=
08:53:55.736880818 pdns=5345/0/active/running/ named=0/inactive/dead/ agent=0/inactive/ jphase=absent killpid=
08:53:56.056359380 pdns=5345/0/active/running/ named=0/inactive/dead/ agent=0/inactive/ jphase=absent killpid=
08:53:56.363004900 pdns=5345/0/active/running/ named=0/inactive/dead/ agent=0/inactive/ jphase=absent killpid=
08:53:56.662173126 pdns=5345/0/active/running/ named=0/inactive/dead/ agent=0/inactive/ jphase=absent killpid=
08:53:56.975408574 pdns=5345/0/active/running/ named=0/inactive/dead/ agent=0/inactive/ jphase=absent killpid=
08:53:57.267717516 pdns=5345/0/active/running/ named=0/inactive/dead/ agent=0/inactive/ jphase=absent killpid=
08:53:57.556629286 pdns=5345/0/active/running/ named=0/inactive/dead/ agent=0/inactive/ jphase=absent killpid=
08:53:57.846672689 pdns=5345/0/active/running/ named=0/inactive/dead/ agent=0/inactive/ jphase=absent killpid=
08:53:58.133737179 pdns=5345/0/active/running/ named=0/inactive/dead/ agent=0/inactive/ jphase=absent killpid=
08:53:58.415231572 pdns=5345/0/active/running/ named=0/inactive/dead/ agent=0/inactive/ jphase=absent killpid=
08:53:58.695236594 pdns=5345/0/active/running/ named=0/inactive/dead/ agent=0/inactive/ jphase=absent killpid=
08:53:58.976289734 pdns=5345/0/active/running/ named=0/inactive/dead/ agent=0/inactive/ jphase=absent killpid=
08:53:59.263946718 pdns=5345/0/active/running/ named=0/inactive/dead/ agent=0/inactive/ jphase=absent killpid=
08:53:59.551974159 pdns=5345/0/active/running/ named=0/inactive/dead/ agent=0/inactive/ jphase=absent killpid=
08:53:59.840487171 pdns=5345/0/active/running/ named=0/inactive/dead/ agent=0/inactive/ jphase=absent killpid=
08:54:00.125363292 pdns=5345/0/active/running/ named=0/inactive/dead/ agent=0/inactive/ jphase=absent killpid=
08:54:00.407017367 pdns=5345/0/active/running/ named=0/inactive/dead/ agent=0/inactive/ jphase=absent killpid=
08:54:00.706565636 pdns=5345/0/active/running/ named=0/inactive/dead/ agent=0/inactive/ jphase=absent killpid=
08:54:00.991930954 pdns=5345/0/active/running/ named=0/inactive/dead/ agent=0/inactive/ jphase=absent killpid=
08:54:01.269745823 pdns=5345/0/active/running/ named=0/inactive/dead/ agent=0/inactive/ jphase=absent killpid=
08:54:01.554414986 pdns=5345/0/active/running/ named=0/inactive/dead/ agent=0/inactive/ jphase=absent killpid=
08:54:01.842126874 pdns=5345/0/active/running/ named=0/inactive/dead/ agent=0/inactive/ jphase=absent killpid=
08:54:02.131498588 pdns=5345/0/active/running/ named=0/inactive/dead/ agent=0/inactive/ jphase=absent killpid=
08:54:02.423017019 pdns=5345/0/active/running/ named=0/inactive/dead/ agent=0/inactive/ jphase=absent killpid=
08:54:02.707520489 pdns=5345/0/active/running/ named=0/inactive/dead/ agent=0/inactive/ jphase=absent killpid=
08:54:02.994745072 pdns=5345/0/active/running/ named=0/inactive/dead/ agent=0/inactive/ jphase=absent killpid=
08:54:03.276700169 pdns=5345/0/active/running/ named=0/inactive/dead/ agent=0/inactive/ jphase=absent killpid=
08:54:03.555323683 pdns=5345/0/active/running/ named=0/inactive/dead/ agent=0/inactive/ jphase=absent killpid=
08:54:03.837087482 pdns=5345/0/active/running/ named=0/inactive/dead/ agent=0/inactive/ jphase=absent killpid=
08:54:04.119786331 pdns=5345/0/active/running/ named=0/inactive/dead/ agent=0/inactive/ jphase=absent killpid=
08:54:04.398719845 pdns=5345/0/active/running/ named=0/inactive/dead/ agent=0/inactive/ jphase=absent killpid=
08:54:04.681743654 pdns=5345/0/active/running/ named=0/inactive/dead/ agent=0/inactive/ jphase=absent killpid=
08:54:04.959778566 pdns=5345/0/active/running/ named=0/inactive/dead/ agent=0/inactive/ jphase=absent killpid=
08:54:05.252386849 pdns=5345/0/active/running/ named=0/inactive/dead/ agent=0/inactive/ jphase=absent killpid=
08:54:05.551542489 pdns=5345/0/active/running/ named=0/inactive/dead/ agent=0/inactive/ jphase=absent killpid=
08:54:05.839665113 pdns=5345/0/active/running/ named=0/inactive/dead/ agent=0/inactive/ jphase=absent killpid=
08:54:06.121843461 pdns=5345/0/active/running/ named=0/inactive/dead/ agent=0/inactive/ jphase=absent killpid=
08:54:06.416324969 pdns=5345/0/active/running/ named=0/inactive/dead/ agent=0/inactive/ jphase=absent killpid=
08:54:06.739140848 pdns=5345/0/active/running/ named=0/inactive/dead/ agent=0/inactive/ jphase=absent killpid=
08:54:07.065101691 pdns=5345/0/active/running/ named=0/inactive/dead/ agent=0/inactive/ jphase=absent killpid=
08:54:07.384145928 pdns=5345/0/active/running/ named=0/inactive/dead/ agent=0/inactive/ jphase=absent killpid=
08:54:07.676345845 pdns=5345/0/active/running/ named=0/inactive/dead/ agent=0/inactive/ jphase=absent killpid=
08:54:08.000641630 pdns=5345/0/active/running/ named=0/inactive/dead/ agent=0/inactive/ jphase=absent killpid=
08:54:08.292890066 pdns=5345/0/active/running/ named=0/inactive/dead/ agent=0/inactive/ jphase=absent killpid=
08:54:08.577688520 pdns=5345/0/active/running/ named=0/inactive/dead/ agent=0/inactive/ jphase=absent killpid=
08:54:08.870919975 pdns=5345/0/active/running/ named=0/inactive/dead/ agent=0/inactive/ jphase=absent killpid=
08:54:09.166507627 pdns=5345/0/active/running/ named=0/inactive/dead/ agent=0/inactive/ jphase=absent killpid=
08:54:09.452285452 pdns=5345/0/active/running/ named=0/inactive/dead/ agent=0/inactive/ jphase=absent killpid=
08:54:09.735430254 pdns=5345/0/active/running/ named=0/inactive/dead/ agent=0/inactive/ jphase=absent killpid=
08:54:10.014796954 pdns=5345/0/active/running/ named=0/inactive/dead/ agent=0/inactive/ jphase=absent killpid=
08:54:10.293170761 pdns=5345/0/active/running/ named=0/inactive/dead/ agent=0/inactive/ jphase=absent killpid=
08:54:10.571422447 pdns=5345/0/active/running/ named=0/inactive/dead/ agent=0/inactive/ jphase=absent killpid=
08:54:10.854719575 pdns=5345/0/active/running/ named=0/inactive/dead/ agent=0/inactive/ jphase=absent killpid=
08:54:11.136325522 pdns=5345/0/active/running/ named=0/inactive/dead/ agent=0/inactive/ jphase=absent killpid=
08:54:11.419774314 pdns=5345/0/active/running/ named=0/inactive/dead/ agent=0/inactive/ jphase=absent killpid=
08:54:11.706071776 pdns=5345/0/active/running/ named=0/inactive/dead/ agent=0/inactive/ jphase=absent killpid=
08:54:11.984685513 pdns=5345/0/active/running/ named=0/inactive/dead/ agent=0/inactive/ jphase=absent killpid=
08:54:12.260578633 pdns=5345/0/active/running/ named=0/inactive/dead/ agent=0/inactive/ jphase=absent killpid=
08:54:12.550785538 pdns=5345/0/active/running/ named=0/inactive/dead/ agent=0/inactive/ jphase=absent killpid=
08:54:12.829163924 pdns=5345/0/active/running/ named=0/inactive/dead/ agent=0/inactive/ jphase=absent killpid=
08:54:13.103285841 pdns=5345/0/active/running/ named=0/inactive/dead/ agent=0/inactive/ jphase=absent killpid=
08:54:13.380930735 pdns=5345/0/active/running/ named=0/inactive/dead/ agent=0/inactive/ jphase=absent killpid=
08:54:13.654171605 pdns=5345/0/active/running/ named=0/inactive/dead/ agent=0/inactive/ jphase=absent killpid=
08:54:13.930351811 pdns=5345/0/active/running/ named=0/inactive/dead/ agent=0/inactive/ jphase=absent killpid=
08:54:14.206970075 pdns=5345/0/active/running/ named=0/inactive/dead/ agent=0/inactive/ jphase=absent killpid=
08:54:14.480752353 pdns=5345/0/active/running/ named=0/inactive/dead/ agent=0/inactive/ jphase=absent killpid=
08:54:14.758979014 pdns=5345/0/active/running/ named=0/inactive/dead/ agent=0/inactive/ jphase=absent killpid=
08:54:15.035348427 pdns=5345/0/active/running/ named=0/inactive/dead/ agent=0/inactive/ jphase=absent killpid=
08:54:15.316129008 pdns=5345/0/active/running/ named=0/inactive/dead/ agent=0/inactive/ jphase=absent killpid=
08:54:15.598553301 pdns=5345/0/active/running/ named=0/inactive/dead/ agent=0/inactive/ jphase=absent killpid=
08:54:15.874816561 pdns=5345/0/active/running/ named=0/inactive/dead/ agent=0/inactive/ jphase=absent killpid=
08:54:16.149963951 pdns=5345/0/active/running/ named=0/inactive/dead/ agent=0/inactive/ jphase=absent killpid=
08:54:16.428760954 pdns=5345/0/active/running/ named=0/inactive/dead/ agent=0/inactive/ jphase=absent killpid=
08:54:16.702540799 pdns=5345/0/active/running/ named=0/inactive/dead/ agent=0/inactive/ jphase=absent killpid=
08:54:16.984490498 pdns=5345/0/active/running/ named=0/inactive/dead/ agent=0/inactive/ jphase=absent killpid=
08:54:17.267430932 pdns=5345/0/active/running/ named=0/inactive/dead/ agent=0/inactive/ jphase=absent killpid=
08:54:17.545139153 pdns=5345/0/active/running/ named=0/inactive/dead/ agent=0/inactive/ jphase=absent killpid=
08:54:17.822325912 pdns=5345/0/active/running/ named=0/inactive/dead/ agent=0/inactive/ jphase=absent killpid=
08:54:18.095136902 pdns=5345/0/active/running/ named=0/inactive/dead/ agent=0/inactive/ jphase=absent killpid=
08:54:18.370655642 pdns=5345/0/active/running/ named=0/inactive/dead/ agent=0/inactive/ jphase=absent killpid=
08:54:18.646215184 pdns=5345/0/active/running/ named=0/inactive/dead/ agent=0/inactive/ jphase=absent killpid=
08:54:18.925529042 pdns=5345/0/active/running/ named=0/inactive/dead/ agent=0/inactive/ jphase=absent killpid=
08:54:19.206456818 pdns=5345/0/active/running/ named=0/inactive/dead/ agent=0/inactive/ jphase=absent killpid=
08:54:19.484263905 pdns=5345/0/active/running/ named=0/inactive/dead/ agent=0/inactive/ jphase=absent killpid=
08:54:19.758777367 pdns=5345/0/active/running/ named=0/inactive/dead/ agent=0/inactive/ jphase=absent killpid=
08:54:20.033241178 pdns=5345/0/active/running/ named=0/inactive/dead/ agent=0/inactive/ jphase=absent killpid=
08:54:20.314320091 pdns=5345/0/active/running/ named=0/inactive/dead/ agent=0/inactive/ jphase=absent killpid=
08:54:20.590074046 pdns=5345/0/active/running/ named=0/inactive/dead/ agent=0/inactive/ jphase=absent killpid=
08:54:20.867365507 CHANGE pdnsdb b7b525c9bf478474906d304329e4686d4044ebdae86567f7e966b0a47f9f38e3 -> 46fac957357c9bfbff6f1dbbef071a684f8f14d8e8018eaa328a411d717f00e3
08:54:20.871026335 pdns=5345/0/active/running/ named=0/inactive/dead/ agent=0/inactive/ jphase=absent killpid=
08:54:21.152773578 pdns=5345/0/active/running/ named=0/inactive/dead/ agent=0/inactive/ jphase=absent killpid=
08:54:21.427708898 pdns=5345/0/active/running/ named=0/inactive/dead/ agent=0/inactive/ jphase=absent killpid=
08:54:21.703648126 pdns=5345/0/active/running/ named=0/inactive/dead/ agent=0/inactive/ jphase=absent killpid=
08:54:21.987586309 pdns=5345/0/active/running/ named=0/inactive/dead/ agent=0/inactive/ jphase=absent killpid=
08:54:22.270598463 pdns=5345/0/active/running/ named=0/inactive/dead/ agent=0/inactive/ jphase=absent killpid=
08:54:22.556429088 pdns=5345/0/active/running/ named=0/inactive/dead/ agent=0/inactive/ jphase=absent killpid=
08:54:22.837123994 pdns=5345/0/active/running/ named=0/inactive/dead/ agent=0/inactive/ jphase=absent killpid=
08:54:23.110894437 pdns=5345/0/active/running/ named=0/inactive/dead/ agent=0/inactive/ jphase=absent killpid=
08:54:23.390970781 pdns=5345/0/active/running/ named=0/inactive/dead/ agent=0/inactive/ jphase=absent killpid=
08:54:23.664153186 pdns=5345/0/active/running/ named=0/inactive/dead/ agent=0/inactive/ jphase=absent killpid=
08:54:23.937814754 pdns=5345/0/active/running/ named=0/inactive/dead/ agent=0/inactive/ jphase=absent killpid=
08:54:24.214062655 pdns=5345/0/active/running/ named=0/inactive/dead/ agent=0/inactive/ jphase=absent killpid=
08:54:24.487062095 pdns=5345/0/active/running/ named=0/inactive/dead/ agent=0/inactive/ jphase=absent killpid=
08:54:24.761547213 pdns=5345/0/active/running/ named=0/inactive/dead/ agent=0/inactive/ jphase=absent killpid=
08:54:25.035870468 pdns=5345/0/active/running/ named=0/inactive/dead/ agent=0/inactive/ jphase=absent killpid=
08:54:25.311615467 pdns=5345/0/active/running/ named=0/inactive/dead/ agent=0/inactive/ jphase=absent killpid=
08:54:25.595442524 pdns=5345/0/active/running/ named=0/inactive/dead/ agent=0/inactive/ jphase=absent killpid=
08:54:25.875158036 pdns=5345/0/active/running/ named=0/inactive/dead/ agent=0/inactive/ jphase=absent killpid=
08:54:26.152077576 pdns=5345/0/active/running/ named=0/inactive/dead/ agent=0/inactive/ jphase=absent killpid=
08:54:26.425418819 pdns=5345/0/active/running/ named=0/inactive/dead/ agent=0/inactive/ jphase=absent killpid=
08:54:26.701802803 pdns=5345/0/active/running/ named=0/inactive/dead/ agent=0/inactive/ jphase=absent killpid=
08:54:26.977416464 pdns=5345/0/active/running/ named=0/inactive/dead/ agent=0/inactive/ jphase=absent killpid=
08:54:27.252297968 pdns=5345/0/active/running/ named=0/inactive/dead/ agent=0/inactive/ jphase=absent killpid=
08:54:27.526709185 pdns=5345/0/active/running/ named=0/inactive/dead/ agent=0/inactive/ jphase=absent killpid=
08:54:27.803775635 pdns=5345/0/active/running/ named=0/inactive/dead/ agent=0/inactive/ jphase=absent killpid=
08:54:28.076678108 pdns=5345/0/active/running/ named=0/inactive/dead/ agent=0/inactive/ jphase=absent killpid=
08:54:28.352930061 pdns=5345/0/active/running/ named=0/inactive/dead/ agent=0/inactive/ jphase=absent killpid=
08:54:28.627991385 pdns=5345/0/active/running/ named=0/inactive/dead/ agent=0/inactive/ jphase=absent killpid=
08:54:28.906661545 pdns=5345/0/active/running/ named=0/inactive/dead/ agent=0/inactive/ jphase=absent killpid=
08:54:29.192989847 pdns=5345/0/active/running/ named=0/inactive/dead/ agent=0/inactive/ jphase=absent killpid=
08:54:29.470096342 pdns=5345/0/active/running/ named=0/inactive/dead/ agent=0/inactive/ jphase=absent killpid=
08:54:29.749450340 pdns=5345/0/active/running/ named=0/inactive/dead/ agent=0/inactive/ jphase=absent killpid=
08:54:30.022956028 pdns=5345/0/active/running/ named=0/inactive/dead/ agent=0/inactive/ jphase=absent killpid=
08:54:30.298069382 pdns=5345/0/active/running/ named=0/inactive/dead/ agent=0/inactive/ jphase=absent killpid=
08:54:30.572065775 pdns=5345/0/active/running/ named=0/inactive/dead/ agent=0/inactive/ jphase=absent killpid=
08:54:30.851976620 pdns=5345/0/active/running/ named=0/inactive/dead/ agent=0/inactive/ jphase=absent killpid=
08:54:31.124733594 pdns=5345/0/active/running/ named=0/inactive/dead/ agent=0/inactive/ jphase=absent killpid=
08:54:31.398804472 pdns=5345/0/active/running/ named=0/inactive/dead/ agent=0/inactive/ jphase=absent killpid=
08:54:31.674943918 pdns=5345/0/active/running/ named=0/inactive/dead/ agent=0/inactive/ jphase=absent killpid=
08:54:31.948234062 pdns=5345/0/active/running/ named=0/inactive/dead/ agent=0/inactive/ jphase=absent killpid=
08:54:32.226055109 pdns=5345/0/active/running/ named=0/inactive/dead/ agent=0/inactive/ jphase=absent killpid=
08:54:32.508720533 pdns=5345/0/active/running/ named=0/inactive/dead/ agent=0/inactive/ jphase=absent killpid=
08:54:32.787468779 pdns=5345/0/active/running/ named=0/inactive/dead/ agent=0/inactive/ jphase=absent killpid=
08:54:33.066642862 pdns=5345/0/active/running/ named=0/inactive/dead/ agent=0/inactive/ jphase=absent killpid=
08:54:33.344825455 pdns=5345/0/active/running/ named=0/inactive/dead/ agent=0/inactive/ jphase=absent killpid=
08:54:33.618944394 pdns=5345/0/active/running/ named=0/inactive/dead/ agent=0/inactive/ jphase=absent killpid=
08:54:33.893357167 pdns=5345/0/active/running/ named=0/inactive/dead/ agent=0/inactive/ jphase=absent killpid=
08:54:34.169147719 pdns=5345/0/active/running/ named=0/inactive/dead/ agent=0/inactive/ jphase=absent killpid=
08:54:34.444220141 pdns=5345/0/active/running/ named=0/inactive/dead/ agent=0/inactive/ jphase=absent killpid=
08:54:34.719832521 pdns=5345/0/active/running/ named=0/inactive/dead/ agent=0/inactive/ jphase=absent killpid=
08:54:34.994959713 pdns=5345/0/active/running/ named=0/inactive/dead/ agent=0/inactive/ jphase=absent killpid=
08:54:35.270710704 pdns=5345/0/active/running/ named=0/inactive/dead/ agent=0/inactive/ jphase=absent killpid=
08:54:35.551741302 pdns=5345/0/active/running/ named=0/inactive/dead/ agent=0/inactive/ jphase=absent killpid=
08:54:35.831871137 pdns=5345/0/active/running/ named=0/inactive/dead/ agent=0/inactive/ jphase=absent killpid=
08:54:36.114746593 pdns=5345/0/active/running/ named=0/inactive/dead/ agent=0/inactive/ jphase=absent killpid=
08:54:36.390484011 pdns=5345/0/active/running/ named=0/inactive/dead/ agent=0/inactive/ jphase=absent killpid=
08:54:36.664687201 pdns=5345/0/active/running/ named=0/inactive/dead/ agent=0/inactive/ jphase=absent killpid=
08:54:36.938775169 pdns=5345/0/active/running/ named=0/inactive/dead/ agent=0/inactive/ jphase=absent killpid=
08:54:37.212697320 pdns=5345/0/active/running/ named=0/inactive/dead/ agent=0/inactive/ jphase=absent killpid=
08:54:37.489216842 pdns=5345/0/active/running/ named=0/inactive/dead/ agent=0/inactive/ jphase=absent killpid=
08:54:37.774200596 pdns=5345/0/active/running/ named=0/inactive/dead/ agent=0/inactive/ jphase=absent killpid=
08:54:38.057474358 pdns=5345/0/active/running/ named=0/inactive/dead/ agent=0/inactive/ jphase=absent killpid=
08:54:38.345887804 pdns=5345/0/active/running/ named=0/inactive/dead/ agent=0/inactive/ jphase=absent killpid=
08:54:38.619812004 pdns=5345/0/active/running/ named=0/inactive/dead/ agent=0/inactive/ jphase=absent killpid=
08:54:38.895235740 pdns=5345/0/active/running/ named=0/inactive/dead/ agent=0/inactive/ jphase=absent killpid=
08:54:39.169921438 pdns=5345/0/active/running/ named=0/inactive/dead/ agent=0/inactive/ jphase=absent killpid=
