05:23:50.026145610 CHANGE journal none -> absent
05:23:50.038571199 CHANGE ledger none -> 177f61d12ed0bb85e6ea535b807b376e26bbe0871405a13867c0b3cb6ea4b211
05:23:50.043563601 CHANGE state none -> absent
05:23:50.047881679 CHANGE pdnsdb none -> absent
05:23:50.052023374 POINTER 
05:23:50.054439211 pdns=0/0/inactive/dead/ named=0/inactive/dead/ agent=0/inactive/ jphase=absent killpid=
05:23:50.341721394 pdns=0/0/inactive/dead/ named=0/inactive/dead/ agent=0/inactive/ jphase=absent killpid=
05:23:50.620505147 pdns=0/0/inactive/dead/ named=0/inactive/dead/ agent=0/inactive/ jphase=absent killpid=
05:23:50.899883450 pdns=0/0/inactive/dead/ named=0/inactive/dead/ agent=0/inactive/ jphase=absent killpid=
05:23:51.181732128 pdns=0/0/inactive/dead/ named=0/inactive/dead/ agent=0/inactive/ jphase=absent killpid=
05:23:51.479088158 pdns=0/0/inactive/dead/ named=0/inactive/dead/ agent=0/inactive/ jphase=absent killpid=
05:23:51.757177443 pdns=0/0/inactive/dead/ named=0/inactive/dead/ agent=0/inactive/ jphase=absent killpid=
05:23:52.058533511 pdns=0/0/inactive/dead/ named=0/inactive/dead/ agent=0/inactive/ jphase=absent killpid=
05:23:52.357546822 pdns=0/0/inactive/dead/ named=0/inactive/dead/ agent=0/inactive/ jphase=absent killpid=
05:23:52.659536874 pdns=0/0/inactive/dead/ named=0/inactive/dead/ agent=0/inactive/ jphase=absent killpid=2096,
05:23:52.937788746 pdns=0/0/inactive/dead/ named=0/inactive/dead/ agent=0/inactive/ jphase=absent killpid=2096,
05:23:53.213073115 pdns=0/0/inactive/dead/ named=0/inactive/dead/ agent=0/inactive/ jphase=absent killpid=2096,
05:23:53.494365300 pdns=0/0/inactive/dead/ named=0/inactive/dead/ agent=0/inactive/ jphase=absent killpid=2096,
05:23:53.776026118 CHANGE ledger 177f61d12ed0bb85e6ea535b807b376e26bbe0871405a13867c0b3cb6ea4b211 -> 669ab0750008335542a44c2297de5e338be012b4bac1ff1e86cb2981bb92fccb
05:23:53.780846704 pdns=0/0/inactive/dead/ named=0/inactive/dead/ agent=0/inactive/ jphase=absent killpid=2096,
05:23:54.091344574 CHANGE ledger 669ab0750008335542a44c2297de5e338be012b4bac1ff1e86cb2981bb92fccb -> e509df67baaf3b04500c21771cd58028653e95973ed237f9ded32ace0e562a05
05:23:54.095422691 pdns=0/0/inactive/dead/ named=0/inactive/dead/ agent=0/inactive/ jphase=absent killpid=2096,2432,
05:23:54.399305105 CHANGE ledger e509df67baaf3b04500c21771cd58028653e95973ed237f9ded32ace0e562a05 -> 788761c4c2648916c664ee72607a94c7fd9f547bb773120426d2e9f5a7ad48f4
05:23:54.407681438 pdns=0/0/inactive/dead/ named=0/inactive/dead/ agent=0/inactive/ jphase=absent killpid=2096,2432,
05:23:54.685945078 pdns=0/0/inactive/dead/ named=0/inactive/dead/ agent=0/inactive/ jphase=absent killpid=2096,2432,
05:23:54.980479893 pdns=0/0/inactive/dead/ named=0/inactive/dead/ agent=0/inactive/ jphase=absent killpid=2096,2432,
05:23:55.384854132 pdns=0/0/inactive/dead/ named=0/inactive/dead/ agent=0/inactive/ jphase=absent killpid=2096,2432,
05:23:55.748227740 pdns=0/0/inactive/dead/ named=0/inactive/dead/ agent=0/inactive/ jphase=absent killpid=2096,2432,
05:23:56.077047902 pdns=0/0/inactive/dead/ named=0/inactive/dead/ agent=0/inactive/ jphase=absent killpid=2096,2432,
05:23:56.412468780 pdns=0/0/inactive/dead/ named=0/inactive/dead/ agent=0/inactive/ jphase=absent killpid=2096,2432,
05:23:57.165086913 pdns=0/0/inactive/dead/ named=0/inactive/dead/ agent=0/inactive/ jphase=absent killpid=2096,2432,
05:23:57.483970436 pdns=0/0/inactive/dead/ named=0/inactive/dead/ agent=0/inactive/ jphase=absent killpid=2096,2432,
05:23:57.784623456 pdns=0/0/inactive/dead/ named=0/inactive/dead/ agent=0/inactive/ jphase=absent killpid=2096,2432,
05:23:58.102477601 CHANGE ledger 788761c4c2648916c664ee72607a94c7fd9f547bb773120426d2e9f5a7ad48f4 -> 67c5cd1beb4bc7033601a942172228b1fe2e699d5a0bdfaca632900d4971fd92
05:23:58.108150230 pdns=0/0/inactive/dead/ named=0/inactive/dead/ agent=0/inactive/ jphase=absent killpid=2096,2933,
05:23:58.476678613 CHANGE ledger 67c5cd1beb4bc7033601a942172228b1fe2e699d5a0bdfaca632900d4971fd92 -> 7978bd5ec5d8d4fe8cf6a0f63c719b65813cba9d3cd15a3e5496f400da74bad9
05:23:58.482816561 pdns=0/0/inactive/dead/ named=0/inactive/dead/ agent=0/inactive/ jphase=absent killpid=2096,3074,
05:23:59.185337042 CHANGE ledger 7978bd5ec5d8d4fe8cf6a0f63c719b65813cba9d3cd15a3e5496f400da74bad9 -> 037c18890997055f68a6c543f0300565288fabb3c79a44a1754ab66b8d6cf1a8
05:23:59.198301110 pdns=0/0/inactive/dead/ named=0/inactive/dead/ agent=0/inactive/ jphase=absent killpid=2096,3171,
05:23:59.527261687 CHANGE ledger 037c18890997055f68a6c543f0300565288fabb3c79a44a1754ab66b8d6cf1a8 -> 551b79df4e2668937c537f4b3b3f0be79a4a4aae1a2280be394566e842014b89
05:23:59.531332004 pdns=0/0/inactive/dead/ named=0/inactive/dead/ agent=0/inactive/ jphase=absent killpid=2096,3171,
05:23:59.818102565 pdns=0/0/inactive/dead/ named=0/inactive/dead/ agent=0/inactive/ jphase=absent killpid=2096,3171,
05:24:00.119844292 pdns=0/0/inactive/dead/ named=0/inactive/dead/ agent=0/inactive/ jphase=absent killpid=2096,3171,
05:24:00.415015758 pdns=0/0/inactive/dead/ named=0/inactive/dead/ agent=0/inactive/ jphase=absent killpid=2096,3171,
05:24:00.702531397 pdns=0/0/inactive/dead/ named=0/inactive/dead/ agent=0/inactive/ jphase=absent killpid=2096,3171,
05:24:00.984856478 pdns=0/0/inactive/dead/ named=0/inactive/dead/ agent=0/inactive/ jphase=absent killpid=2096,3171,
05:24:01.266934255 pdns=0/0/inactive/dead/ named=0/inactive/dead/ agent=0/inactive/ jphase=absent killpid=2096,3171,
05:24:01.549945428 pdns=0/0/inactive/dead/ named=0/inactive/dead/ agent=0/inactive/ jphase=absent killpid=2096,3171,
05:24:01.833398277 pdns=0/0/inactive/dead/ named=0/inactive/dead/ agent=0/inactive/ jphase=absent killpid=2096,3171,
05:24:02.112557567 pdns=0/0/inactive/dead/ named=0/inactive/dead/ agent=0/inactive/ jphase=absent killpid=2096,3171,
05:24:02.401660399 pdns=0/0/inactive/dead/ named=0/inactive/dead/ agent=0/inactive/ jphase=absent killpid=2096,3171,
05:24:02.694689840 pdns=0/0/inactive/dead/ named=0/inactive/dead/ agent=0/inactive/ jphase=absent killpid=2096,3171,
05:24:02.991489627 pdns=0/0/inactive/dead/ named=0/inactive/dead/ agent=0/inactive/ jphase=absent killpid=2096,3171,
05:24:03.303241963 pdns=0/0/inactive/dead/ named=0/inactive/dead/ agent=0/inactive/ jphase=absent killpid=2096,3171,
05:24:03.601946644 pdns=0/0/inactive/dead/ named=0/inactive/dead/ agent=0/inactive/ jphase=absent killpid=2096,3171,
05:24:03.890567618 CHANGE ledger 551b79df4e2668937c537f4b3b3f0be79a4a4aae1a2280be394566e842014b89 -> 2218455072b73730ea3d67e5d2eba532bc437758fd1fa11502af88763453a72b
05:24:03.895470733 pdns=0/0/inactive/dead/ named=0/inactive/dead/ agent=0/inactive/ jphase=absent killpid=2096,3171,
05:24:04.197898981 pdns=0/0/inactive/dead/ named=0/inactive/dead/ agent=0/inactive/ jphase=absent killpid=2096,3171,
05:24:04.525807483 pdns=0/0/inactive/dead/ named=0/inactive/dead/ agent=0/inactive/ jphase=absent killpid=2096,4025,
05:24:04.845789384 CHANGE ledger 2218455072b73730ea3d67e5d2eba532bc437758fd1fa11502af88763453a72b -> f9f9bf7827a64416e30962a207c684a80b167a2477b2bade1fd18d1493554840
05:24:04.849580846 pdns=0/0/inactive/dead/ named=0/inactive/dead/ agent=0/inactive/ jphase=absent killpid=2096,
05:24:05.396005491 CHANGE ledger f9f9bf7827a64416e30962a207c684a80b167a2477b2bade1fd18d1493554840 -> cdf4b8951ca7d59361e5550d28a910f6b5a292e9d817997cff18707bfd333948
05:24:05.400087966 pdns=0/0/inactive/dead/ named=0/inactive/dead/ agent=0/inactive/ jphase=absent killpid=2096,
05:24:05.705757596 CHANGE ledger cdf4b8951ca7d59361e5550d28a910f6b5a292e9d817997cff18707bfd333948 -> 2571c996182716415dae93da3a6e75feb0af7aecf3708df92fd3d4dd3b1c17a9
05:24:05.709396820 pdns=0/0/inactive/dead/ named=0/inactive/dead/ agent=0/inactive/ jphase=absent killpid=2096,
05:24:06.004939234 CHANGE journal absent -> d6a9ee2f774d0af09b7e30e72b253c63589b1cdfc63a5f74cbdb66b8568fe685
05:24:06.013798877 CHANGE ledger 2571c996182716415dae93da3a6e75feb0af7aecf3708df92fd3d4dd3b1c17a9 -> ea8164fc4a87fa4e6f8069fdce2bdd27396bf3539f8caba6beea501f9f37c26f
05:24:06.017771417 pdns=0/0/inactive/dead/ named=0/inactive/dead/ agent=0/inactive/ jphase=intent killpid=2096,
05:24:06.291723938 pdns=0/0/inactive/dead/ named=0/inactive/dead/ agent=0/inactive/ jphase=intent killpid=2096,
05:24:06.575406632 CHANGE journal d6a9ee2f774d0af09b7e30e72b253c63589b1cdfc63a5f74cbdb66b8568fe685 -> 2e04f20f2c1aac2048922b98f86de7c8c4ce9c030d0423736d9c2aef7fb1c601
05:24:06.605371308 CHANGE ledger ea8164fc4a87fa4e6f8069fdce2bdd27396bf3539f8caba6beea501f9f37c26f -> 11d062ef73f1396731cb0094369bfd1e49ee861f5487878bfe2cd2797f2f327e
05:24:06.619417995 pdns=0/0/inactive/dead/ named=0/inactive/dead/ agent=0/inactive/ jphase=target-staged killpid=2096,
05:24:06.925551493 CHANGE journal 2e04f20f2c1aac2048922b98f86de7c8c4ce9c030d0423736d9c2aef7fb1c601 -> 4f210d0e197cacd054142b1e62436f5365b89be0834294f2170d7e8f51b4e588
05:24:06.935668603 CHANGE ledger 11d062ef73f1396731cb0094369bfd1e49ee861f5487878bfe2cd2797f2f327e -> f4f85df8dcea5102b1afcf9b903a8be97f54778de5aa5c1ae0b2f8a84ae4e8dd
05:24:06.968564355 CHANGE pdnsdb absent -> 35cdac176becb2d04628c971b5e5a7fea0c406daa97f4f841fffb5c170b17ece
05:24:06.972606733 pdns=0/0/inactive/dead/ named=0/inactive/dead/ agent=0/inactive/ jphase=target-enable-intent killpid=2096,4682,
05:24:07.307870838 CHANGE ledger f4f85df8dcea5102b1afcf9b903a8be97f54778de5aa5c1ae0b2f8a84ae4e8dd -> 05f3718e8d33983775e9b641dee8112df7069ef5370f61744f439dfba9ae8ce8
05:24:07.338921311 pdns=0/0/inactive/dead/ named=0/inactive/dead/ agent=0/inactive/ jphase=target-enable-intent killpid=2096,4874,
05:24:07.986852726 CHANGE ledger 05f3718e8d33983775e9b641dee8112df7069ef5370f61744f439dfba9ae8ce8 -> dd4aad0c589e75a4688ef0145ef4c4f0127630e83df303eae9ce37d362d57d1e
05:24:08.000597528 pdns=0/0/inactive/dead/ named=0/inactive/dead/ agent=0/inactive/ jphase=target-enable-intent killpid=2096,
05:24:08.391683609 CHANGE ledger dd4aad0c589e75a4688ef0145ef4c4f0127630e83df303eae9ce37d362d57d1e -> 8c08ff91d8b3f08e8e2ecfa7cc746ea4628ccc642be5a0fd311fc94371322c08
05:24:08.400269367 pdns=0/0/inactive/dead/ named=0/inactive/dead/ agent=0/inactive/ jphase=target-enable-intent killpid=2096,5090,
05:24:08.696783022 CHANGE ledger 8c08ff91d8b3f08e8e2ecfa7cc746ea4628ccc642be5a0fd311fc94371322c08 -> e5b5176990a4b227925b0f5ada19fe7f25fe4f315555136ff4e8eb776f4575a5
05:24:08.708734443 pdns=0/0/inactive/dead/ named=0/inactive/dead/ agent=0/inactive/ jphase=target-enable-intent killpid=2096,5212,
05:24:09.099210274 CHANGE ledger e5b5176990a4b227925b0f5ada19fe7f25fe4f315555136ff4e8eb776f4575a5 -> bcc374aeba04fec41cf9fe5d57589fa6f1826ac91335bc2040788a7336222a00
05:24:09.114472849 pdns=0/0/inactive/dead/ named=0/inactive/dead/ agent=0/inactive/ jphase=target-enable-intent killpid=2096,
05:24:09.427557044 CHANGE ledger bcc374aeba04fec41cf9fe5d57589fa6f1826ac91335bc2040788a7336222a00 -> 830ccf88601b0b02c74a8395c5f8aeb101a8ac3d1e75c939b26fd4331ef49f4d
05:24:09.436505804 pdns=0/0/inactive/dead/ named=0/inactive/dead/ agent=0/inactive/ jphase=target-enable-intent killpid=2096,5423,
05:24:09.758645725 CHANGE ledger 830ccf88601b0b02c74a8395c5f8aeb101a8ac3d1e75c939b26fd4331ef49f4d -> 5c3c76dee412dd5b50ffe0c71b7497ca116add09f27936db5a19f66fd018395e
05:24:09.771355062 pdns=5467/0/activating/start/ named=0/inactive/dead/ agent=0/inactive/ jphase=target-enable-intent killpid=2096,
05:24:10.091611675 CHANGE journal 4f210d0e197cacd054142b1e62436f5365b89be0834294f2170d7e8f51b4e588 -> bfdccbab8f25fea7e720e855132eeefd7388e2347fc1643fe016bc6fd9e8ccdc
05:24:10.113049583 CHANGE ledger 5c3c76dee412dd5b50ffe0c71b7497ca116add09f27936db5a19f66fd018395e -> a97cb9dc9db9c01625c63aa1c5712440d76477129e68c9b215cbc9cab4a1189c
05:24:10.145162432 CHANGE pdnsdb 35cdac176becb2d04628c971b5e5a7fea0c406daa97f4f841fffb5c170b17ece -> ced131c614c910a673ecbf79d2342985e30449271e075e44681fd0844f0f4914
05:24:10.151148654 pdns=5467/0/active/running/ named=0/inactive/dead/ agent=5573/active/ jphase=target-started killpid=
05:24:10.632878571 pdns=5467/0/active/running/ named=0/inactive/dead/ agent=5573/active/ jphase=target-started killpid=
05:24:10.965559600 pdns=5467/0/active/running/ named=0/inactive/dead/ agent=5573/active/ jphase=target-started killpid=
05:24:11.293035944 pdns=5467/0/active/running/ named=0/inactive/dead/ agent=5573/active/ jphase=target-started killpid=
05:24:11.671239757 pdns=5467/0/active/running/ named=0/inactive/dead/ agent=5573/active/ jphase=target-started killpid=
05:24:12.023357971 pdns=5467/0/active/running/ named=0/inactive/dead/ agent=5573/active/ jphase=target-started killpid=
05:24:12.331136729 CHANGE journal bfdccbab8f25fea7e720e855132eeefd7388e2347fc1643fe016bc6fd9e8ccdc -> 875ab9b8bbe0a524f6ff3ed63d3592b3a6d90bb2355e19501c45c51a89aa988d
05:24:12.355627483 pdns=5467/0/active/running/ named=0/inactive/dead/ agent=5573/active/ jphase=target-started killpid=
05:24:12.697087612 pdns=5467/0/active/running/ named=0/inactive/dead/ agent=5573/active/ jphase=target-started killpid=
05:24:13.033515632 pdns=5467/0/active/running/ named=0/inactive/dead/ agent=5573/active/ jphase=target-started killpid=
05:24:13.360298475 pdns=5467/0/active/running/ named=0/inactive/dead/ agent=5573/active/ jphase=target-started killpid=
05:24:13.692071472 pdns=5467/0/active/running/ named=0/inactive/dead/ agent=5573/active/ jphase=target-started killpid=
05:24:14.029862861 pdns=5467/0/active/running/ named=0/inactive/dead/ agent=5573/active/ jphase=target-started killpid=
05:24:16.082357498 pdns=5467/0/active/running/ named=0/inactive/dead/ agent=5573/active/ jphase=target-started killpid=
05:24:16.405783464 pdns=5467/0/active/running/ named=0/inactive/dead/ agent=5573/active/ jphase=target-started killpid=
05:24:16.705428677 pdns=5467/0/active/running/ named=0/inactive/dead/ agent=5573/active/ jphase=target-started killpid=
05:24:17.022650724 CHANGE state absent -> dd30c405f76dc154bbc481c21f676485afa0d25ab06f730f0ce52117a5c55535
05:24:17.043469324 pdns=5467/0/active/running/ named=0/inactive/dead/ agent=5573/active/ jphase=target-started killpid=
05:24:17.380990892 pdns=5467/0/active/running/ named=0/inactive/dead/ agent=5573/active/ jphase=target-started killpid=
05:24:17.720260397 pdns=5467/0/active/running/ named=0/inactive/dead/ agent=5573/active/ jphase=target-started killpid=
05:24:18.044595163 pdns=5467/0/active/running/ named=0/inactive/dead/ agent=5573/active/ jphase=target-started killpid=
05:24:18.350782731 pdns=5467/0/active/running/ named=0/inactive/dead/ agent=5573/active/ jphase=target-started killpid=
05:24:18.652725430 pdns=5467/0/active/running/ named=0/inactive/dead/ agent=5573/active/ jphase=target-started killpid=
05:24:18.972656270 pdns=5467/0/active/running/ named=0/inactive/dead/ agent=5573/active/ jphase=target-started killpid=
05:24:19.297282801 pdns=5467/0/active/running/ named=0/inactive/dead/ agent=5573/active/ jphase=target-started killpid=
05:24:19.609047048 pdns=5467/0/active/running/ named=0/inactive/dead/ agent=5573/active/ jphase=target-started killpid=
05:24:19.928300735 CHANGE journal 875ab9b8bbe0a524f6ff3ed63d3592b3a6d90bb2355e19501c45c51a89aa988d -> 32e66602e31d84066b19a1d8e443ea5a025e69754d97ff47651a5ba92e3425a6
05:24:19.956460503 pdns=5467/0/active/running/ named=0/inactive/dead/ agent=5573/active/ jphase=target-verified killpid=
05:24:20.269551975 pdns=5467/0/active/running/ named=0/inactive/dead/ agent=5573/active/ jphase=target-verified killpid=
05:24:20.576552846 pdns=5467/0/active/running/ named=0/inactive/dead/ agent=5573/active/ jphase=target-verified killpid=
05:24:20.878225879 pdns=5467/0/active/running/ named=0/inactive/dead/ agent=5573/active/ jphase=target-verified killpid=
05:24:21.175566022 pdns=5467/0/active/running/ named=0/inactive/dead/ agent=5573/active/ jphase=target-verified killpid=
05:24:21.491845492 pdns=5467/0/active/running/ named=0/inactive/dead/ agent=5573/active/ jphase=target-verified killpid=
05:24:21.810276192 pdns=5467/0/active/running/ named=0/inactive/dead/ agent=5573/active/ jphase=target-verified killpid=
05:24:22.117798498 pdns=5467/0/active/running/ named=0/inactive/dead/ agent=5573/active/ jphase=target-verified killpid=
05:24:22.417893757 CHANGE journal 32e66602e31d84066b19a1d8e443ea5a025e69754d97ff47651a5ba92e3425a6 -> aeb0d015115f48486620cbc4771170c29ab077b46f4aaa903ebc8eb8f8124ab1
05:24:22.450562734 pdns=5467/0/active/running/ named=0/inactive/dead/ agent=5573/active/ jphase=committed killpid=
05:24:22.779771458 pdns=5467/0/active/running/ named=0/inactive/dead/ agent=5573/active/ jphase=committed killpid=
05:24:23.105703187 pdns=5467/0/active/running/ named=0/inactive/dead/ agent=5573/active/ jphase=committed killpid=
05:24:23.426159784 pdns=5467/0/active/running/ named=0/inactive/dead/ agent=5573/active/ jphase=committed killpid=
05:24:23.749436118 pdns=5467/0/active/running/ named=0/inactive/dead/ agent=5573/active/ jphase=committed killpid=
05:24:24.051570279 pdns=5467/0/active/running/ named=0/inactive/dead/ agent=5573/active/ jphase=committed killpid=
05:24:24.352521999 pdns=5467/0/active/running/ named=0/inactive/dead/ agent=5573/active/ jphase=committed killpid=
05:24:24.658256685 pdns=5467/0/active/running/ named=0/inactive/dead/ agent=5573/active/ jphase=committed killpid=
05:24:24.953099056 pdns=5467/0/active/running/ named=0/inactive/dead/ agent=5573/active/ jphase=committed killpid=
05:24:25.249303031 pdns=5467/0/active/running/ named=0/inactive/dead/ agent=5573/active/ jphase=committed killpid=
05:24:25.564264193 pdns=5467/0/active/running/ named=0/inactive/dead/ agent=5573/active/ jphase=committed killpid=
05:24:25.892581113 pdns=5467/0/active/running/ named=0/inactive/dead/ agent=5573/active/ jphase=committed killpid=
05:24:26.203428520 CHANGE journal aeb0d015115f48486620cbc4771170c29ab077b46f4aaa903ebc8eb8f8124ab1 -> absent
05:24:26.229825544 pdns=5467/0/active/running/ named=0/inactive/dead/ agent=5573/active/ jphase=absent killpid=
05:24:26.571740617 pdns=5467/0/active/running/ named=0/inactive/dead/ agent=5573/active/ jphase=absent killpid=
05:24:26.907029304 CHANGE ledger a97cb9dc9db9c01625c63aa1c5712440d76477129e68c9b215cbc9cab4a1189c -> e2d02be05b2856d94ca0864cb15c586b473b389b846388dda1aa03b5a577441a
05:24:26.924367519 pdns=5467/0/active/running/ named=0/inactive/dead/ agent=5573/active/ jphase=absent killpid=
05:24:27.230199917 pdns=5467/0/active/running/ named=0/inactive/dead/ agent=5573/active/ jphase=absent killpid=
05:24:27.541131821 pdns=5467/0/active/running/ named=0/inactive/dead/ agent=5573/active/ jphase=absent killpid=
05:24:27.871868995 pdns=5467/0/active/running/ named=0/inactive/dead/ agent=5573/active/ jphase=absent killpid=
05:24:28.170615985 pdns=5467/0/active/running/ named=0/inactive/dead/ agent=5573/active/ jphase=absent killpid=
05:24:28.469903882 pdns=5467/0/active/running/ named=0/inactive/dead/ agent=5573/active/ jphase=absent killpid=
05:24:28.776735045 pdns=5467/0/active/running/ named=0/inactive/dead/ agent=5573/active/ jphase=absent killpid=
05:24:29.073525489 pdns=5467/0/active/running/ named=0/inactive/dead/ agent=5573/active/ jphase=absent killpid=
05:24:29.364997585 pdns=5467/0/active/running/ named=0/inactive/dead/ agent=5573/active/ jphase=absent killpid=
05:24:29.669307110 pdns=5467/0/active/running/ named=0/inactive/dead/ agent=5573/active/ jphase=absent killpid=
05:24:29.969920383 pdns=5467/0/active/running/ named=0/inactive/dead/ agent=5573/active/ jphase=absent killpid=
05:24:30.267206878 pdns=5467/0/active/running/ named=0/inactive/dead/ agent=5573/active/ jphase=absent killpid=
05:24:30.569712895 pdns=5467/0/active/running/ named=0/inactive/dead/ agent=5573/active/ jphase=absent killpid=
05:24:30.870316057 pdns=5467/0/active/running/ named=0/inactive/dead/ agent=5573/active/ jphase=absent killpid=
05:24:31.205841740 pdns=5467/0/active/running/ named=0/inactive/dead/ agent=5573/active/ jphase=absent killpid=
05:24:31.515788510 pdns=5467/0/active/running/ named=0/inactive/dead/ agent=5573/active/ jphase=absent killpid=
05:24:31.812518587 pdns=5467/0/active/running/ named=0/inactive/dead/ agent=5573/active/ jphase=absent killpid=
05:24:32.100485782 pdns=5467/0/active/running/ named=0/inactive/dead/ agent=5573/active/ jphase=absent killpid=
05:24:32.390312170 pdns=5467/0/active/running/ named=0/inactive/dead/ agent=5573/active/ jphase=absent killpid=
05:24:32.679022889 pdns=5467/0/active/running/ named=0/inactive/dead/ agent=5573/active/ jphase=absent killpid=
05:24:32.967851222 pdns=5467/0/active/running/ named=0/inactive/dead/ agent=5573/active/ jphase=absent killpid=
05:24:33.256152873 pdns=5467/0/active/running/ named=0/inactive/dead/ agent=5573/active/ jphase=absent killpid=
05:24:33.539528375 pdns=5467/0/active/running/ named=0/inactive/dead/ agent=5573/active/ jphase=absent killpid=
05:24:33.822343686 pdns=5467/0/active/running/ named=0/inactive/dead/ agent=5573/active/ jphase=absent killpid=
05:24:34.103384232 pdns=5467/0/active/running/ named=0/inactive/dead/ agent=5573/active/ jphase=absent killpid=
05:24:34.382816814 pdns=5467/0/active/running/ named=0/inactive/dead/ agent=5573/active/ jphase=absent killpid=
05:24:34.665247464 pdns=5467/0/active/running/ named=0/inactive/dead/ agent=5573/active/ jphase=absent killpid=
05:24:34.947158912 pdns=5467/0/active/running/ named=0/inactive/dead/ agent=5573/active/ jphase=absent killpid=
05:24:35.227933242 pdns=5467/0/active/running/ named=0/inactive/dead/ agent=5573/active/ jphase=absent killpid=
05:24:35.510786113 pdns=5467/0/active/running/ named=0/inactive/dead/ agent=5573/active/ jphase=absent killpid=
05:24:35.792734648 pdns=5467/0/active/running/ named=0/inactive/dead/ agent=5573/active/ jphase=absent killpid=
05:24:36.081917584 pdns=5467/0/active/running/ named=0/inactive/dead/ agent=5573/active/ jphase=absent killpid=
05:24:36.366179529 pdns=5467/0/active/running/ named=0/inactive/dead/ agent=5573/active/ jphase=absent killpid=
05:24:36.646991851 pdns=5467/0/active/running/ named=0/inactive/dead/ agent=5573/active/ jphase=absent killpid=
05:24:36.930638997 pdns=5467/0/active/running/ named=0/inactive/dead/ agent=5573/active/ jphase=absent killpid=
05:24:37.224401985 pdns=5467/0/active/running/ named=0/inactive/dead/ agent=5573/active/ jphase=absent killpid=
05:24:37.506843473 pdns=5467/0/active/running/ named=0/inactive/dead/ agent=5573/active/ jphase=absent killpid=
05:24:37.791720992 pdns=5467/0/active/running/ named=0/inactive/dead/ agent=5573/active/ jphase=absent killpid=
05:24:38.073161132 pdns=5467/0/active/running/ named=0/inactive/dead/ agent=5573/active/ jphase=absent killpid=
05:24:38.357462051 pdns=5467/0/active/running/ named=0/inactive/dead/ agent=5573/active/ jphase=absent killpid=
05:24:38.642713029 pdns=5467/0/active/running/ named=0/inactive/dead/ agent=5573/active/ jphase=absent killpid=
05:24:38.927765202 pdns=5467/0/active/running/ named=0/inactive/dead/ agent=5573/active/ jphase=absent killpid=
05:24:39.209648702 pdns=5467/0/active/running/ named=0/inactive/dead/ agent=5573/active/ jphase=absent killpid=
05:24:39.501761248 pdns=5467/0/active/running/ named=0/inactive/dead/ agent=5573/active/ jphase=absent killpid=
05:24:39.783661728 pdns=5467/0/active/running/ named=0/inactive/dead/ agent=5573/active/ jphase=absent killpid=
05:24:40.078073564 pdns=5467/0/active/running/ named=0/inactive/dead/ agent=5573/active/ jphase=absent killpid=
05:24:40.367302164 pdns=5467/0/active/running/ named=0/inactive/dead/ agent=5573/active/ jphase=absent killpid=
05:24:40.655603314 pdns=5467/0/active/running/ named=0/inactive/dead/ agent=5573/active/ jphase=absent killpid=
05:24:40.943202527 pdns=5467/0/active/running/ named=0/inactive/dead/ agent=5573/active/ jphase=absent killpid=
05:24:41.251590225 pdns=5467/0/active/running/ named=0/inactive/dead/ agent=5573/active/ jphase=absent killpid=
05:24:41.552994070 pdns=5467/0/active/running/ named=0/inactive/dead/ agent=5573/active/ jphase=absent killpid=
05:24:41.846712709 pdns=5467/0/active/running/ named=0/inactive/dead/ agent=5573/active/ jphase=absent killpid=
05:24:42.127680958 pdns=5467/0/active/running/ named=0/inactive/dead/ agent=5573/active/ jphase=absent killpid=
05:24:42.411624503 pdns=5467/0/active/running/ named=0/inactive/dead/ agent=5573/active/ jphase=absent killpid=
05:24:42.694235850 pdns=5467/0/active/running/ named=0/inactive/dead/ agent=5573/active/ jphase=absent killpid=
05:24:42.978359318 pdns=5467/0/active/running/ named=0/inactive/dead/ agent=5573/active/ jphase=absent killpid=
05:24:43.265450815 pdns=5467/0/active/running/ named=0/inactive/dead/ agent=5573/active/ jphase=absent killpid=
05:24:43.546872771 pdns=5467/0/active/running/ named=0/inactive/dead/ agent=5573/active/ jphase=absent killpid=
05:24:43.832266384 pdns=5467/0/active/running/ named=0/inactive/dead/ agent=5573/active/ jphase=absent killpid=
05:24:44.126662853 pdns=5467/0/active/running/ named=0/inactive/dead/ agent=5573/active/ jphase=absent killpid=
05:24:44.407501802 pdns=5467/0/active/running/ named=0/inactive/dead/ agent=5573/active/ jphase=absent killpid=
05:24:44.698970828 pdns=5467/0/active/running/ named=0/inactive/dead/ agent=5573/active/ jphase=absent killpid=
05:24:44.982533783 pdns=5467/0/active/running/ named=0/inactive/dead/ agent=5573/active/ jphase=absent killpid=
05:24:45.268298816 pdns=5467/0/active/running/ named=0/inactive/dead/ agent=5573/active/ jphase=absent killpid=
05:24:45.559700320 pdns=5467/0/active/running/ named=0/inactive/dead/ agent=5573/active/ jphase=absent killpid=
05:24:45.842893818 pdns=5467/0/active/running/ named=0/inactive/dead/ agent=5573/active/ jphase=absent killpid=
05:24:46.126545438 pdns=5467/0/active/running/ named=0/inactive/dead/ agent=5573/active/ jphase=absent killpid=
05:24:46.410115823 pdns=5467/0/active/running/ named=0/inactive/dead/ agent=5573/active/ jphase=absent killpid=
05:24:46.695890447 pdns=5467/0/active/running/ named=0/inactive/dead/ agent=5573/active/ jphase=absent killpid=
05:24:47.082752717 pdns=5467/0/active/running/ named=0/inactive/dead/ agent=5573/active/ jphase=absent killpid=
05:24:47.987633121 pdns=5467/0/active/running/ named=0/inactive/dead/ agent=5573/active/ jphase=absent killpid=
05:24:48.277734415 pdns=5467/0/active/running/ named=0/inactive/dead/ agent=5573/active/ jphase=absent killpid=
05:24:48.567181212 pdns=5467/0/active/running/ named=0/inactive/dead/ agent=5573/active/ jphase=absent killpid=
05:24:48.850334181 pdns=5467/0/active/running/ named=0/inactive/dead/ agent=5573/active/ jphase=absent killpid=
05:24:49.132930717 pdns=5467/0/active/running/ named=0/inactive/dead/ agent=5573/active/ jphase=absent killpid=
05:24:49.434989134 pdns=5467/0/active/running/ named=0/inactive/dead/ agent=5573/active/ jphase=absent killpid=
05:24:49.722125401 pdns=5467/0/active/running/ named=0/inactive/dead/ agent=5573/active/ jphase=absent killpid=
05:24:50.007107823 pdns=5467/0/active/running/ named=0/inactive/dead/ agent=5573/active/ jphase=absent killpid=
05:24:50.290717781 pdns=5467/0/active/running/ named=0/inactive/dead/ agent=5573/active/ jphase=absent killpid=
05:24:50.571235586 pdns=5467/0/active/running/ named=0/inactive/dead/ agent=5573/active/ jphase=absent killpid=
05:24:50.868243462 pdns=5467/0/active/running/ named=0/inactive/dead/ agent=5573/active/ jphase=absent killpid=
05:24:51.183164085 pdns=5467/0/active/running/ named=0/inactive/dead/ agent=5573/active/ jphase=absent killpid=
05:24:51.472317119 pdns=5467/0/active/running/ named=0/inactive/dead/ agent=5573/active/ jphase=absent killpid=
05:24:51.758723584 pdns=5467/0/active/running/ named=0/inactive/dead/ agent=5573/active/ jphase=absent killpid=
05:24:52.063192041 pdns=5467/0/active/running/ named=0/inactive/dead/ agent=5573/active/ jphase=absent killpid=
05:24:52.359994988 pdns=5467/0/active/running/ named=0/inactive/dead/ agent=5573/active/ jphase=absent killpid=
05:24:52.651561482 pdns=5467/0/active/running/ named=0/inactive/dead/ agent=5573/active/ jphase=absent killpid=
05:24:52.933287319 pdns=5467/0/active/running/ named=0/inactive/dead/ agent=5573/active/ jphase=absent killpid=
05:24:53.216345362 pdns=5467/0/active/running/ named=0/inactive/dead/ agent=5573/active/ jphase=absent killpid=
05:24:53.515742197 pdns=5467/0/active/running/ named=0/inactive/dead/ agent=5573/active/ jphase=absent killpid=
05:24:53.799733627 pdns=5467/0/active/running/ named=0/inactive/dead/ agent=5573/active/ jphase=absent killpid=
05:24:54.089569238 pdns=5467/0/active/running/ named=0/inactive/dead/ agent=5573/active/ jphase=absent killpid=
05:24:54.374379726 pdns=5467/0/active/running/ named=0/inactive/dead/ agent=5573/active/ jphase=absent killpid=
05:24:54.661204584 pdns=5467/0/active/running/ named=0/inactive/dead/ agent=5573/active/ jphase=absent killpid=
05:24:54.947578326 pdns=5467/0/active/running/ named=0/inactive/dead/ agent=5573/active/ jphase=absent killpid=
05:24:55.237671313 pdns=5467/0/active/running/ named=0/inactive/dead/ agent=5573/active/ jphase=absent killpid=
05:24:55.527600634 pdns=5467/0/active/running/ named=0/inactive/dead/ agent=5573/active/ jphase=absent killpid=
05:24:55.822639570 pdns=5467/0/active/running/ named=0/inactive/dead/ agent=5573/active/ jphase=absent killpid=
05:24:56.104838673 pdns=5467/0/active/running/ named=0/inactive/dead/ agent=5573/active/ jphase=absent killpid=
05:24:56.418304766 pdns=5467/0/active/running/ named=0/inactive/dead/ agent=5573/active/ jphase=absent killpid=
05:24:56.714902820 pdns=5467/0/active/running/ named=0/inactive/dead/ agent=5573/active/ jphase=absent killpid=
05:24:57.039581228 pdns=5467/0/active/running/ named=0/inactive/dead/ agent=5573/active/ jphase=absent killpid=
05:24:57.396893152 pdns=5467/0/active/running/ named=0/inactive/dead/ agent=5573/active/ jphase=absent killpid=
05:24:57.753770464 pdns=5467/0/active/running/ named=0/inactive/dead/ agent=5573/active/ jphase=absent killpid=
05:24:58.080812267 pdns=5467/0/active/running/ named=0/inactive/dead/ agent=5573/active/ jphase=absent killpid=
05:24:58.431775454 pdns=5467/0/active/running/ named=0/inactive/dead/ agent=5573/active/ jphase=absent killpid=
05:24:58.757976228 pdns=5467/0/active/running/ named=0/inactive/dead/ agent=5573/active/ jphase=absent killpid=
05:24:59.066340651 pdns=5467/0/active/running/ named=0/inactive/dead/ agent=5573/active/ jphase=absent killpid=
05:24:59.381077747 pdns=5467/0/active/running/ named=0/inactive/dead/ agent=5573/active/ jphase=absent killpid=
05:24:59.679485042 pdns=5467/0/active/running/ named=0/inactive/dead/ agent=5573/active/ jphase=absent killpid=
05:24:59.969920227 pdns=5467/0/active/running/ named=0/inactive/dead/ agent=5573/active/ jphase=absent killpid=
05:25:00.322745087 pdns=5467/0/active/running/ named=0/inactive/dead/ agent=5573/active/ jphase=absent killpid=
05:25:01.082429625 pdns=5467/0/active/running/ named=0/inactive/dead/ agent=5573/active/ jphase=absent killpid=
05:25:01.573994586 CHANGE ledger e2d02be05b2856d94ca0864cb15c586b473b389b846388dda1aa03b5a577441a -> 5722af5c0d14a129a14cceb8e36c16a5fcff80ed6f64934f840f67740ac7a040
05:25:01.598549229 pdns=5467/0/active/running/ named=0/inactive/dead/ agent=5573/active/ jphase=absent killpid=
05:25:02.055794786 CHANGE ledger 5722af5c0d14a129a14cceb8e36c16a5fcff80ed6f64934f840f67740ac7a040 -> ba8f38595d5a8b025032a7a2377275060c1d76709ac8d47e0f5d236987a130fd
05:25:02.083969769 pdns=5467/0/active/running/ named=0/inactive/dead/ agent=5573/active/ jphase=absent killpid=
05:25:02.669981660 CHANGE ledger ba8f38595d5a8b025032a7a2377275060c1d76709ac8d47e0f5d236987a130fd -> 318b9601ceec7bc4c643c446a0ec390d5506aa72cc619c93f1335891c4cb8bf6
05:25:02.724054143 pdns=5467/0/active/running/ named=0/inactive/dead/ agent=5573/active/ jphase=absent killpid=
05:25:03.337445379 CHANGE ledger 318b9601ceec7bc4c643c446a0ec390d5506aa72cc619c93f1335891c4cb8bf6 -> 0b69c0daeda43ac38d5b18dee68de7173955cd5d3f2b325029c5473e9982ca56
05:25:03.376066861 pdns=5467/0/active/running/ named=0/inactive/dead/ agent=5573/active/ jphase=absent killpid=
05:25:03.948560112 CHANGE ledger 0b69c0daeda43ac38d5b18dee68de7173955cd5d3f2b325029c5473e9982ca56 -> 132d46d807abe757ad4f6bed8629f9ed59b924cf515b0fd814bab0096ed93e1b
05:25:03.981366625 pdns=5467/0/active/running/ named=0/inactive/dead/ agent=5573/active/ jphase=absent killpid=
05:25:04.385176167 CHANGE ledger 132d46d807abe757ad4f6bed8629f9ed59b924cf515b0fd814bab0096ed93e1b -> 69e028a33494a6b912bcdcadf72eb24b606010e01f4f8b1e8740e4880324f2af
05:25:04.402677866 pdns=5467/0/active/running/ named=0/inactive/dead/ agent=5573/active/ jphase=absent killpid=
05:25:04.778401601 CHANGE ledger 69e028a33494a6b912bcdcadf72eb24b606010e01f4f8b1e8740e4880324f2af -> af40645df2aef4f6bb23e9fc709e7f49271d366f571a35625bbe6e6e6837df3d
05:25:04.807781650 pdns=5467/0/active/running/ named=0/inactive/dead/ agent=5573/active/ jphase=absent killpid=
05:25:05.172686938 CHANGE ledger af40645df2aef4f6bb23e9fc709e7f49271d366f571a35625bbe6e6e6837df3d -> 0706a06cb2bd20999f8e530f83baba7334ed9c211f526231a984d876ba70c8d0
05:25:05.191274890 pdns=5467/0/active/running/ named=0/inactive/dead/ agent=5573/active/ jphase=absent killpid=
05:25:05.553777345 CHANGE ledger 0706a06cb2bd20999f8e530f83baba7334ed9c211f526231a984d876ba70c8d0 -> f4cb3db4100b45bfe8bc5c5a568cd731ff4a609d34271987ae7a61243cea3f17
05:25:05.608245274 CHANGE pdnsdb ced131c614c910a673ecbf79d2342985e30449271e075e44681fd0844f0f4914 -> bd23f680f1bbaf7814424da8e210a6fbbed40b57f37e906cc761d9222e738d01
05:25:05.615674479 pdns=5467/0/active/running/ named=0/inactive/dead/ agent=5573/active/ jphase=absent killpid=
05:25:05.957855146 CHANGE ledger f4cb3db4100b45bfe8bc5c5a568cd731ff4a609d34271987ae7a61243cea3f17 -> e40bfa757febd652c7a5bba6042a204833f87088cf17338151ce2cf52a5ebf9a
05:25:05.979220644 pdns=5467/0/active/running/ named=0/inactive/dead/ agent=5573/active/ jphase=absent killpid=
05:25:06.338815903 CHANGE ledger e40bfa757febd652c7a5bba6042a204833f87088cf17338151ce2cf52a5ebf9a -> bed8b9a2c4ee7f9f01e4ea628f44c76d0c067d1321e6f8e306a03a05c78c3839
05:25:06.355509220 pdns=5467/0/active/running/ named=0/inactive/dead/ agent=5573/active/ jphase=absent killpid=
05:25:06.732199365 CHANGE ledger bed8b9a2c4ee7f9f01e4ea628f44c76d0c067d1321e6f8e306a03a05c78c3839 -> 7b71ff8825fb9312bff2e6771b6f950f563588f0bb77fb73cbcfc6a7b9a54bfa
05:25:06.780597167 pdns=5467/0/active/running/ named=0/inactive/dead/ agent=5573/active/ jphase=absent killpid=
05:25:07.281095031 CHANGE ledger 7b71ff8825fb9312bff2e6771b6f950f563588f0bb77fb73cbcfc6a7b9a54bfa -> 3edc5819f270d068b81f743b85de9aa20d45ae95a8c7f21e5596f9f39ec507b3
05:25:07.310685623 pdns=5467/0/active/running/ named=0/inactive/dead/ agent=5573/active/ jphase=absent killpid=
05:25:07.738609624 CHANGE ledger 3edc5819f270d068b81f743b85de9aa20d45ae95a8c7f21e5596f9f39ec507b3 -> 60329cf3743868e81c2186447af1e850acf12ac12b022b41a5be799fca380e84
05:25:07.781293615 pdns=5467/0/active/running/ named=0/inactive/dead/ agent=5573/active/ jphase=absent killpid=
05:25:08.250287836 CHANGE ledger 60329cf3743868e81c2186447af1e850acf12ac12b022b41a5be799fca380e84 -> dc16b67f18599d1dd2e0ccd262a7378e08c8ba19a89cb2eadb65bce20ead5427
05:25:08.311589575 pdns=5467/0/active/running/ named=0/inactive/dead/ agent=5573/active/ jphase=absent killpid=
05:25:08.905177560 CHANGE ledger dc16b67f18599d1dd2e0ccd262a7378e08c8ba19a89cb2eadb65bce20ead5427 -> fcbb64dab2f1c83d43d9fb379d33477bf8748522c294375f8eb2711e2d88c73f
05:25:08.949436375 pdns=5467/0/active/running/ named=0/inactive/dead/ agent=5573/active/ jphase=absent killpid=
05:25:09.358513459 CHANGE ledger fcbb64dab2f1c83d43d9fb379d33477bf8748522c294375f8eb2711e2d88c73f -> 675adf702ad573c19bfa0330ecff89be1ae02c5d878886833e283d6e0bec8e0b
05:25:09.392812669 pdns=5467/0/active/running/ named=0/inactive/dead/ agent=5573/active/ jphase=absent killpid=
05:25:09.905869866 pdns=5467/0/active/running/ named=0/inactive/dead/ agent=5573/active/ jphase=absent killpid=
05:25:10.245997989 CHANGE pdnsdb bd23f680f1bbaf7814424da8e210a6fbbed40b57f37e906cc761d9222e738d01 -> 59a2cefab5818fb9f53e69e4c8a13d8ea196c89d43a9e3e660a5bcd74268d7d5
05:25:10.251580983 pdns=5467/0/active/running/ named=0/inactive/dead/ agent=5573/active/ jphase=absent killpid=
05:25:10.554578358 pdns=5467/0/active/running/ named=0/inactive/dead/ agent=5573/active/ jphase=absent killpid=
05:25:10.878392461 pdns=5467/0/active/running/ named=0/inactive/dead/ agent=5573/active/ jphase=absent killpid=
05:25:11.219994468 pdns=5467/0/active/running/ named=0/inactive/dead/ agent=5573/active/ jphase=absent killpid=
05:25:11.550904313 pdns=5467/0/active/running/ named=0/inactive/dead/ agent=5573/active/ jphase=absent killpid=
05:25:11.852084299 pdns=5467/0/active/running/ named=0/inactive/dead/ agent=5573/active/ jphase=absent killpid=
05:25:12.257390961 pdns=5467/0/active/running/ named=0/inactive/dead/ agent=5573/active/ jphase=absent killpid=
05:25:12.981900353 pdns=5467/0/active/running/ named=0/inactive/dead/ agent=5573/active/ jphase=absent killpid=
05:25:13.684375125 pdns=5467/0/active/running/ named=0/inactive/dead/ agent=5573/active/ jphase=absent killpid=
05:25:14.284689036 pdns=5467/0/active/running/ named=0/inactive/dead/ agent=5573/active/ jphase=absent killpid=
05:25:14.663299664 pdns=5467/0/active/running/ named=0/inactive/dead/ agent=5573/active/ jphase=absent killpid=
05:25:14.987955370 pdns=5467/0/active/running/ named=0/inactive/dead/ agent=5573/active/ jphase=absent killpid=
05:25:15.314397205 CHANGE ledger 675adf702ad573c19bfa0330ecff89be1ae02c5d878886833e283d6e0bec8e0b -> 00c9971e1d9be0a873c8b010f3400b38ba66375808f30fdb9e1c37424286eebc
05:25:15.333315804 pdns=5467/0/active/running/ named=0/inactive/dead/ agent=5573/active/ jphase=absent killpid=
05:25:15.689398412 CHANGE ledger 00c9971e1d9be0a873c8b010f3400b38ba66375808f30fdb9e1c37424286eebc -> a0636785412ed971272886c513f4ec11b231363fbd35dc4cfd9c7b74e57a0547
05:25:15.706326873 pdns=5467/0/active/running/ named=0/inactive/dead/ agent=5573/active/ jphase=absent killpid=
05:25:16.063723861 CHANGE ledger a0636785412ed971272886c513f4ec11b231363fbd35dc4cfd9c7b74e57a0547 -> cf2c206cff2430d38db1b4fbaef90793a422f8999eef8a5c7ffc5aa535a8f65e
05:25:16.091737313 pdns=5467/0/active/running/ named=0/inactive/dead/ agent=5573/active/ jphase=absent killpid=
05:25:16.415690401 CHANGE ledger cf2c206cff2430d38db1b4fbaef90793a422f8999eef8a5c7ffc5aa535a8f65e -> 4198fbe321ee468f9e3c159fe033ef44ed1f297d73680b4179edcdd12b088d0a
05:25:16.436499606 pdns=5467/0/active/running/ named=0/inactive/dead/ agent=5573/active/ jphase=absent killpid=
05:25:16.813329916 CHANGE ledger 4198fbe321ee468f9e3c159fe033ef44ed1f297d73680b4179edcdd12b088d0a -> 85d1059f2f5781c2b1d7b419f151ede3b506fb918c0d32163e2893ef4522516a
05:25:16.838342577 pdns=5467/0/active/running/ named=0/inactive/dead/ agent=5573/active/ jphase=absent killpid=
05:25:17.289548245 CHANGE ledger 85d1059f2f5781c2b1d7b419f151ede3b506fb918c0d32163e2893ef4522516a -> ac8c5890fb1fc67cfe9c208869894b5ea57d0f2f3574cb8fd27a9283db85cd90
05:25:17.318261251 pdns=5467/0/active/running/ named=0/inactive/dead/ agent=5573/active/ jphase=absent killpid=
05:25:17.678604391 CHANGE ledger ac8c5890fb1fc67cfe9c208869894b5ea57d0f2f3574cb8fd27a9283db85cd90 -> d83cbb7ada463dbe6be1c5d9863900309b1791af460b2d39594627dc4b86c878
05:25:17.703025060 CHANGE pdnsdb 59a2cefab5818fb9f53e69e4c8a13d8ea196c89d43a9e3e660a5bcd74268d7d5 -> 3fb1cb2931a9cdc56597d831983295c70cc83cc430e3489f1da742d38724c509
05:25:17.707559329 pdns=5467/0/active/running/ named=0/inactive/dead/ agent=5573/active/ jphase=absent killpid=
05:25:18.015948302 CHANGE ledger d83cbb7ada463dbe6be1c5d9863900309b1791af460b2d39594627dc4b86c878 -> 0acc3360cd71a719f6201933e2db94b82979c43cf867bd73b00a69af66330f09
05:25:18.039396204 pdns=5467/0/active/running/ named=0/inactive/dead/ agent=5573/active/ jphase=absent killpid=
05:25:18.370827340 CHANGE ledger 0acc3360cd71a719f6201933e2db94b82979c43cf867bd73b00a69af66330f09 -> 3a26f3d543df3b4cb7b478dec430ad1cdc5f095806a86fbab8e49bb4175efabe
05:25:18.400664669 pdns=5467/0/active/running/ named=0/inactive/dead/ agent=5573/active/ jphase=absent killpid=
05:25:18.758305182 CHANGE ledger 3a26f3d543df3b4cb7b478dec430ad1cdc5f095806a86fbab8e49bb4175efabe -> 407e81c49456e5e3157fb46f6e27235b861efb67733a9ad23ad44c021154cf6f
05:25:18.802673091 pdns=5467/0/active/running/ named=0/inactive/dead/ agent=5573/active/ jphase=absent killpid=
05:25:19.146188626 CHANGE ledger 407e81c49456e5e3157fb46f6e27235b861efb67733a9ad23ad44c021154cf6f -> 7f1a8d1d734247f879df152eab2fc18f414113c82d55533b0f07977bf7550a45
05:25:19.166145348 pdns=5467/0/active/running/ named=0/inactive/dead/ agent=5573/active/ jphase=absent killpid=
05:25:19.519151402 CHANGE ledger 7f1a8d1d734247f879df152eab2fc18f414113c82d55533b0f07977bf7550a45 -> 2b18cbbe97cb94a36bf9e3dbcd1605076a4f14e389a41749a46541d5d6683aa6
05:25:19.564522472 pdns=5467/0/active/running/ named=0/inactive/dead/ agent=5573/active/ jphase=absent killpid=
05:25:19.961617018 CHANGE ledger 2b18cbbe97cb94a36bf9e3dbcd1605076a4f14e389a41749a46541d5d6683aa6 -> 9670037c79c4af19c9df50d4983fe9bf9c6203a6933e967cc62baf87d25b7e58
05:25:19.988624780 pdns=5467/0/active/running/ named=0/inactive/dead/ agent=5573/active/ jphase=absent killpid=
05:25:20.312634227 CHANGE ledger 9670037c79c4af19c9df50d4983fe9bf9c6203a6933e967cc62baf87d25b7e58 -> 80bf64b9be77a4713c9715517db9dd2e6e37fff8cff99d0802c3c770e85d118e
05:25:20.323696561 pdns=5467/0/active/running/ named=0/inactive/dead/ agent=5573/active/ jphase=absent killpid=
05:25:20.607932415 CHANGE ledger 80bf64b9be77a4713c9715517db9dd2e6e37fff8cff99d0802c3c770e85d118e -> 14f2bf82a5025642619f7cf178cf866ce2bb62cc96773879bdbc8edabb95fb48
05:25:20.623356159 pdns=5467/0/active/running/ named=0/inactive/dead/ agent=5573/active/ jphase=absent killpid=
05:25:20.950830232 pdns=5467/0/active/running/ named=0/inactive/dead/ agent=5573/active/ jphase=absent killpid=
05:25:21.352818499 pdns=5467/0/active/running/ named=0/inactive/dead/ agent=5573/active/ jphase=absent killpid=
05:25:21.869436970 pdns=5467/0/active/running/ named=0/inactive/dead/ agent=5573/active/ jphase=absent killpid=
05:25:22.206769254 pdns=5467/0/active/running/ named=0/inactive/dead/ agent=5573/active/ jphase=absent killpid=
05:25:22.516539572 pdns=5467/0/active/running/ named=0/inactive/dead/ agent=5573/active/ jphase=absent killpid=
05:25:22.894867306 pdns=5467/0/active/running/ named=0/inactive/dead/ agent=5573/active/ jphase=absent killpid=
05:25:23.403913498 pdns=5467/0/active/running/ named=0/inactive/dead/ agent=5573/active/ jphase=absent killpid=
05:25:23.735707610 pdns=5467/0/active/running/ named=0/inactive/dead/ agent=5573/active/ jphase=absent killpid=
05:25:24.135899159 pdns=5467/0/active/running/ named=0/inactive/dead/ agent=5573/active/ jphase=absent killpid=
05:25:24.696101632 pdns=5467/0/active/running/ named=0/inactive/dead/ agent=5573/active/ jphase=absent killpid=
05:25:25.245679626 pdns=5467/0/active/running/ named=0/inactive/dead/ agent=5573/active/ jphase=absent killpid=
05:25:25.858788614 pdns=5467/0/active/running/ named=0/inactive/dead/ agent=5573/active/ jphase=absent killpid=
05:25:26.241603738 pdns=5467/0/active/running/ named=0/inactive/dead/ agent=5573/active/ jphase=absent killpid=
05:25:26.621880669 pdns=5467/0/active/running/ named=0/inactive/dead/ agent=5573/active/ jphase=absent killpid=
05:25:27.022174714 CHANGE ledger 14f2bf82a5025642619f7cf178cf866ce2bb62cc96773879bdbc8edabb95fb48 -> 1f3b35260ecb22424f72d1765d2d16e9e88b053f913e64d7210187084276c52e
05:25:27.045187277 pdns=5467/0/active/running/ named=0/inactive/dead/ agent=5573/active/ jphase=absent killpid=
05:25:27.399298804 CHANGE ledger 1f3b35260ecb22424f72d1765d2d16e9e88b053f913e64d7210187084276c52e -> bafea22041e2c318c7d223fab641d94788c6db15ac58c6d84ff1fb0c7deec8dd
05:25:27.422950456 pdns=5467/0/active/running/ named=0/inactive/dead/ agent=5573/active/ jphase=absent killpid=
05:25:27.812302457 CHANGE ledger bafea22041e2c318c7d223fab641d94788c6db15ac58c6d84ff1fb0c7deec8dd -> 3b4d4ec8b081ed653b79aab4dd33907eaeb16642cccb07105542ab40d77f9386
05:25:27.837304687 pdns=5467/0/active/running/ named=0/inactive/dead/ agent=5573/active/ jphase=absent killpid=
05:25:28.188534445 CHANGE ledger 3b4d4ec8b081ed653b79aab4dd33907eaeb16642cccb07105542ab40d77f9386 -> 94f755fff522a557a56772f35d499fb84d659f219ca0d0f037fb188d1af35a37
05:25:28.223684801 pdns=5467/0/active/running/ named=0/inactive/dead/ agent=5573/active/ jphase=absent killpid=
05:25:28.633380000 CHANGE ledger 94f755fff522a557a56772f35d499fb84d659f219ca0d0f037fb188d1af35a37 -> 9849dfc6de42661270cffe792b40a0160fbbedf43ed50f509f7ff5d5d44ddb5a
05:25:28.677825499 pdns=5467/0/active/running/ named=0/inactive/dead/ agent=5573/active/ jphase=absent killpid=
05:25:29.261531163 CHANGE ledger 9849dfc6de42661270cffe792b40a0160fbbedf43ed50f509f7ff5d5d44ddb5a -> f66e9d39e7d4924243b5710683a94de381ea3c35c48fc23139748ba02de70531
05:25:29.369076522 CHANGE pdnsdb 3fb1cb2931a9cdc56597d831983295c70cc83cc430e3489f1da742d38724c509 -> 87f308cf1c1cdd915d3b06cbfc3dc590ff83679f14133a8086e4103449df215b
05:25:29.411482021 pdns=5467/0/active/running/ named=0/inactive/dead/ agent=5573/active/ jphase=absent killpid=
05:25:30.021787529 CHANGE ledger f66e9d39e7d4924243b5710683a94de381ea3c35c48fc23139748ba02de70531 -> b1c330edbcdea506ad28878416855e4d8cabf797440394d64a7e920d79177fdf
05:25:30.104502738 pdns=5467/0/active/running/ named=0/inactive/dead/ agent=5573/active/ jphase=absent killpid=
05:25:30.603977096 CHANGE ledger b1c330edbcdea506ad28878416855e4d8cabf797440394d64a7e920d79177fdf -> 2e1e85c9a12217ed2d0040305eeddb4708733f0ed456dc8d0ed2537ab1a19d2e
05:25:30.674130791 pdns=5467/0/active/running/ named=0/inactive/dead/ agent=5573/active/ jphase=absent killpid=
05:25:31.232400616 CHANGE ledger 2e1e85c9a12217ed2d0040305eeddb4708733f0ed456dc8d0ed2537ab1a19d2e -> 73221aed695cbd2e3114de9cb2fef5daddd90776426d96ddfe36506cb9e939e5
05:25:31.289731428 pdns=5467/0/active/running/ named=0/inactive/dead/ agent=5573/active/ jphase=absent killpid=
05:25:31.863406470 CHANGE ledger 73221aed695cbd2e3114de9cb2fef5daddd90776426d96ddfe36506cb9e939e5 -> c68509fc1e5eee7eec85bf34375f991a512d2e31669a7369568b5bdb58bfc2d1
05:25:31.949151387 pdns=5467/0/active/running/ named=0/inactive/dead/ agent=5573/active/ jphase=absent killpid=
05:25:32.563770237 CHANGE ledger c68509fc1e5eee7eec85bf34375f991a512d2e31669a7369568b5bdb58bfc2d1 -> 72b8d10d7e9e0759b6b8a62df6ae40e453a486d49eb79cbb6082ea4a9c50b247
05:25:32.599669748 pdns=5467/0/active/running/ named=0/inactive/dead/ agent=5573/active/ jphase=absent killpid=
05:25:32.996034373 CHANGE ledger 72b8d10d7e9e0759b6b8a62df6ae40e453a486d49eb79cbb6082ea4a9c50b247 -> 1f3c8949f5a44767cf57ffa4a2d0cb4621c0784f1743a5affe7f60a62d5f25df
05:25:33.026555098 pdns=5467/0/active/running/ named=0/inactive/dead/ agent=5573/active/ jphase=absent killpid=
05:25:33.418331320 CHANGE ledger 1f3c8949f5a44767cf57ffa4a2d0cb4621c0784f1743a5affe7f60a62d5f25df -> 59471642b8d9c4e4144785afb9f1ba2c6886dcd2d548e9b8755cad819c04acf8
05:25:33.499289281 pdns=5467/0/active/running/ named=0/inactive/dead/ agent=5573/active/ jphase=absent killpid=
05:25:33.841310838 CHANGE ledger 59471642b8d9c4e4144785afb9f1ba2c6886dcd2d548e9b8755cad819c04acf8 -> 3de8de54be84c65916f6fb8638ef3f3914919c172330a0e10341d26fa70dfe39
05:25:33.855048580 pdns=5467/0/active/running/ named=0/inactive/dead/ agent=5573/active/ jphase=absent killpid=
05:25:34.196880456 CHANGE ledger 3de8de54be84c65916f6fb8638ef3f3914919c172330a0e10341d26fa70dfe39 -> 50104f1d0340b59dedc79bb86f0961cd9ecea18f900ef523f9197f716507741b
05:25:34.223515996 pdns=5467/0/active/running/ named=0/inactive/dead/ agent=5573/active/ jphase=absent killpid=
05:25:34.564900004 pdns=5467/0/active/running/ named=0/inactive/dead/ agent=5573/active/ jphase=absent killpid=
05:25:34.876262385 pdns=5467/0/active/running/ named=0/inactive/dead/ agent=5573/active/ jphase=absent killpid=
05:25:35.295869209 pdns=5467/0/active/running/ named=0/inactive/dead/ agent=5573/active/ jphase=absent killpid=
05:25:36.048682923 pdns=5467/0/active/running/ named=0/inactive/dead/ agent=5573/active/ jphase=absent killpid=
05:25:37.180326621 pdns=5467/0/active/running/ named=0/inactive/dead/ agent=5573/active/ jphase=absent killpid=
05:25:37.681067208 pdns=5467/0/active/running/ named=0/inactive/dead/ agent=5573/active/ jphase=absent killpid=
05:25:38.051351687 pdns=5467/0/active/running/ named=0/inactive/dead/ agent=5573/active/ jphase=absent killpid=
05:25:38.463900625 pdns=5467/0/active/running/ named=0/inactive/dead/ agent=5573/active/ jphase=absent killpid=
05:25:38.848780926 pdns=5467/0/active/running/ named=0/inactive/dead/ agent=5573/active/ jphase=absent killpid=
05:25:39.223496735 pdns=5467/0/active/running/ named=0/inactive/dead/ agent=5573/active/ jphase=absent killpid=
05:25:39.660373621 pdns=5467/0/active/running/ named=0/inactive/dead/ agent=5573/active/ jphase=absent killpid=
05:25:40.101661155 pdns=5467/0/active/running/ named=0/inactive/dead/ agent=5573/active/ jphase=absent killpid=
05:25:40.542384153 pdns=5467/0/active/running/ named=0/inactive/dead/ agent=5573/active/ jphase=absent killpid=
05:25:40.980721806 pdns=5467/0/active/running/ named=0/inactive/dead/ agent=5573/active/ jphase=absent killpid=
05:25:41.407779435 pdns=5467/0/active/running/ named=0/inactive/dead/ agent=5573/active/ jphase=absent killpid=
05:25:41.845014421 pdns=5467/0/active/running/ named=0/inactive/dead/ agent=5573/active/ jphase=absent killpid=
05:25:42.182527791 pdns=5467/0/active/running/ named=0/inactive/dead/ agent=5573/active/ jphase=absent killpid=
05:25:42.488682840 pdns=5467/0/active/running/ named=0/inactive/dead/ agent=5573/active/ jphase=absent killpid=
05:25:42.826377718 pdns=5467/0/active/running/ named=0/inactive/dead/ agent=5573/active/ jphase=absent killpid=
05:25:43.142155232 pdns=5467/0/active/running/ named=0/inactive/dead/ agent=5573/active/ jphase=absent killpid=
05:25:43.452202806 pdns=5467/0/active/running/ named=0/inactive/dead/ agent=5573/active/ jphase=absent killpid=
05:25:43.773687894 pdns=5467/0/active/running/ named=0/inactive/dead/ agent=5573/active/ jphase=absent killpid=
05:25:44.121849042 pdns=5467/0/active/running/ named=0/inactive/dead/ agent=5573/active/ jphase=absent killpid=
05:25:44.548570896 pdns=5467/0/active/running/ named=0/inactive/dead/ agent=5573/active/ jphase=absent killpid=
05:25:44.856798565 pdns=5467/0/active/running/ named=0/inactive/dead/ agent=5573/active/ jphase=absent killpid=
05:25:45.160481887 pdns=5467/0/active/running/ named=0/inactive/dead/ agent=5573/active/ jphase=absent killpid=
05:25:45.453428243 pdns=5467/0/active/running/ named=0/inactive/dead/ agent=5573/active/ jphase=absent killpid=
05:25:45.748351857 pdns=5467/0/active/running/ named=0/inactive/dead/ agent=5573/active/ jphase=absent killpid=
05:25:46.105545777 pdns=5467/0/active/running/ named=0/inactive/dead/ agent=5573/active/ jphase=absent killpid=
05:25:46.502250626 pdns=5467/0/active/running/ named=0/inactive/dead/ agent=5573/active/ jphase=absent killpid=
05:25:46.815887325 pdns=5467/0/active/running/ named=0/inactive/dead/ agent=5573/active/ jphase=absent killpid=
05:25:47.145042969 pdns=5467/0/active/running/ named=0/inactive/dead/ agent=5573/active/ jphase=absent killpid=
05:25:47.635856773 pdns=5467/0/active/running/ named=0/inactive/dead/ agent=5573/active/ jphase=absent killpid=
05:25:48.146365355 pdns=5467/0/active/running/ named=0/inactive/dead/ agent=5573/active/ jphase=absent killpid=
05:25:48.490504205 pdns=5467/0/active/running/ named=0/inactive/dead/ agent=5573/active/ jphase=absent killpid=
05:25:48.897298519 pdns=5467/0/active/running/ named=0/inactive/dead/ agent=5573/active/ jphase=absent killpid=
05:25:49.477309560 pdns=5467/0/active/running/ named=0/inactive/dead/ agent=5573/active/ jphase=absent killpid=
05:25:49.990371889 pdns=5467/0/active/running/ named=0/inactive/dead/ agent=5573/active/ jphase=absent killpid=
05:25:50.506852105 pdns=5467/0/active/running/ named=0/inactive/dead/ agent=5573/active/ jphase=absent killpid=
05:25:50.942946344 pdns=5467/0/active/running/ named=0/inactive/dead/ agent=5573/active/ jphase=absent killpid=
05:25:51.305900099 pdns=5467/0/active/running/ named=0/inactive/dead/ agent=5573/active/ jphase=absent killpid=
05:25:51.660626020 pdns=5467/0/active/running/ named=0/inactive/dead/ agent=5573/active/ jphase=absent killpid=
05:25:51.982326719 pdns=5467/0/active/running/ named=0/inactive/dead/ agent=5573/active/ jphase=absent killpid=
05:25:52.298481047 pdns=5467/0/active/running/ named=0/inactive/dead/ agent=5573/active/ jphase=absent killpid=
05:25:52.615801213 pdns=5467/0/active/running/ named=0/inactive/dead/ agent=5573/active/ jphase=absent killpid=
05:25:52.935838904 pdns=5467/0/active/running/ named=0/inactive/dead/ agent=5573/active/ jphase=absent killpid=
05:25:53.289929341 pdns=5467/0/active/running/ named=0/inactive/dead/ agent=5573/active/ jphase=absent killpid=
05:25:53.803969597 pdns=5467/0/active/running/ named=0/inactive/dead/ agent=5573/active/ jphase=absent killpid=
05:25:54.268197422 pdns=5467/0/active/running/ named=0/inactive/dead/ agent=5573/active/ jphase=absent killpid=
05:25:54.810841388 pdns=5467/0/active/running/ named=0/inactive/dead/ agent=5573/active/ jphase=absent killpid=
05:25:55.240041381 pdns=5467/0/active/running/ named=0/inactive/dead/ agent=5573/active/ jphase=absent killpid=
05:25:55.634756742 pdns=5467/0/active/running/ named=0/inactive/dead/ agent=5573/active/ jphase=absent killpid=
05:25:56.041052658 pdns=5467/0/active/running/ named=0/inactive/dead/ agent=5573/active/ jphase=absent killpid=
05:25:56.467501016 pdns=5467/0/active/running/ named=0/inactive/dead/ agent=5573/active/ jphase=absent killpid=
05:25:56.808984211 pdns=5467/0/active/running/ named=0/inactive/dead/ agent=5573/active/ jphase=absent killpid=
05:25:57.122508975 pdns=5467/0/active/running/ named=0/inactive/dead/ agent=5573/active/ jphase=absent killpid=
05:25:57.476222302 pdns=5467/0/active/running/ named=0/inactive/dead/ agent=5573/active/ jphase=absent killpid=
05:25:57.829540985 pdns=5467/0/active/running/ named=0/inactive/dead/ agent=5573/active/ jphase=absent killpid=
05:25:58.166754460 pdns=5467/0/active/running/ named=0/inactive/dead/ agent=5573/active/ jphase=absent killpid=
05:25:58.521189522 pdns=5467/0/active/running/ named=0/inactive/dead/ agent=5573/active/ jphase=absent killpid=
05:25:58.901820171 pdns=5467/0/active/running/ named=0/inactive/dead/ agent=5573/active/ jphase=absent killpid=
05:25:59.931427252 pdns=5467/0/active/running/ named=0/inactive/dead/ agent=5573/active/ jphase=absent killpid=
05:26:00.811308588 pdns=5467/0/active/running/ named=0/inactive/dead/ agent=5573/active/ jphase=absent killpid=
05:26:01.238935239 pdns=5467/0/active/running/ named=0/inactive/dead/ agent=5573/active/ jphase=absent killpid=
05:26:01.640240378 pdns=5467/0/active/running/ named=0/inactive/dead/ agent=5573/active/ jphase=absent killpid=
05:26:02.011542202 pdns=5467/0/active/running/ named=0/inactive/dead/ agent=5573/active/ jphase=absent killpid=
05:26:02.379721012 pdns=5467/0/active/running/ named=0/inactive/dead/ agent=5573/active/ jphase=absent killpid=
05:26:02.780483066 pdns=5467/0/active/running/ named=0/inactive/dead/ agent=5573/active/ jphase=absent killpid=
05:26:03.170201318 pdns=5467/0/active/running/ named=0/inactive/dead/ agent=5573/active/ jphase=absent killpid=
05:26:03.508728716 pdns=5467/0/active/running/ named=0/inactive/dead/ agent=5573/active/ jphase=absent killpid=
05:26:03.985411691 pdns=5467/0/active/running/ named=0/inactive/dead/ agent=5573/active/ jphase=absent killpid=
05:26:04.356176571 pdns=5467/0/active/running/ named=0/inactive/dead/ agent=5573/active/ jphase=absent killpid=
05:26:04.683895439 pdns=5467/0/active/running/ named=0/inactive/dead/ agent=5573/active/ jphase=absent killpid=
05:26:05.037153417 pdns=5467/0/active/running/ named=0/inactive/dead/ agent=5573/active/ jphase=absent killpid=
05:26:05.369086973 pdns=5467/0/active/running/ named=0/inactive/dead/ agent=5573/active/ jphase=absent killpid=
05:26:05.709474817 pdns=5467/0/active/running/ named=0/inactive/dead/ agent=5573/active/ jphase=absent killpid=
05:26:06.069955923 pdns=5467/0/active/running/ named=0/inactive/dead/ agent=5573/active/ jphase=absent killpid=
05:26:06.397939811 pdns=5467/0/active/running/ named=0/inactive/dead/ agent=5573/active/ jphase=absent killpid=
05:26:06.716099184 pdns=5467/0/active/running/ named=0/inactive/dead/ agent=5573/active/ jphase=absent killpid=
05:26:07.144544791 pdns=5467/0/active/running/ named=0/inactive/dead/ agent=5573/active/ jphase=absent killpid=
05:26:07.652869911 pdns=5467/0/active/running/ named=0/inactive/dead/ agent=5573/active/ jphase=absent killpid=
05:26:08.002392744 pdns=5467/0/active/running/ named=0/inactive/dead/ agent=5573/active/ jphase=absent killpid=
05:26:08.324061099 pdns=5467/0/active/running/ named=0/inactive/dead/ agent=5573/active/ jphase=absent killpid=
05:26:08.697394397 pdns=5467/0/active/running/ named=0/inactive/dead/ agent=5573/active/ jphase=absent killpid=
05:26:09.109582760 pdns=5467/0/active/running/ named=0/inactive/dead/ agent=5573/active/ jphase=absent killpid=
05:26:09.505562452 pdns=5467/0/active/running/ named=0/inactive/dead/ agent=5573/active/ jphase=absent killpid=
05:26:09.989684012 pdns=5467/0/active/running/ named=0/inactive/dead/ agent=5573/active/ jphase=absent killpid=
05:26:10.421547480 CHANGE pdnsdb 87f308cf1c1cdd915d3b06cbfc3dc590ff83679f14133a8086e4103449df215b -> eb96053c4aee1b3777edd8ec1b8523da6120dc4baf9caf0f525e3e55ae08ac36
05:26:10.440269208 pdns=5467/0/active/running/ named=0/inactive/dead/ agent=5573/active/ jphase=absent killpid=
05:26:10.879112263 pdns=5467/0/active/running/ named=0/inactive/dead/ agent=5573/active/ jphase=absent killpid=
05:26:11.246253796 pdns=5467/0/active/running/ named=0/inactive/dead/ agent=5573/active/ jphase=absent killpid=
05:26:11.558441212 pdns=5467/0/active/running/ named=0/inactive/dead/ agent=5573/active/ jphase=absent killpid=
05:26:11.913596654 pdns=5467/0/active/running/ named=0/inactive/dead/ agent=5573/active/ jphase=absent killpid=
05:26:12.222455113 pdns=5467/0/active/running/ named=0/inactive/dead/ agent=5573/active/ jphase=absent killpid=
05:26:12.521217737 pdns=5467/0/active/running/ named=0/inactive/dead/ agent=5573/active/ jphase=absent killpid=
05:26:12.816834393 pdns=5467/0/active/running/ named=0/inactive/dead/ agent=5573/active/ jphase=absent killpid=
05:26:13.116887757 pdns=5467/0/active/running/ named=0/inactive/dead/ agent=5573/active/ jphase=absent killpid=
05:26:13.413948827 pdns=5467/0/active/running/ named=0/inactive/dead/ agent=5573/active/ jphase=absent killpid=
05:26:13.732873673 pdns=5467/0/active/running/ named=0/inactive/dead/ agent=5573/active/ jphase=absent killpid=
05:26:14.049107961 pdns=5467/0/active/running/ named=0/inactive/dead/ agent=5573/active/ jphase=absent killpid=
05:26:14.348252463 pdns=5467/0/active/running/ named=0/inactive/dead/ agent=5573/active/ jphase=absent killpid=
05:26:14.663235950 pdns=5467/0/active/running/ named=0/inactive/dead/ agent=5573/active/ jphase=absent killpid=
05:26:14.972460744 pdns=5467/0/active/running/ named=0/inactive/dead/ agent=5573/active/ jphase=absent killpid=
05:26:15.281845583 pdns=5467/0/active/running/ named=0/inactive/dead/ agent=5573/active/ jphase=absent killpid=
05:26:15.591311912 pdns=5467/0/active/running/ named=0/inactive/dead/ agent=5573/active/ jphase=absent killpid=
05:26:15.900390146 pdns=5467/0/active/running/ named=0/inactive/dead/ agent=5573/active/ jphase=absent killpid=
05:26:16.216477417 pdns=5467/0/active/running/ named=0/inactive/dead/ agent=5573/active/ jphase=absent killpid=
05:26:16.537144162 pdns=5467/0/active/running/ named=0/inactive/dead/ agent=5573/active/ jphase=absent killpid=
05:26:16.862885021 pdns=5467/0/active/running/ named=0/inactive/dead/ agent=5573/active/ jphase=absent killpid=
05:26:17.170808221 pdns=5467/0/active/running/ named=0/inactive/dead/ agent=5573/active/ jphase=absent killpid=
05:26:17.471892019 pdns=5467/0/active/running/ named=0/inactive/dead/ agent=5573/active/ jphase=absent killpid=
05:26:17.779670778 pdns=5467/0/active/running/ named=0/inactive/dead/ agent=5573/active/ jphase=absent killpid=
05:26:18.079777825 pdns=5467/0/active/running/ named=0/inactive/dead/ agent=5573/active/ jphase=absent killpid=
05:26:18.392868510 pdns=5467/0/active/running/ named=0/inactive/dead/ agent=5573/active/ jphase=absent killpid=
05:26:18.694142893 pdns=5467/0/active/running/ named=0/inactive/dead/ agent=5573/active/ jphase=absent killpid=
05:26:18.991430435 pdns=5467/0/active/running/ named=0/inactive/dead/ agent=5573/active/ jphase=absent killpid=
05:26:19.309270877 pdns=5467/0/active/running/ named=0/inactive/dead/ agent=5573/active/ jphase=absent killpid=
05:26:19.616889626 pdns=5467/0/active/running/ named=0/inactive/dead/ agent=5573/active/ jphase=absent killpid=
05:26:19.925070672 pdns=5467/0/active/running/ named=0/inactive/dead/ agent=5573/active/ jphase=absent killpid=
05:26:20.252313578 pdns=5467/0/active/running/ named=0/inactive/dead/ agent=5573/active/ jphase=absent killpid=
05:26:20.572245483 pdns=5467/0/active/running/ named=0/inactive/dead/ agent=5573/active/ jphase=absent killpid=
05:26:20.892378325 pdns=5467/0/active/running/ named=0/inactive/dead/ agent=5573/active/ jphase=absent killpid=
05:26:21.207191393 pdns=5467/0/active/running/ named=0/inactive/dead/ agent=5573/active/ jphase=absent killpid=
05:26:21.517663287 pdns=5467/0/active/running/ named=0/inactive/dead/ agent=5573/active/ jphase=absent killpid=
05:26:21.867731671 pdns=5467/0/active/running/ named=0/inactive/dead/ agent=5573/active/ jphase=absent killpid=
05:26:22.167926491 pdns=5467/0/active/running/ named=0/inactive/dead/ agent=5573/active/ jphase=absent killpid=
05:26:22.472419064 pdns=5467/0/active/running/ named=0/inactive/dead/ agent=5573/active/ jphase=absent killpid=
05:26:22.775611291 pdns=5467/0/active/running/ named=0/inactive/dead/ agent=5573/active/ jphase=absent killpid=
05:26:23.087098963 pdns=5467/0/active/running/ named=0/inactive/dead/ agent=5573/active/ jphase=absent killpid=
05:26:23.386433287 pdns=5467/0/active/running/ named=0/inactive/dead/ agent=5573/active/ jphase=absent killpid=
05:26:23.686741353 pdns=5467/0/active/running/ named=0/inactive/dead/ agent=5573/active/ jphase=absent killpid=
05:26:23.992047966 pdns=5467/0/active/running/ named=0/inactive/dead/ agent=5573/active/ jphase=absent killpid=
05:26:24.291272058 pdns=5467/0/active/running/ named=0/inactive/dead/ agent=5573/active/ jphase=absent killpid=
05:26:24.594756128 pdns=5467/0/active/running/ named=0/inactive/dead/ agent=5573/active/ jphase=absent killpid=
05:26:24.889713886 pdns=5467/0/active/running/ named=0/inactive/dead/ agent=5573/active/ jphase=absent killpid=
05:26:25.183741483 pdns=5467/0/active/running/ named=0/inactive/dead/ agent=5573/active/ jphase=absent killpid=
05:26:25.472513846 pdns=5467/0/active/running/ named=0/inactive/dead/ agent=5573/active/ jphase=absent killpid=
05:26:25.771965911 pdns=5467/0/active/running/ named=0/inactive/dead/ agent=5573/active/ jphase=absent killpid=
05:26:26.084602050 pdns=5467/0/active/running/ named=0/inactive/dead/ agent=5573/active/ jphase=absent killpid=
05:26:26.391392302 pdns=5467/0/active/running/ named=0/inactive/dead/ agent=5573/active/ jphase=absent killpid=
05:26:26.685379146 pdns=5467/0/active/running/ named=0/inactive/dead/ agent=5573/active/ jphase=absent killpid=
05:26:26.981876169 pdns=5467/0/active/running/ named=0/inactive/dead/ agent=5573/active/ jphase=absent killpid=
05:26:27.280813184 pdns=5467/0/active/running/ named=0/inactive/dead/ agent=5573/active/ jphase=absent killpid=
05:26:27.612743731 pdns=5467/0/active/running/ named=0/inactive/dead/ agent=5573/active/ jphase=absent killpid=
05:26:27.928505238 pdns=5467/0/active/running/ named=0/inactive/dead/ agent=5573/active/ jphase=absent killpid=
05:26:28.220908074 pdns=5467/0/active/running/ named=0/inactive/dead/ agent=5573/active/ jphase=absent killpid=
05:26:28.515091736 pdns=5467/0/active/running/ named=0/inactive/dead/ agent=5573/active/ jphase=absent killpid=
05:26:28.814686579 pdns=5467/0/active/running/ named=0/inactive/dead/ agent=5573/active/ jphase=absent killpid=
05:26:29.119134371 pdns=5467/0/active/running/ named=0/inactive/dead/ agent=5573/active/ jphase=absent killpid=
05:26:29.413299949 pdns=5467/0/active/running/ named=0/inactive/dead/ agent=5573/active/ jphase=absent killpid=
05:26:29.740152606 pdns=5467/0/active/running/ named=0/inactive/dead/ agent=5573/active/ jphase=absent killpid=
05:26:30.057108249 pdns=5467/0/active/running/ named=0/inactive/dead/ agent=5573/active/ jphase=absent killpid=
05:26:30.369631525 pdns=5467/0/active/running/ named=0/inactive/dead/ agent=5573/active/ jphase=absent killpid=
05:26:30.696602626 pdns=5467/0/active/running/ named=0/inactive/dead/ agent=5573/active/ jphase=absent killpid=
05:26:31.076147846 pdns=5467/0/active/running/ named=0/inactive/dead/ agent=5573/active/ jphase=absent killpid=
05:26:31.409495695 pdns=5467/0/active/running/ named=0/inactive/dead/ agent=5573/active/ jphase=absent killpid=
05:26:31.777670616 pdns=5467/0/active/running/ named=0/inactive/dead/ agent=5573/active/ jphase=absent killpid=
05:26:32.090993273 pdns=5467/0/active/running/ named=0/inactive/dead/ agent=5573/active/ jphase=absent killpid=
05:26:32.396521216 pdns=5467/0/active/running/ named=0/inactive/dead/ agent=5573/active/ jphase=absent killpid=
05:26:32.692926624 pdns=5467/0/active/running/ named=0/inactive/dead/ agent=5573/active/ jphase=absent killpid=
05:26:32.988962102 pdns=5467/0/active/running/ named=0/inactive/dead/ agent=5573/active/ jphase=absent killpid=
05:26:33.288974802 pdns=5467/0/active/running/ named=0/inactive/dead/ agent=5573/active/ jphase=absent killpid=
05:26:33.576583479 pdns=5467/0/active/running/ named=0/inactive/dead/ agent=5573/active/ jphase=absent killpid=
05:26:33.866764839 pdns=5467/0/active/running/ named=0/inactive/dead/ agent=5573/active/ jphase=absent killpid=
05:26:34.167654698 pdns=5467/0/active/running/ named=0/inactive/dead/ agent=5573/active/ jphase=absent killpid=
05:26:34.466429665 pdns=5467/0/active/running/ named=0/inactive/dead/ agent=5573/active/ jphase=absent killpid=
05:26:34.760754555 pdns=5467/0/active/running/ named=0/inactive/dead/ agent=5573/active/ jphase=absent killpid=
05:26:35.054937434 pdns=5467/0/active/running/ named=0/inactive/dead/ agent=5573/active/ jphase=absent killpid=
05:26:35.356464613 pdns=5467/0/active/running/ named=0/inactive/dead/ agent=5573/active/ jphase=absent killpid=
05:26:35.661349017 pdns=5467/0/active/running/ named=0/inactive/dead/ agent=5573/active/ jphase=absent killpid=
05:26:35.976426243 pdns=5467/0/active/running/ named=0/inactive/dead/ agent=5573/active/ jphase=absent killpid=
05:26:36.308695138 pdns=5467/0/active/running/ named=0/inactive/dead/ agent=5573/active/ jphase=absent killpid=
05:26:36.604899276 pdns=5467/0/active/running/ named=0/inactive/dead/ agent=5573/active/ jphase=absent killpid=
05:26:36.896229962 pdns=5467/0/active/running/ named=0/inactive/dead/ agent=5573/active/ jphase=absent killpid=
05:26:37.204778878 pdns=5467/0/active/running/ named=0/inactive/dead/ agent=5573/active/ jphase=absent killpid=
05:26:37.578745243 pdns=5467/0/active/running/ named=0/inactive/dead/ agent=5573/active/ jphase=absent killpid=
05:26:37.887321249 pdns=5467/0/active/running/ named=0/inactive/dead/ agent=5573/active/ jphase=absent killpid=
05:26:38.169868085 pdns=5467/0/active/running/ named=0/inactive/dead/ agent=5573/active/ jphase=absent killpid=
05:26:38.460846938 pdns=5467/0/active/running/ named=0/inactive/dead/ agent=5573/active/ jphase=absent killpid=
05:26:38.746071493 pdns=5467/0/active/running/ named=0/inactive/dead/ agent=5573/active/ jphase=absent killpid=
05:26:39.042380708 pdns=5467/0/active/running/ named=0/inactive/dead/ agent=5573/active/ jphase=absent killpid=
05:26:39.342812686 pdns=5467/0/active/running/ named=0/inactive/dead/ agent=5573/active/ jphase=absent killpid=
05:26:39.627647373 pdns=5467/0/active/running/ named=0/inactive/dead/ agent=5573/active/ jphase=absent killpid=
05:26:39.912014644 pdns=5467/0/active/running/ named=0/inactive/dead/ agent=5573/active/ jphase=absent killpid=
05:26:40.199420687 pdns=5467/0/active/running/ named=0/inactive/dead/ agent=5573/active/ jphase=absent killpid=
05:26:40.493042090 pdns=5467/0/active/running/ named=0/inactive/dead/ agent=5573/active/ jphase=absent killpid=
05:26:40.775040420 pdns=5467/0/active/running/ named=0/inactive/dead/ agent=5573/active/ jphase=absent killpid=
05:26:41.060274321 pdns=5467/0/active/running/ named=0/inactive/dead/ agent=5573/active/ jphase=absent killpid=
05:26:41.347735055 pdns=5467/0/active/running/ named=0/inactive/dead/ agent=5573/active/ jphase=absent killpid=
05:26:41.628057501 pdns=5467/0/active/running/ named=0/inactive/dead/ agent=5573/active/ jphase=absent killpid=
05:26:41.920289711 pdns=5467/0/active/running/ named=0/inactive/dead/ agent=5573/active/ jphase=absent killpid=
05:26:42.218937553 pdns=5467/0/active/running/ named=0/inactive/dead/ agent=5573/active/ jphase=absent killpid=
05:26:42.522403291 pdns=5467/0/active/running/ named=0/inactive/dead/ agent=5573/active/ jphase=absent killpid=
05:26:42.806830705 pdns=5467/0/active/running/ named=0/inactive/dead/ agent=5573/active/ jphase=absent killpid=
05:26:43.099296821 pdns=5467/0/active/running/ named=0/inactive/dead/ agent=5573/active/ jphase=absent killpid=
05:26:43.463802396 pdns=5467/0/active/running/ named=0/inactive/dead/ agent=5573/active/ jphase=absent killpid=
05:26:43.743768644 pdns=5467/0/active/running/ named=0/inactive/dead/ agent=5573/active/ jphase=absent killpid=
05:26:44.032774981 pdns=5467/0/active/running/ named=0/inactive/dead/ agent=5573/active/ jphase=absent killpid=
05:26:44.344392618 pdns=5467/0/active/running/ named=0/inactive/dead/ agent=5573/active/ jphase=absent killpid=
05:26:44.681967785 pdns=5467/0/active/running/ named=0/inactive/dead/ agent=5573/active/ jphase=absent killpid=
05:26:45.005958529 pdns=5467/0/active/running/ named=0/inactive/dead/ agent=5573/active/ jphase=absent killpid=
05:26:45.302643485 pdns=5467/0/active/running/ named=0/inactive/dead/ agent=5573/active/ jphase=absent killpid=
05:26:45.609872643 pdns=5467/0/active/running/ named=0/inactive/dead/ agent=5573/active/ jphase=absent killpid=
05:26:45.952139289 pdns=5467/0/active/running/ named=0/inactive/dead/ agent=5573/active/ jphase=absent killpid=
05:26:46.261725623 pdns=5467/0/active/running/ named=0/inactive/dead/ agent=5573/active/ jphase=absent killpid=
05:26:46.553919163 pdns=5467/0/active/running/ named=0/inactive/dead/ agent=5573/active/ jphase=absent killpid=
05:26:46.847131400 pdns=5467/0/active/running/ named=0/inactive/dead/ agent=5573/active/ jphase=absent killpid=
05:26:47.158555205 pdns=5467/0/active/running/ named=0/inactive/dead/ agent=5573/active/ jphase=absent killpid=
05:26:47.487178182 pdns=5467/0/active/running/ named=0/inactive/dead/ agent=5573/active/ jphase=absent killpid=
05:26:47.771303164 pdns=5467/0/active/running/ named=0/inactive/dead/ agent=5573/active/ jphase=absent killpid=
05:26:48.061000031 pdns=5467/0/active/running/ named=0/inactive/dead/ agent=5573/active/ jphase=absent killpid=
05:26:48.347001776 pdns=5467/0/active/running/ named=0/inactive/dead/ agent=5573/active/ jphase=absent killpid=
05:26:48.635376514 pdns=5467/0/active/running/ named=0/inactive/dead/ agent=5573/active/ jphase=absent killpid=
05:26:48.922222011 pdns=5467/0/active/running/ named=0/inactive/dead/ agent=5573/active/ jphase=absent killpid=
05:26:49.211322063 pdns=5467/0/active/running/ named=0/inactive/dead/ agent=5573/active/ jphase=absent killpid=
05:26:49.494607952 pdns=5467/0/active/running/ named=0/inactive/dead/ agent=5573/active/ jphase=absent killpid=
05:26:49.775446111 pdns=5467/0/active/running/ named=0/inactive/dead/ agent=5573/active/ jphase=absent killpid=
05:26:50.059389607 pdns=5467/0/active/running/ named=0/inactive/dead/ agent=5573/active/ jphase=absent killpid=
05:26:50.343242042 pdns=5467/0/active/running/ named=0/inactive/dead/ agent=5573/active/ jphase=absent killpid=
05:26:50.625989363 pdns=5467/0/active/running/ named=0/inactive/dead/ agent=5573/active/ jphase=absent killpid=
05:26:50.911450137 pdns=5467/0/active/running/ named=0/inactive/dead/ agent=5573/active/ jphase=absent killpid=
05:26:51.199795230 pdns=5467/0/active/running/ named=0/inactive/dead/ agent=5573/active/ jphase=absent killpid=
05:26:51.495854788 pdns=5467/0/active/running/ named=0/inactive/dead/ agent=5573/active/ jphase=absent killpid=
05:26:51.794359477 pdns=5467/0/active/running/ named=0/inactive/dead/ agent=5573/active/ jphase=absent killpid=
05:26:52.134781817 pdns=5467/0/active/running/ named=0/inactive/dead/ agent=5573/active/ jphase=absent killpid=
05:26:52.479346434 pdns=5467/0/active/running/ named=0/inactive/dead/ agent=5573/active/ jphase=absent killpid=
05:26:52.894306219 pdns=5467/0/active/running/ named=0/inactive/dead/ agent=5573/active/ jphase=absent killpid=
05:26:53.213773828 pdns=5467/0/active/running/ named=0/inactive/dead/ agent=5573/active/ jphase=absent killpid=
05:26:53.555862229 pdns=5467/0/active/running/ named=0/inactive/dead/ agent=5573/active/ jphase=absent killpid=
05:26:53.848373178 pdns=5467/0/active/running/ named=0/inactive/dead/ agent=5573/active/ jphase=absent killpid=
05:26:54.148516847 pdns=5467/0/active/running/ named=0/inactive/dead/ agent=5573/active/ jphase=absent killpid=
05:26:54.448088492 pdns=5467/0/active/running/ named=0/inactive/dead/ agent=5573/active/ jphase=absent killpid=
05:26:54.741562963 pdns=5467/0/active/running/ named=0/inactive/dead/ agent=5573/active/ jphase=absent killpid=
05:26:55.057281020 pdns=5467/0/active/running/ named=0/inactive/dead/ agent=5573/active/ jphase=absent killpid=
05:26:55.364362383 pdns=5467/0/active/running/ named=0/inactive/dead/ agent=5573/active/ jphase=absent killpid=
05:26:55.650313556 pdns=5467/0/active/running/ named=0/inactive/dead/ agent=5573/active/ jphase=absent killpid=
05:26:55.931490263 pdns=5467/0/active/running/ named=0/inactive/dead/ agent=5573/active/ jphase=absent killpid=
05:26:56.215467588 pdns=5467/0/active/running/ named=0/inactive/dead/ agent=5573/active/ jphase=absent killpid=
05:26:56.503657673 pdns=5467/0/active/running/ named=0/inactive/dead/ agent=5573/active/ jphase=absent killpid=
05:26:56.786791789 pdns=5467/0/active/running/ named=0/inactive/dead/ agent=5573/active/ jphase=absent killpid=
05:26:57.076450401 pdns=5467/0/active/running/ named=0/inactive/dead/ agent=5573/active/ jphase=absent killpid=
05:26:57.361742338 pdns=5467/0/active/running/ named=0/inactive/dead/ agent=5573/active/ jphase=absent killpid=
05:26:57.644342860 pdns=5467/0/active/running/ named=0/inactive/dead/ agent=5573/active/ jphase=absent killpid=
05:26:57.926598432 pdns=5467/0/active/running/ named=0/inactive/dead/ agent=5573/active/ jphase=absent killpid=
05:26:58.206279361 pdns=5467/0/active/running/ named=0/inactive/dead/ agent=5573/active/ jphase=absent killpid=
05:26:58.489953036 pdns=5467/0/active/running/ named=0/inactive/dead/ agent=5573/active/ jphase=absent killpid=
05:26:58.776081500 pdns=5467/0/active/running/ named=0/inactive/dead/ agent=5573/active/ jphase=absent killpid=
05:26:59.056937605 pdns=5467/0/active/running/ named=0/inactive/dead/ agent=5573/active/ jphase=absent killpid=
05:26:59.345520588 pdns=5467/0/active/running/ named=0/inactive/dead/ agent=5573/active/ jphase=absent killpid=
05:26:59.631407918 pdns=5467/0/active/running/ named=0/inactive/dead/ agent=5573/active/ jphase=absent killpid=
05:26:59.920497914 pdns=5467/0/active/running/ named=0/inactive/dead/ agent=5573/active/ jphase=absent killpid=
05:27:00.207519649 pdns=5467/0/active/running/ named=0/inactive/dead/ agent=5573/active/ jphase=absent killpid=
05:27:00.500608154 pdns=5467/0/active/running/ named=0/inactive/dead/ agent=5573/active/ jphase=absent killpid=
05:27:00.786373690 pdns=5467/0/active/running/ named=0/inactive/dead/ agent=5573/active/ jphase=absent killpid=
05:27:01.074001245 pdns=5467/0/active/running/ named=0/inactive/dead/ agent=5573/active/ jphase=absent killpid=
05:27:01.357144448 pdns=5467/0/active/running/ named=0/inactive/dead/ agent=5573/active/ jphase=absent killpid=
05:27:01.643818272 pdns=5467/0/active/running/ named=0/inactive/dead/ agent=5573/active/ jphase=absent killpid=
05:27:01.964071887 pdns=5467/0/active/running/ named=0/inactive/dead/ agent=5573/active/ jphase=absent killpid=
05:27:02.265383671 pdns=5467/0/active/running/ named=0/inactive/dead/ agent=5573/active/ jphase=absent killpid=
05:27:02.563817231 pdns=5467/0/active/running/ named=0/inactive/dead/ agent=5573/active/ jphase=absent killpid=
05:27:02.877427208 pdns=5467/0/active/running/ named=0/inactive/dead/ agent=5573/active/ jphase=absent killpid=
05:27:03.170313674 pdns=5467/0/active/running/ named=0/inactive/dead/ agent=5573/active/ jphase=absent killpid=
05:27:03.478667503 pdns=5467/0/active/running/ named=0/inactive/dead/ agent=5573/active/ jphase=absent killpid=
05:27:03.791296428 pdns=5467/0/active/running/ named=0/inactive/dead/ agent=5573/active/ jphase=absent killpid=
05:27:04.092826497 pdns=5467/0/active/running/ named=0/inactive/dead/ agent=5573/active/ jphase=absent killpid=
05:27:04.388162732 pdns=5467/0/active/running/ named=0/inactive/dead/ agent=5573/active/ jphase=absent killpid=
05:27:04.672604161 pdns=5467/0/active/running/ named=0/inactive/dead/ agent=5573/active/ jphase=absent killpid=
05:27:04.971061401 pdns=5467/0/active/running/ named=0/inactive/dead/ agent=5573/active/ jphase=absent killpid=
05:27:05.273694346 pdns=5467/0/active/running/ named=0/inactive/dead/ agent=5573/active/ jphase=absent killpid=
05:27:05.557058551 pdns=5467/0/active/running/ named=0/inactive/dead/ agent=5573/active/ jphase=absent killpid=
05:27:05.844505462 pdns=5467/0/active/running/ named=0/inactive/dead/ agent=5573/active/ jphase=absent killpid=
05:27:06.136823392 pdns=5467/0/active/running/ named=0/inactive/dead/ agent=5573/active/ jphase=absent killpid=
05:27:06.420654347 pdns=5467/0/active/running/ named=0/inactive/dead/ agent=5573/active/ jphase=absent killpid=
05:27:06.701579249 pdns=5467/0/active/running/ named=0/inactive/dead/ agent=5573/active/ jphase=absent killpid=
05:27:06.985475608 pdns=5467/0/active/running/ named=0/inactive/dead/ agent=5573/active/ jphase=absent killpid=
05:27:07.267981816 pdns=5467/0/active/running/ named=0/inactive/dead/ agent=5573/active/ jphase=absent killpid=
05:27:07.547521569 pdns=5467/0/active/running/ named=0/inactive/dead/ agent=5573/active/ jphase=absent killpid=
05:27:07.830000815 pdns=5467/0/active/running/ named=0/inactive/dead/ agent=5573/active/ jphase=absent killpid=
05:27:08.112954023 pdns=5467/0/active/running/ named=0/inactive/dead/ agent=5573/active/ jphase=absent killpid=
05:27:08.405987467 pdns=5467/0/active/running/ named=0/inactive/dead/ agent=5573/active/ jphase=absent killpid=
05:27:08.699145564 pdns=5467/0/active/running/ named=0/inactive/dead/ agent=5573/active/ jphase=absent killpid=
05:27:08.983295150 pdns=5467/0/active/running/ named=0/inactive/dead/ agent=5573/active/ jphase=absent killpid=
05:27:09.273833718 pdns=5467/0/active/running/ named=0/inactive/dead/ agent=5573/active/ jphase=absent killpid=
05:27:09.614307130 pdns=5467/0/active/running/ named=0/inactive/dead/ agent=5573/active/ jphase=absent killpid=
05:27:09.902471449 pdns=5467/0/active/running/ named=0/inactive/dead/ agent=5573/active/ jphase=absent killpid=
05:27:10.183580973 pdns=5467/0/active/running/ named=0/inactive/dead/ agent=5573/active/ jphase=absent killpid=
05:27:10.471706972 pdns=5467/0/active/running/ named=0/inactive/dead/ agent=5573/active/ jphase=absent killpid=
05:27:10.756157120 pdns=5467/0/active/running/ named=0/inactive/dead/ agent=5573/active/ jphase=absent killpid=
05:27:11.052800727 pdns=5467/0/active/running/ named=0/inactive/dead/ agent=5573/active/ jphase=absent killpid=
05:27:11.336355079 pdns=5467/0/active/running/ named=0/inactive/dead/ agent=5573/active/ jphase=absent killpid=
05:27:11.623760646 pdns=5467/0/active/running/ named=0/inactive/dead/ agent=5573/active/ jphase=absent killpid=
05:27:11.907312356 pdns=5467/0/active/running/ named=0/inactive/dead/ agent=5573/active/ jphase=absent killpid=
05:27:12.191011770 pdns=5467/0/active/running/ named=0/inactive/dead/ agent=5573/active/ jphase=absent killpid=
05:27:12.475338091 pdns=5467/0/active/running/ named=0/inactive/dead/ agent=5573/active/ jphase=absent killpid=
05:27:12.756676780 pdns=5467/0/active/running/ named=0/inactive/dead/ agent=5573/active/ jphase=absent killpid=
05:27:13.042608982 pdns=5467/0/active/running/ named=0/inactive/dead/ agent=5573/active/ jphase=absent killpid=
05:27:13.326965729 pdns=5467/0/active/running/ named=0/inactive/dead/ agent=5573/active/ jphase=absent killpid=
05:27:13.604830065 pdns=5467/0/active/running/ named=0/inactive/dead/ agent=5573/active/ jphase=absent killpid=
05:27:13.885481615 pdns=5467/0/active/running/ named=0/inactive/dead/ agent=5573/active/ jphase=absent killpid=
05:27:14.166564638 pdns=5467/0/active/running/ named=0/inactive/dead/ agent=5573/active/ jphase=absent killpid=
05:27:14.453974533 pdns=5467/0/active/running/ named=0/inactive/dead/ agent=5573/active/ jphase=absent killpid=
05:27:14.741256279 pdns=5467/0/active/running/ named=0/inactive/dead/ agent=5573/active/ jphase=absent killpid=
05:27:15.032728143 pdns=5467/0/active/running/ named=0/inactive/dead/ agent=5573/active/ jphase=absent killpid=
05:27:15.320576569 pdns=5467/0/active/running/ named=0/inactive/dead/ agent=5573/active/ jphase=absent killpid=
05:27:15.600699817 pdns=5467/0/active/running/ named=0/inactive/dead/ agent=5573/active/ jphase=absent killpid=
05:27:15.882298279 pdns=5467/0/active/running/ named=0/inactive/dead/ agent=5573/active/ jphase=absent killpid=
05:27:16.166170294 pdns=5467/0/active/running/ named=0/inactive/dead/ agent=5573/active/ jphase=absent killpid=
05:27:16.448778689 pdns=5467/0/active/running/ named=0/inactive/dead/ agent=5573/active/ jphase=absent killpid=
05:27:16.728931329 pdns=5467/0/active/running/ named=0/inactive/dead/ agent=5573/active/ jphase=absent killpid=
05:27:17.009362756 pdns=5467/0/active/running/ named=0/inactive/dead/ agent=5573/active/ jphase=absent killpid=
05:27:17.300500339 pdns=5467/0/active/running/ named=0/inactive/dead/ agent=5573/active/ jphase=absent killpid=
05:27:17.585605704 pdns=5467/0/active/running/ named=0/inactive/dead/ agent=5573/active/ jphase=absent killpid=
05:27:17.885822260 pdns=5467/0/active/running/ named=0/inactive/dead/ agent=5573/active/ jphase=absent killpid=
05:27:18.189703019 pdns=5467/0/active/running/ named=0/inactive/dead/ agent=5573/active/ jphase=absent killpid=
05:27:18.470449733 pdns=5467/0/active/running/ named=0/inactive/dead/ agent=5573/active/ jphase=absent killpid=
05:27:18.756147509 pdns=5467/0/active/running/ named=0/inactive/dead/ agent=5573/active/ jphase=absent killpid=
05:27:19.097612132 pdns=5467/0/active/running/ named=0/inactive/dead/ agent=5573/active/ jphase=absent killpid=
05:27:19.394338460 pdns=5467/0/active/running/ named=0/inactive/dead/ agent=5573/active/ jphase=absent killpid=
05:27:19.712948176 pdns=5467/0/active/running/ named=0/inactive/dead/ agent=5573/active/ jphase=absent killpid=
05:27:20.083894975 pdns=5467/0/active/running/ named=0/inactive/dead/ agent=5573/active/ jphase=absent killpid=
05:27:20.514858376 pdns=5467/0/active/running/ named=0/inactive/dead/ agent=5573/active/ jphase=absent killpid=
05:27:20.863761577 pdns=5467/0/active/running/ named=0/inactive/dead/ agent=5573/active/ jphase=absent killpid=
05:27:21.221107901 pdns=5467/0/active/running/ named=0/inactive/dead/ agent=5573/active/ jphase=absent killpid=
05:27:21.533049868 pdns=5467/0/active/running/ named=0/inactive/dead/ agent=5573/active/ jphase=absent killpid=
05:27:21.832001724 pdns=5467/0/active/running/ named=0/inactive/dead/ agent=5573/active/ jphase=absent killpid=
05:27:22.153917630 pdns=5467/0/active/running/ named=0/inactive/dead/ agent=5573/active/ jphase=absent killpid=
05:27:22.455114911 pdns=5467/0/active/running/ named=0/inactive/dead/ agent=5573/active/ jphase=absent killpid=
05:27:22.782877340 pdns=5467/0/active/running/ named=0/inactive/dead/ agent=5573/active/ jphase=absent killpid=
05:27:26.683855749 pdns=5467/0/active/running/ named=0/inactive/dead/ agent=5573/active/ jphase=absent killpid=
05:27:32.029487584 pdns=5467/0/active/running/ named=0/inactive/dead/ agent=5573/active/ jphase=absent killpid=
05:27:32.703238414 pdns=5467/0/active/running/ named=0/inactive/dead/ agent=5573/active/ jphase=absent killpid=
05:27:33.472202990 pdns=5467/0/active/running/ named=0/inactive/dead/ agent=5573/active/ jphase=absent killpid=
05:27:34.214560209 pdns=5467/0/active/running/ named=0/inactive/dead/ agent=5573/active/ jphase=absent killpid=
05:27:34.823473969 pdns=5467/0/active/running/ named=0/inactive/dead/ agent=5573/active/ jphase=absent killpid=
05:27:35.309651573 pdns=5467/0/active/running/ named=0/inactive/dead/ agent=5573/active/ jphase=absent killpid=
05:27:35.675393868 pdns=5467/0/active/running/ named=0/inactive/dead/ agent=5573/active/ jphase=absent killpid=
05:27:36.055051031 pdns=5467/0/active/running/ named=0/inactive/dead/ agent=5573/active/ jphase=absent killpid=
05:27:36.472017548 pdns=5467/0/active/running/ named=0/inactive/dead/ agent=5573/active/ jphase=absent killpid=
05:27:36.872542227 pdns=5467/0/active/running/ named=0/inactive/dead/ agent=5573/active/ jphase=absent killpid=
05:27:37.291185158 pdns=5467/0/active/running/ named=0/inactive/dead/ agent=5573/active/ jphase=absent killpid=
05:27:37.678671304 pdns=5467/0/active/running/ named=0/inactive/dead/ agent=5573/active/ jphase=absent killpid=
05:27:38.019942208 pdns=5467/0/active/running/ named=0/inactive/dead/ agent=5573/active/ jphase=absent killpid=
05:27:38.378151811 pdns=5467/0/active/running/ named=0/inactive/dead/ agent=5573/active/ jphase=absent killpid=
05:27:38.731490659 pdns=5467/0/active/running/ named=0/inactive/dead/ agent=5573/active/ jphase=absent killpid=
05:27:39.101410673 pdns=5467/0/active/running/ named=0/inactive/dead/ agent=5573/active/ jphase=absent killpid=
05:27:39.451750439 pdns=5467/0/active/running/ named=0/inactive/dead/ agent=5573/active/ jphase=absent killpid=
05:27:39.828452483 pdns=5467/0/active/running/ named=0/inactive/dead/ agent=5573/active/ jphase=absent killpid=
05:27:40.180890404 pdns=5467/0/active/running/ named=0/inactive/dead/ agent=5573/active/ jphase=absent killpid=
05:27:40.532487625 pdns=5467/0/active/running/ named=0/inactive/dead/ agent=5573/active/ jphase=absent killpid=
05:27:40.931590930 pdns=5467/0/active/running/ named=0/inactive/dead/ agent=5573/active/ jphase=absent killpid=
05:27:41.409334149 pdns=5467/0/active/running/ named=0/inactive/dead/ agent=5573/active/ jphase=absent killpid=
05:27:41.776181406 pdns=5467/0/active/running/ named=0/inactive/dead/ agent=5573/active/ jphase=absent killpid=
05:27:42.169688602 pdns=5467/0/active/running/ named=0/inactive/dead/ agent=5573/active/ jphase=absent killpid=
05:27:42.528004290 pdns=5467/0/active/running/ named=0/inactive/dead/ agent=5573/active/ jphase=absent killpid=
05:27:42.880880267 pdns=5467/0/active/running/ named=0/inactive/dead/ agent=5573/active/ jphase=absent killpid=
05:27:43.236842987 pdns=5467/0/active/running/ named=0/inactive/dead/ agent=5573/active/ jphase=absent killpid=
05:27:43.583574658 pdns=5467/0/active/running/ named=0/inactive/dead/ agent=5573/active/ jphase=absent killpid=
05:27:43.937711969 pdns=5467/0/active/running/ named=0/inactive/dead/ agent=5573/active/ jphase=absent killpid=
05:27:44.296238319 pdns=5467/0/active/running/ named=0/inactive/dead/ agent=5573/active/ jphase=absent killpid=
05:27:44.650921628 pdns=5467/0/active/running/ named=0/inactive/dead/ agent=5573/active/ jphase=absent killpid=
05:27:45.301824637 pdns=5467/0/active/running/ named=0/inactive/dead/ agent=5573/active/ jphase=absent killpid=
05:27:48.179821106 pdns=5467/0/active/running/ named=0/inactive/dead/ agent=5573/active/ jphase=absent killpid=
05:27:48.489303543 pdns=5467/0/active/running/ named=0/inactive/dead/ agent=5573/active/ jphase=absent killpid=
05:27:48.806848124 pdns=5467/0/active/running/ named=0/inactive/dead/ agent=5573/active/ jphase=absent killpid=
05:27:49.103716176 pdns=5467/0/active/running/ named=0/inactive/dead/ agent=5573/active/ jphase=absent killpid=
05:27:49.402754934 pdns=5467/0/active/running/ named=0/inactive/dead/ agent=5573/active/ jphase=absent killpid=
05:27:49.727320287 pdns=5467/0/active/running/ named=0/inactive/dead/ agent=5573/active/ jphase=absent killpid=
05:27:50.071160017 pdns=5467/0/active/running/ named=0/inactive/dead/ agent=5573/active/ jphase=absent killpid=
05:27:50.371720172 pdns=5467/0/active/running/ named=0/inactive/dead/ agent=5573/active/ jphase=absent killpid=
05:27:50.674639848 pdns=5467/0/active/running/ named=0/inactive/dead/ agent=5573/active/ jphase=absent killpid=
05:27:50.972223606 pdns=5467/0/active/running/ named=0/inactive/dead/ agent=5573/active/ jphase=absent killpid=
05:27:51.269785063 pdns=5467/0/active/running/ named=0/inactive/dead/ agent=5573/active/ jphase=absent killpid=
05:27:51.562868397 pdns=5467/0/active/running/ named=0/inactive/dead/ agent=5573/active/ jphase=absent killpid=
05:27:51.852996298 pdns=5467/0/active/running/ named=0/inactive/dead/ agent=5573/active/ jphase=absent killpid=
05:27:52.144009901 pdns=5467/0/active/running/ named=0/inactive/dead/ agent=5573/active/ jphase=absent killpid=
05:27:52.432544813 pdns=5467/0/active/running/ named=0/inactive/dead/ agent=5573/active/ jphase=absent killpid=
05:27:52.718995569 pdns=5467/0/active/running/ named=0/inactive/dead/ agent=5573/active/ jphase=absent killpid=
05:27:53.014134819 pdns=5467/0/active/running/ named=0/inactive/dead/ agent=5573/active/ jphase=absent killpid=
05:27:53.298939224 pdns=5467/0/active/running/ named=0/inactive/dead/ agent=5573/active/ jphase=absent killpid=
05:27:53.590725858 pdns=5467/0/active/running/ named=0/inactive/dead/ agent=5573/active/ jphase=absent killpid=
05:27:53.876177598 pdns=5467/0/active/running/ named=0/inactive/dead/ agent=5573/active/ jphase=absent killpid=
05:27:54.160673925 pdns=5467/0/active/running/ named=0/inactive/dead/ agent=5573/active/ jphase=absent killpid=
05:27:54.452162602 pdns=5467/0/active/running/ named=0/inactive/dead/ agent=5573/active/ jphase=absent killpid=
05:27:54.756090800 pdns=5467/0/active/running/ named=0/inactive/dead/ agent=5573/active/ jphase=absent killpid=
05:27:55.057025989 pdns=5467/0/active/running/ named=0/inactive/dead/ agent=5573/active/ jphase=absent killpid=
05:27:55.344721687 pdns=5467/0/active/running/ named=0/inactive/dead/ agent=5573/active/ jphase=absent killpid=
05:27:55.630689536 pdns=5467/0/active/running/ named=0/inactive/dead/ agent=5573/active/ jphase=absent killpid=
05:27:55.923640834 pdns=5467/0/active/running/ named=0/inactive/dead/ agent=5573/active/ jphase=absent killpid=
05:27:56.229410257 pdns=5467/0/active/running/ named=0/inactive/dead/ agent=5573/active/ jphase=absent killpid=
05:27:56.517680851 pdns=5467/0/active/running/ named=0/inactive/dead/ agent=5573/active/ jphase=absent killpid=
05:27:56.821393630 pdns=5467/0/active/running/ named=0/inactive/dead/ agent=5573/active/ jphase=absent killpid=
05:27:57.119951516 pdns=5467/0/active/running/ named=0/inactive/dead/ agent=5573/active/ jphase=absent killpid=
05:27:57.413628682 pdns=5467/0/active/running/ named=0/inactive/dead/ agent=5573/active/ jphase=absent killpid=
05:27:57.713078960 pdns=5467/0/active/running/ named=0/inactive/dead/ agent=5573/active/ jphase=absent killpid=
05:27:58.028108638 pdns=5467/0/active/running/ named=0/inactive/dead/ agent=5573/active/ jphase=absent killpid=
05:27:58.366315840 pdns=5467/0/active/running/ named=0/inactive/dead/ agent=5573/active/ jphase=absent killpid=
05:27:58.694780223 pdns=5467/0/active/running/ named=0/inactive/dead/ agent=5573/active/ jphase=absent killpid=
05:27:59.004919710 pdns=5467/0/active/running/ named=0/inactive/dead/ agent=5573/active/ jphase=absent killpid=
05:27:59.325407425 pdns=5467/0/active/running/ named=0/inactive/dead/ agent=5573/active/ jphase=absent killpid=
05:27:59.695148656 pdns=5467/0/active/running/ named=0/inactive/dead/ agent=5573/active/ jphase=absent killpid=
05:27:59.996302379 pdns=5467/0/active/running/ named=0/inactive/dead/ agent=5573/active/ jphase=absent killpid=
05:28:00.301216481 pdns=5467/0/active/running/ named=0/inactive/dead/ agent=5573/active/ jphase=absent killpid=
05:28:00.601445309 pdns=5467/0/active/running/ named=0/inactive/dead/ agent=5573/active/ jphase=absent killpid=
05:28:00.961797808 pdns=5467/0/active/running/ named=0/inactive/dead/ agent=5573/active/ jphase=absent killpid=
05:28:01.392791428 pdns=5467/0/active/running/ named=0/inactive/dead/ agent=5573/active/ jphase=absent killpid=
05:28:01.912117282 pdns=5467/0/active/running/ named=0/inactive/dead/ agent=5573/active/ jphase=absent killpid=
05:28:02.521780309 pdns=5467/0/active/running/ named=0/inactive/dead/ agent=5573/active/ jphase=absent killpid=
05:28:03.728133768 pdns=5467/0/active/running/ named=0/inactive/dead/ agent=5573/active/ jphase=absent killpid=
05:28:04.398917094 pdns=5467/0/active/running/ named=0/inactive/dead/ agent=5573/active/ jphase=absent killpid=
05:28:06.257097726 pdns=5467/0/active/running/ named=0/inactive/dead/ agent=5573/active/ jphase=absent killpid=
05:28:08.416841551 pdns=5467/0/active/running/ named=0/inactive/dead/ agent=5573/active/ jphase=absent killpid=
05:28:08.729318771 pdns=5467/0/active/running/ named=0/inactive/dead/ agent=5573/active/ jphase=absent killpid=
05:28:09.022968802 pdns=5467/0/active/running/ named=0/inactive/dead/ agent=5573/active/ jphase=absent killpid=
05:28:09.325580430 pdns=5467/0/active/running/ named=0/inactive/dead/ agent=5573/active/ jphase=absent killpid=
05:28:09.654801909 pdns=5467/0/active/running/ named=0/inactive/dead/ agent=5573/active/ jphase=absent killpid=
05:28:09.976961169 pdns=5467/0/active/running/ named=0/inactive/dead/ agent=5573/active/ jphase=absent killpid=
05:28:10.281726887 pdns=5467/0/active/running/ named=0/inactive/dead/ agent=5573/active/ jphase=absent killpid=
05:28:10.614321652 pdns=5467/0/active/running/ named=0/inactive/dead/ agent=5573/active/ jphase=absent killpid=
05:28:10.946327810 pdns=5467/0/active/running/ named=0/inactive/dead/ agent=5573/active/ jphase=absent killpid=
05:28:11.285886264 pdns=5467/0/active/running/ named=0/inactive/dead/ agent=5573/active/ jphase=absent killpid=
05:28:11.625718884 pdns=5467/0/active/running/ named=0/inactive/dead/ agent=5573/active/ jphase=absent killpid=
05:28:11.986670590 pdns=5467/0/active/running/ named=0/inactive/dead/ agent=5573/active/ jphase=absent killpid=
05:28:12.310808159 pdns=5467/0/active/running/ named=0/inactive/dead/ agent=5573/active/ jphase=absent killpid=
05:28:12.629519878 pdns=5467/0/active/running/ named=0/inactive/dead/ agent=5573/active/ jphase=absent killpid=
05:28:12.944656871 pdns=5467/0/active/running/ named=0/inactive/dead/ agent=5573/active/ jphase=absent killpid=
05:28:13.258612377 pdns=5467/0/active/running/ named=0/inactive/dead/ agent=5573/active/ jphase=absent killpid=
05:28:13.558874996 pdns=5467/0/active/running/ named=0/inactive/dead/ agent=5573/active/ jphase=absent killpid=
05:28:13.860741563 pdns=5467/0/active/running/ named=0/inactive/dead/ agent=5573/active/ jphase=absent killpid=
05:28:14.162127148 pdns=5467/0/active/running/ named=0/inactive/dead/ agent=5573/active/ jphase=absent killpid=
05:28:14.480681484 pdns=5467/0/active/running/ named=0/inactive/dead/ agent=5573/active/ jphase=absent killpid=
05:28:14.777452642 pdns=5467/0/active/running/ named=0/inactive/dead/ agent=5573/active/ jphase=absent killpid=
05:28:15.080041486 pdns=5467/0/active/running/ named=0/inactive/dead/ agent=5573/active/ jphase=absent killpid=
05:28:15.396559662 pdns=5467/0/active/running/ named=0/inactive/dead/ agent=5573/active/ jphase=absent killpid=
05:28:15.690766765 pdns=5467/0/active/running/ named=0/inactive/dead/ agent=5573/active/ jphase=absent killpid=
05:28:15.988355315 pdns=5467/0/active/running/ named=0/inactive/dead/ agent=5573/active/ jphase=absent killpid=
05:28:16.320785381 pdns=5467/0/active/running/ named=0/inactive/dead/ agent=5573/active/ jphase=absent killpid=
05:28:16.717229420 pdns=5467/0/active/running/ named=0/inactive/dead/ agent=5573/active/ jphase=absent killpid=
05:28:17.020667681 pdns=5467/0/active/running/ named=0/inactive/dead/ agent=5573/active/ jphase=absent killpid=
05:28:17.320801770 pdns=5467/0/active/running/ named=0/inactive/dead/ agent=5573/active/ jphase=absent killpid=
05:28:17.634325584 pdns=5467/0/active/running/ named=0/inactive/dead/ agent=5573/active/ jphase=absent killpid=
05:28:17.934469015 pdns=5467/0/active/running/ named=0/inactive/dead/ agent=5573/active/ jphase=absent killpid=
05:28:18.234498999 pdns=5467/0/active/running/ named=0/inactive/dead/ agent=5573/active/ jphase=absent killpid=
05:28:18.537618661 pdns=5467/0/active/running/ named=0/inactive/dead/ agent=5573/active/ jphase=absent killpid=
05:28:18.836583756 pdns=5467/0/active/running/ named=0/inactive/dead/ agent=5573/active/ jphase=absent killpid=
05:28:19.132797430 pdns=5467/0/active/running/ named=0/inactive/dead/ agent=5573/active/ jphase=absent killpid=
05:28:19.426643796 pdns=5467/0/active/running/ named=0/inactive/dead/ agent=5573/active/ jphase=absent killpid=
05:28:19.738603940 pdns=5467/0/active/running/ named=0/inactive/dead/ agent=5573/active/ jphase=absent killpid=
05:28:20.048308134 pdns=5467/0/active/running/ named=0/inactive/dead/ agent=5573/active/ jphase=absent killpid=
05:28:20.360007461 pdns=5467/0/active/running/ named=0/inactive/dead/ agent=5573/active/ jphase=absent killpid=
05:28:20.677320560 pdns=5467/0/active/running/ named=0/inactive/dead/ agent=5573/active/ jphase=absent killpid=
05:28:20.978510172 pdns=5467/0/active/running/ named=0/inactive/dead/ agent=5573/active/ jphase=absent killpid=
05:28:21.278935048 pdns=5467/0/active/running/ named=0/inactive/dead/ agent=5573/active/ jphase=absent killpid=
05:28:21.577594320 pdns=5467/0/active/running/ named=0/inactive/dead/ agent=5573/active/ jphase=absent killpid=
05:28:21.889227971 pdns=5467/0/active/running/ named=0/inactive/dead/ agent=5573/active/ jphase=absent killpid=
05:28:22.193011023 pdns=5467/0/active/running/ named=0/inactive/dead/ agent=5573/active/ jphase=absent killpid=
05:28:22.497049352 pdns=5467/0/active/running/ named=0/inactive/dead/ agent=5573/active/ jphase=absent killpid=
05:28:22.833309339 pdns=5467/0/active/running/ named=0/inactive/dead/ agent=5573/active/ jphase=absent killpid=
05:28:23.169834649 pdns=5467/0/active/running/ named=0/inactive/dead/ agent=5573/active/ jphase=absent killpid=
05:28:23.468903703 pdns=5467/0/active/running/ named=0/inactive/dead/ agent=5573/active/ jphase=absent killpid=
05:28:23.777130759 pdns=5467/0/active/running/ named=0/inactive/dead/ agent=5573/active/ jphase=absent killpid=
05:28:24.099792558 pdns=5467/0/active/running/ named=0/inactive/dead/ agent=5573/active/ jphase=absent killpid=
05:28:24.437670153 pdns=5467/0/active/running/ named=0/inactive/dead/ agent=5573/active/ jphase=absent killpid=
05:28:24.749375512 pdns=5467/0/active/running/ named=0/inactive/dead/ agent=5573/active/ jphase=absent killpid=
05:28:25.069791103 pdns=5467/0/active/running/ named=0/inactive/dead/ agent=5573/active/ jphase=absent killpid=
05:28:25.374395463 pdns=5467/0/active/running/ named=0/inactive/dead/ agent=5573/active/ jphase=absent killpid=
05:28:25.671358914 pdns=5467/0/active/running/ named=0/inactive/dead/ agent=5573/active/ jphase=absent killpid=
05:28:25.973896673 pdns=5467/0/active/running/ named=0/inactive/dead/ agent=5573/active/ jphase=absent killpid=
05:28:26.312716568 pdns=5467/0/active/running/ named=0/inactive/dead/ agent=5573/active/ jphase=absent killpid=
05:28:26.631268342 pdns=5467/0/active/running/ named=0/inactive/dead/ agent=5573/active/ jphase=absent killpid=
05:28:27.005503947 pdns=5467/0/active/running/ named=0/inactive/dead/ agent=5573/active/ jphase=absent killpid=
05:28:27.312449187 pdns=5467/0/active/running/ named=0/inactive/dead/ agent=5573/active/ jphase=absent killpid=
05:28:27.640639998 pdns=5467/0/active/running/ named=0/inactive/dead/ agent=5573/active/ jphase=absent killpid=
05:28:27.983464503 pdns=5467/0/active/running/ named=0/inactive/dead/ agent=5573/active/ jphase=absent killpid=
05:28:28.393195217 pdns=5467/0/active/running/ named=0/inactive/dead/ agent=5573/active/ jphase=absent killpid=
05:28:28.700869976 pdns=5467/0/active/running/ named=0/inactive/dead/ agent=5573/active/ jphase=absent killpid=
05:28:29.007159726 pdns=5467/0/active/running/ named=0/inactive/dead/ agent=5573/active/ jphase=absent killpid=
05:28:29.327128056 pdns=5467/0/active/running/ named=0/inactive/dead/ agent=5573/active/ jphase=absent killpid=
05:28:29.626703161 pdns=5467/0/active/running/ named=0/inactive/dead/ agent=5573/active/ jphase=absent killpid=
05:28:29.923163380 pdns=5467/0/active/running/ named=0/inactive/dead/ agent=5573/active/ jphase=absent killpid=
05:28:30.210236492 pdns=5467/0/active/running/ named=0/inactive/dead/ agent=5573/active/ jphase=absent killpid=
05:28:30.504379020 pdns=5467/0/active/running/ named=0/inactive/dead/ agent=5573/active/ jphase=absent killpid=
05:28:30.797589375 pdns=5467/0/active/running/ named=0/inactive/dead/ agent=5573/active/ jphase=absent killpid=
05:28:31.100069441 pdns=5467/0/active/running/ named=0/inactive/dead/ agent=5573/active/ jphase=absent killpid=
05:28:31.418204644 pdns=5467/0/active/running/ named=0/inactive/dead/ agent=5573/active/ jphase=absent killpid=
05:28:31.733334017 pdns=5467/0/active/running/ named=0/inactive/dead/ agent=5573/active/ jphase=absent killpid=
05:28:32.034775506 pdns=5467/0/active/running/ named=0/inactive/dead/ agent=5573/active/ jphase=absent killpid=
05:28:32.333900801 pdns=5467/0/active/running/ named=0/inactive/dead/ agent=5573/active/ jphase=absent killpid=
05:28:32.622322743 pdns=5467/0/active/running/ named=0/inactive/dead/ agent=5573/active/ jphase=absent killpid=
05:28:32.912811447 pdns=5467/0/active/running/ named=0/inactive/dead/ agent=5573/active/ jphase=absent killpid=
05:28:33.199552765 pdns=5467/0/active/running/ named=0/inactive/dead/ agent=5573/active/ jphase=absent killpid=
05:28:33.497949124 pdns=5467/0/active/running/ named=0/inactive/dead/ agent=5573/active/ jphase=absent killpid=
05:28:33.880957941 pdns=5467/0/active/running/ named=0/inactive/dead/ agent=5573/active/ jphase=absent killpid=
05:28:34.193087278 pdns=5467/0/active/running/ named=0/inactive/dead/ agent=5573/active/ jphase=absent killpid=
05:28:34.484882754 pdns=5467/0/active/running/ named=0/inactive/dead/ agent=5573/active/ jphase=absent killpid=
05:28:34.775690387 pdns=5467/0/active/running/ named=0/inactive/dead/ agent=5573/active/ jphase=absent killpid=
05:28:35.096472017 pdns=5467/0/active/running/ named=0/inactive/dead/ agent=5573/active/ jphase=absent killpid=
05:28:35.400560776 pdns=5467/0/active/running/ named=0/inactive/dead/ agent=5573/active/ jphase=absent killpid=
05:28:35.691423235 pdns=5467/0/active/running/ named=0/inactive/dead/ agent=5573/active/ jphase=absent killpid=
05:28:35.995279377 pdns=5467/0/active/running/ named=0/inactive/dead/ agent=5573/active/ jphase=absent killpid=
05:28:36.328960265 pdns=5467/0/active/running/ named=0/inactive/dead/ agent=5573/active/ jphase=absent killpid=
05:28:36.635599437 pdns=5467/0/active/running/ named=0/inactive/dead/ agent=5573/active/ jphase=absent killpid=
05:28:36.976971151 pdns=5467/0/active/running/ named=0/inactive/dead/ agent=5573/active/ jphase=absent killpid=
05:28:37.291086258 pdns=5467/0/active/running/ named=0/inactive/dead/ agent=5573/active/ jphase=absent killpid=
05:28:37.575870434 pdns=5467/0/active/running/ named=0/inactive/dead/ agent=5573/active/ jphase=absent killpid=
05:28:37.866842455 pdns=5467/0/active/running/ named=0/inactive/dead/ agent=5573/active/ jphase=absent killpid=
05:28:38.174652126 pdns=5467/0/active/running/ named=0/inactive/dead/ agent=5573/active/ jphase=absent killpid=
05:28:38.484819443 pdns=5467/0/active/running/ named=0/inactive/dead/ agent=5573/active/ jphase=absent killpid=
05:28:38.775536471 pdns=5467/0/active/running/ named=0/inactive/dead/ agent=5573/active/ jphase=absent killpid=
05:28:39.063403813 pdns=5467/0/active/running/ named=0/inactive/dead/ agent=5573/active/ jphase=absent killpid=
05:28:39.348116339 pdns=5467/0/active/running/ named=0/inactive/dead/ agent=5573/active/ jphase=absent killpid=
05:28:39.636540999 pdns=5467/0/active/running/ named=0/inactive/dead/ agent=5573/active/ jphase=absent killpid=
05:28:39.923342371 pdns=5467/0/active/running/ named=0/inactive/dead/ agent=5573/active/ jphase=absent killpid=
05:28:40.216117017 pdns=5467/0/active/running/ named=0/inactive/dead/ agent=5573/active/ jphase=absent killpid=
05:28:40.504100626 pdns=5467/0/active/running/ named=0/inactive/dead/ agent=5573/active/ jphase=absent killpid=
05:28:40.788601517 pdns=5467/0/active/running/ named=0/inactive/dead/ agent=5573/active/ jphase=absent killpid=
05:28:41.075581631 pdns=5467/0/active/running/ named=0/inactive/dead/ agent=5573/active/ jphase=absent killpid=
05:28:41.359354766 pdns=5467/0/active/running/ named=0/inactive/dead/ agent=5573/active/ jphase=absent killpid=
05:28:41.652577862 pdns=5467/0/active/running/ named=0/inactive/dead/ agent=5573/active/ jphase=absent killpid=
05:28:41.986809871 pdns=5467/0/active/running/ named=0/inactive/dead/ agent=5573/active/ jphase=absent killpid=
05:28:42.339970259 pdns=5467/0/active/running/ named=0/inactive/dead/ agent=5573/active/ jphase=absent killpid=
05:28:42.635299499 pdns=5467/0/active/running/ named=0/inactive/dead/ agent=5573/active/ jphase=absent killpid=
05:28:42.929534689 pdns=5467/0/active/running/ named=0/inactive/dead/ agent=5573/active/ jphase=absent killpid=
05:28:43.212656279 pdns=5467/0/active/running/ named=0/inactive/dead/ agent=5573/active/ jphase=absent killpid=
05:28:43.497668284 pdns=5467/0/active/running/ named=0/inactive/dead/ agent=5573/active/ jphase=absent killpid=
05:28:43.783565586 pdns=5467/0/active/running/ named=0/inactive/dead/ agent=5573/active/ jphase=absent killpid=
05:28:44.070325594 pdns=5467/0/active/running/ named=0/inactive/dead/ agent=5573/active/ jphase=absent killpid=
05:28:44.356818641 pdns=5467/0/active/running/ named=0/inactive/dead/ agent=5573/active/ jphase=absent killpid=
05:28:44.644811823 pdns=5467/0/active/running/ named=0/inactive/dead/ agent=5573/active/ jphase=absent killpid=
05:28:44.939619921 pdns=5467/0/active/running/ named=0/inactive/dead/ agent=5573/active/ jphase=absent killpid=
05:28:45.225615978 pdns=5467/0/active/running/ named=0/inactive/dead/ agent=5573/active/ jphase=absent killpid=
05:28:45.514316765 pdns=5467/0/active/running/ named=0/inactive/dead/ agent=5573/active/ jphase=absent killpid=
05:28:45.801003546 pdns=5467/0/active/running/ named=0/inactive/dead/ agent=5573/active/ jphase=absent killpid=
05:28:46.087979567 pdns=5467/0/active/running/ named=0/inactive/dead/ agent=5573/active/ jphase=absent killpid=
05:28:46.380985099 pdns=5467/0/active/running/ named=0/inactive/dead/ agent=5573/active/ jphase=absent killpid=
05:28:46.672207521 pdns=5467/0/active/running/ named=0/inactive/dead/ agent=5573/active/ jphase=absent killpid=
05:28:46.964931515 pdns=5467/0/active/running/ named=0/inactive/dead/ agent=5573/active/ jphase=absent killpid=
05:28:47.407676150 pdns=5467/0/active/running/ named=0/inactive/dead/ agent=5573/active/ jphase=absent killpid=
05:28:47.815816796 pdns=5467/0/active/running/ named=0/inactive/dead/ agent=5573/active/ jphase=absent killpid=
05:28:48.164153035 pdns=5467/0/active/running/ named=0/inactive/dead/ agent=5573/active/ jphase=absent killpid=
05:28:48.498994947 pdns=5467/0/active/running/ named=0/inactive/dead/ agent=5573/active/ jphase=absent killpid=
05:28:48.835899876 pdns=5467/0/active/running/ named=0/inactive/dead/ agent=5573/active/ jphase=absent killpid=
05:28:49.135339559 pdns=5467/0/active/running/ named=0/inactive/dead/ agent=5573/active/ jphase=absent killpid=
05:28:49.441323438 pdns=5467/0/active/running/ named=0/inactive/dead/ agent=5573/active/ jphase=absent killpid=
05:28:49.743602825 pdns=5467/0/active/running/ named=0/inactive/dead/ agent=5573/active/ jphase=absent killpid=
05:28:50.066256525 pdns=5467/0/active/running/ named=0/inactive/dead/ agent=5573/active/ jphase=absent killpid=
05:28:50.376197823 pdns=5467/0/active/running/ named=0/inactive/dead/ agent=5573/active/ jphase=absent killpid=
05:28:50.675749234 pdns=5467/0/active/running/ named=0/inactive/dead/ agent=5573/active/ jphase=absent killpid=
05:28:50.988637755 pdns=5467/0/active/running/ named=0/inactive/dead/ agent=5573/active/ jphase=absent killpid=
05:28:51.276591865 pdns=5467/0/active/running/ named=0/inactive/dead/ agent=5573/active/ jphase=absent killpid=
05:28:51.567767218 pdns=5467/0/active/running/ named=0/inactive/dead/ agent=5573/active/ jphase=absent killpid=
05:28:51.853273724 pdns=5467/0/active/running/ named=0/inactive/dead/ agent=5573/active/ jphase=absent killpid=
05:28:52.138220553 pdns=5467/0/active/running/ named=0/inactive/dead/ agent=5573/active/ jphase=absent killpid=
05:28:52.444393153 pdns=5467/0/active/running/ named=0/inactive/dead/ agent=5573/active/ jphase=absent killpid=
05:28:52.748860993 pdns=5467/0/active/running/ named=0/inactive/dead/ agent=5573/active/ jphase=absent killpid=
05:28:53.061348189 pdns=5467/0/active/running/ named=0/inactive/dead/ agent=5573/active/ jphase=absent killpid=
05:28:53.376159699 pdns=5467/0/active/running/ named=0/inactive/dead/ agent=5573/active/ jphase=absent killpid=
05:28:53.674948321 pdns=5467/0/active/running/ named=0/inactive/dead/ agent=5573/active/ jphase=absent killpid=
05:28:53.987871622 pdns=5467/0/active/running/ named=0/inactive/dead/ agent=5573/active/ jphase=absent killpid=
05:28:54.283994189 pdns=5467/0/active/running/ named=0/inactive/dead/ agent=5573/active/ jphase=absent killpid=
05:28:54.576883488 pdns=5467/0/active/running/ named=0/inactive/dead/ agent=5573/active/ jphase=absent killpid=
05:28:54.923451516 pdns=5467/0/active/running/ named=0/inactive/dead/ agent=5573/active/ jphase=absent killpid=
05:28:55.407323299 pdns=5467/0/active/running/ named=0/inactive/dead/ agent=5573/active/ jphase=absent killpid=
05:28:55.902813825 pdns=5467/0/active/running/ named=0/inactive/dead/ agent=5573/active/ jphase=absent killpid=
05:28:56.400658748 pdns=5467/0/active/running/ named=0/inactive/dead/ agent=5573/active/ jphase=absent killpid=
05:28:56.863659619 pdns=5467/0/active/running/ named=0/inactive/dead/ agent=5573/active/ jphase=absent killpid=
05:28:57.354885489 pdns=5467/0/active/running/ named=0/inactive/dead/ agent=5573/active/ jphase=absent killpid=
05:28:57.811075077 pdns=5467/0/active/running/ named=0/inactive/dead/ agent=5573/active/ jphase=absent killpid=
05:28:58.118217857 pdns=5467/0/active/running/ named=0/inactive/dead/ agent=5573/active/ jphase=absent killpid=
05:28:58.424845344 pdns=5467/0/active/running/ named=0/inactive/dead/ agent=5573/active/ jphase=absent killpid=
05:28:58.720663921 pdns=5467/0/active/running/ named=0/inactive/dead/ agent=5573/active/ jphase=absent killpid=
05:28:59.038636255 pdns=5467/0/active/running/ named=0/inactive/dead/ agent=5573/active/ jphase=absent killpid=
05:28:59.358312970 pdns=5467/0/active/running/ named=0/inactive/dead/ agent=5573/active/ jphase=absent killpid=
05:28:59.684231006 pdns=5467/0/active/running/ named=0/inactive/dead/ agent=5573/active/ jphase=absent killpid=
05:29:00.013712081 pdns=5467/0/active/running/ named=0/inactive/dead/ agent=5573/active/ jphase=absent killpid=
05:29:00.319198011 pdns=5467/0/active/running/ named=0/inactive/dead/ agent=5573/active/ jphase=absent killpid=
05:29:00.618318977 pdns=5467/0/active/running/ named=0/inactive/dead/ agent=5573/active/ jphase=absent killpid=
05:29:00.923348563 pdns=5467/0/active/running/ named=0/inactive/dead/ agent=5573/active/ jphase=absent killpid=
05:29:01.214629997 pdns=5467/0/active/running/ named=0/inactive/dead/ agent=5573/active/ jphase=absent killpid=
05:29:01.506204874 pdns=5467/0/active/running/ named=0/inactive/dead/ agent=5573/active/ jphase=absent killpid=
05:29:01.797505522 pdns=5467/0/active/running/ named=0/inactive/dead/ agent=5573/active/ jphase=absent killpid=
05:29:02.090961070 pdns=5467/0/active/running/ named=0/inactive/dead/ agent=5573/active/ jphase=absent killpid=
05:29:02.401189521 pdns=5467/0/active/running/ named=0/inactive/dead/ agent=5573/active/ jphase=absent killpid=
05:29:02.711865780 pdns=5467/0/active/running/ named=0/inactive/dead/ agent=5573/active/ jphase=absent killpid=
05:29:03.016796056 pdns=5467/0/active/running/ named=0/inactive/dead/ agent=5573/active/ jphase=absent killpid=
05:29:03.307925685 pdns=5467/0/active/running/ named=0/inactive/dead/ agent=5573/active/ jphase=absent killpid=
05:29:03.603719735 pdns=5467/0/active/running/ named=0/inactive/dead/ agent=5573/active/ jphase=absent killpid=
05:29:05.724019751 pdns=5467/0/active/running/ named=0/inactive/dead/ agent=5573/active/ jphase=absent killpid=
05:29:06.986985965 pdns=5467/0/active/running/ named=0/inactive/dead/ agent=5573/active/ jphase=absent killpid=
05:29:07.321048532 pdns=5467/0/active/running/ named=0/inactive/dead/ agent=5573/active/ jphase=absent killpid=
05:29:07.633969683 pdns=5467/0/active/running/ named=0/inactive/dead/ agent=5573/active/ jphase=absent killpid=
05:29:07.926918228 pdns=5467/0/active/running/ named=0/inactive/dead/ agent=5573/active/ jphase=absent killpid=
05:29:08.234836409 pdns=5467/0/active/running/ named=0/inactive/dead/ agent=5573/active/ jphase=absent killpid=
05:29:08.550929505 pdns=5467/0/active/running/ named=0/inactive/dead/ agent=5573/active/ jphase=absent killpid=
05:29:08.850568560 pdns=5467/0/active/running/ named=0/inactive/dead/ agent=5573/active/ jphase=absent killpid=
05:29:09.139407577 pdns=5467/0/active/running/ named=0/inactive/dead/ agent=5573/active/ jphase=absent killpid=
05:29:09.435231862 pdns=5467/0/active/running/ named=0/inactive/dead/ agent=5573/active/ jphase=absent killpid=
05:29:09.723994017 pdns=5467/0/active/running/ named=0/inactive/dead/ agent=5573/active/ jphase=absent killpid=
05:29:10.008683942 pdns=5467/0/active/running/ named=0/inactive/dead/ agent=5573/active/ jphase=absent killpid=
05:29:10.314713538 pdns=5467/0/active/running/ named=0/inactive/dead/ agent=5573/active/ jphase=absent killpid=
05:29:10.632062079 pdns=5467/0/active/running/ named=0/inactive/dead/ agent=5573/active/ jphase=absent killpid=
05:29:10.930367953 pdns=5467/0/active/running/ named=0/inactive/dead/ agent=5573/active/ jphase=absent killpid=
05:29:11.231040367 pdns=5467/0/active/running/ named=0/inactive/dead/ agent=5573/active/ jphase=absent killpid=
05:29:11.521468444 pdns=5467/0/active/running/ named=0/inactive/dead/ agent=5573/active/ jphase=absent killpid=
05:29:11.815455438 pdns=5467/0/active/running/ named=0/inactive/dead/ agent=5573/active/ jphase=absent killpid=
05:29:12.104829695 pdns=5467/0/active/running/ named=0/inactive/dead/ agent=5573/active/ jphase=absent killpid=
05:29:12.392393039 pdns=5467/0/active/running/ named=0/inactive/dead/ agent=5573/active/ jphase=absent killpid=
05:29:12.693036314 pdns=5467/0/active/running/ named=0/inactive/dead/ agent=5573/active/ jphase=absent killpid=
05:29:12.988522029 pdns=5467/0/active/running/ named=0/inactive/dead/ agent=5573/active/ jphase=absent killpid=
05:29:13.292475285 pdns=5467/0/active/running/ named=0/inactive/dead/ agent=5573/active/ jphase=absent killpid=
05:29:13.592250950 pdns=5467/0/active/running/ named=0/inactive/dead/ agent=5573/active/ jphase=absent killpid=
05:29:13.900751016 pdns=5467/0/active/running/ named=0/inactive/dead/ agent=5573/active/ jphase=absent killpid=
05:29:14.203807370 pdns=5467/0/active/running/ named=0/inactive/dead/ agent=5573/active/ jphase=absent killpid=
05:29:14.556979098 pdns=5467/0/active/running/ named=0/inactive/dead/ agent=5573/active/ jphase=absent killpid=
05:29:14.905706615 pdns=5467/0/active/running/ named=0/inactive/dead/ agent=5573/active/ jphase=absent killpid=
05:29:15.250334233 pdns=5467/0/active/running/ named=0/inactive/dead/ agent=5573/active/ jphase=absent killpid=
05:29:15.620487590 pdns=5467/0/active/running/ named=0/inactive/dead/ agent=5573/active/ jphase=absent killpid=
05:29:15.932787875 pdns=5467/0/active/running/ named=0/inactive/dead/ agent=5573/active/ jphase=absent killpid=
05:29:16.245663805 pdns=5467/0/active/running/ named=0/inactive/dead/ agent=5573/active/ jphase=absent killpid=
05:29:16.559139530 pdns=5467/0/active/running/ named=0/inactive/dead/ agent=5573/active/ jphase=absent killpid=
05:29:16.870388142 pdns=5467/0/active/running/ named=0/inactive/dead/ agent=5573/active/ jphase=absent killpid=
05:29:17.203634619 pdns=5467/0/active/running/ named=0/inactive/dead/ agent=5573/active/ jphase=absent killpid=
05:29:17.500058059 pdns=5467/0/active/running/ named=0/inactive/dead/ agent=5573/active/ jphase=absent killpid=
05:29:17.803724659 pdns=5467/0/active/running/ named=0/inactive/dead/ agent=5573/active/ jphase=absent killpid=
05:29:18.119716963 pdns=5467/0/active/running/ named=0/inactive/dead/ agent=5573/active/ jphase=absent killpid=
05:29:18.459617546 pdns=5467/0/active/running/ named=0/inactive/dead/ agent=5573/active/ jphase=absent killpid=
05:29:18.757225119 pdns=5467/0/active/running/ named=0/inactive/dead/ agent=5573/active/ jphase=absent killpid=
05:29:19.070294727 pdns=5467/0/active/running/ named=0/inactive/dead/ agent=5573/active/ jphase=absent killpid=
05:29:19.389504723 pdns=5467/0/active/running/ named=0/inactive/dead/ agent=5573/active/ jphase=absent killpid=
05:29:19.723745173 pdns=5467/0/active/running/ named=0/inactive/dead/ agent=5573/active/ jphase=absent killpid=
05:29:20.064371501 pdns=5467/0/active/running/ named=0/inactive/dead/ agent=5573/active/ jphase=absent killpid=
05:29:20.369814248 pdns=5467/0/active/running/ named=0/inactive/dead/ agent=5573/active/ jphase=absent killpid=
05:29:20.687774019 pdns=5467/0/active/running/ named=0/inactive/dead/ agent=5573/active/ jphase=absent killpid=
05:29:21.008963739 pdns=5467/0/active/running/ named=0/inactive/dead/ agent=5573/active/ jphase=absent killpid=
05:29:21.312142416 pdns=5467/0/active/running/ named=0/inactive/dead/ agent=5573/active/ jphase=absent killpid=
05:29:21.615326814 pdns=5467/0/active/running/ named=0/inactive/dead/ agent=5573/active/ jphase=absent killpid=
05:29:21.917091314 pdns=5467/0/active/running/ named=0/inactive/dead/ agent=5573/active/ jphase=absent killpid=
05:29:22.232250522 pdns=5467/0/active/running/ named=0/inactive/dead/ agent=5573/active/ jphase=absent killpid=
05:29:22.535829138 pdns=5467/0/active/running/ named=0/inactive/dead/ agent=5573/active/ jphase=absent killpid=
05:29:22.836369631 pdns=5467/0/active/running/ named=0/inactive/dead/ agent=5573/active/ jphase=absent killpid=
05:29:23.134440277 pdns=5467/0/active/running/ named=0/inactive/dead/ agent=5573/active/ jphase=absent killpid=
05:29:23.427642673 pdns=5467/0/active/running/ named=0/inactive/dead/ agent=5573/active/ jphase=absent killpid=
05:29:23.737645707 pdns=5467/0/active/running/ named=0/inactive/dead/ agent=5573/active/ jphase=absent killpid=
05:29:24.056635835 pdns=5467/0/active/running/ named=0/inactive/dead/ agent=5573/active/ jphase=absent killpid=
05:29:24.364748536 pdns=5467/0/active/running/ named=0/inactive/dead/ agent=5573/active/ jphase=absent killpid=
05:29:24.660070146 pdns=5467/0/active/running/ named=0/inactive/dead/ agent=5573/active/ jphase=absent killpid=
05:29:24.956302664 pdns=5467/0/active/running/ named=0/inactive/dead/ agent=5573/active/ jphase=absent killpid=
05:29:25.262465846 pdns=5467/0/active/running/ named=0/inactive/dead/ agent=5573/active/ jphase=absent killpid=
05:29:25.577745391 pdns=5467/0/active/running/ named=0/inactive/dead/ agent=5573/active/ jphase=absent killpid=
05:29:25.891348328 pdns=5467/0/active/running/ named=0/inactive/dead/ agent=5573/active/ jphase=absent killpid=
05:29:26.232526490 pdns=5467/0/active/running/ named=0/inactive/dead/ agent=5573/active/ jphase=absent killpid=
05:29:26.556627349 pdns=5467/0/active/running/ named=0/inactive/dead/ agent=5573/active/ jphase=absent killpid=
05:29:26.859559469 pdns=5467/0/active/running/ named=0/inactive/dead/ agent=5573/active/ jphase=absent killpid=
05:29:27.162535670 pdns=5467/0/active/running/ named=0/inactive/dead/ agent=5573/active/ jphase=absent killpid=
05:29:27.464055151 pdns=5467/0/active/running/ named=0/inactive/dead/ agent=5573/active/ jphase=absent killpid=
05:29:27.766092430 pdns=5467/0/active/running/ named=0/inactive/dead/ agent=5573/active/ jphase=absent killpid=
05:29:28.063676789 pdns=5467/0/active/running/ named=0/inactive/dead/ agent=5573/active/ jphase=absent killpid=
05:29:28.368359791 pdns=5467/0/active/running/ named=0/inactive/dead/ agent=5573/active/ jphase=absent killpid=
05:29:28.667346563 pdns=5467/0/active/running/ named=0/inactive/dead/ agent=5573/active/ jphase=absent killpid=
05:29:28.971875698 pdns=5467/0/active/running/ named=0/inactive/dead/ agent=5573/active/ jphase=absent killpid=
05:29:29.259323023 pdns=5467/0/active/running/ named=0/inactive/dead/ agent=5573/active/ jphase=absent killpid=
05:29:29.559487653 pdns=5467/0/active/running/ named=0/inactive/dead/ agent=5573/active/ jphase=absent killpid=
05:29:29.867359639 pdns=5467/0/active/running/ named=0/inactive/dead/ agent=5573/active/ jphase=absent killpid=
05:29:30.154245175 pdns=5467/0/active/running/ named=0/inactive/dead/ agent=5573/active/ jphase=absent killpid=
05:29:30.446285348 pdns=5467/0/active/running/ named=0/inactive/dead/ agent=5573/active/ jphase=absent killpid=
05:29:30.730954586 pdns=5467/0/active/running/ named=0/inactive/dead/ agent=5573/active/ jphase=absent killpid=
05:29:31.031228258 pdns=5467/0/active/running/ named=0/inactive/dead/ agent=5573/active/ jphase=absent killpid=
05:29:31.324311740 pdns=5467/0/active/running/ named=0/inactive/dead/ agent=5573/active/ jphase=absent killpid=
05:29:31.646446858 pdns=5467/0/active/running/ named=0/inactive/dead/ agent=5573/active/ jphase=absent killpid=
05:29:31.942504054 pdns=5467/0/active/running/ named=0/inactive/dead/ agent=5573/active/ jphase=absent killpid=
05:29:32.237853054 pdns=5467/0/active/running/ named=0/inactive/dead/ agent=5573/active/ jphase=absent killpid=
05:29:32.533441871 pdns=5467/0/active/running/ named=0/inactive/dead/ agent=5573/active/ jphase=absent killpid=
05:29:32.843597258 pdns=5467/0/active/running/ named=0/inactive/dead/ agent=5573/active/ jphase=absent killpid=
05:29:33.165920500 pdns=5467/0/active/running/ named=0/inactive/dead/ agent=5573/active/ jphase=absent killpid=
05:29:33.561257090 pdns=5467/0/active/running/ named=0/inactive/dead/ agent=5573/active/ jphase=absent killpid=
05:29:33.871722303 pdns=5467/0/active/running/ named=0/inactive/dead/ agent=5573/active/ jphase=absent killpid=
05:29:34.193840124 pdns=5467/0/active/running/ named=0/inactive/dead/ agent=5573/active/ jphase=absent killpid=
05:29:34.534897637 pdns=5467/0/active/running/ named=0/inactive/dead/ agent=5573/active/ jphase=absent killpid=
05:29:34.842555111 pdns=5467/0/active/running/ named=0/inactive/dead/ agent=5573/active/ jphase=absent killpid=
05:29:35.141496620 pdns=5467/0/active/running/ named=0/inactive/dead/ agent=5573/active/ jphase=absent killpid=
05:29:35.436217503 pdns=5467/0/active/running/ named=0/inactive/dead/ agent=5573/active/ jphase=absent killpid=
05:29:35.735486655 pdns=5467/0/active/running/ named=0/inactive/dead/ agent=5573/active/ jphase=absent killpid=
05:29:36.033813610 pdns=5467/0/active/running/ named=0/inactive/dead/ agent=5573/active/ jphase=absent killpid=
05:29:36.346445768 pdns=5467/0/active/running/ named=0/inactive/dead/ agent=5573/active/ jphase=absent killpid=
05:29:36.642214626 pdns=5467/0/active/running/ named=0/inactive/dead/ agent=5573/active/ jphase=absent killpid=
05:29:36.942252719 pdns=5467/0/active/running/ named=0/inactive/dead/ agent=5573/active/ jphase=absent killpid=
05:29:37.240012117 pdns=5467/0/active/running/ named=0/inactive/dead/ agent=5573/active/ jphase=absent killpid=
05:29:37.533789358 pdns=5467/0/active/running/ named=0/inactive/dead/ agent=5573/active/ jphase=absent killpid=
05:29:37.825773242 pdns=5467/0/active/running/ named=0/inactive/dead/ agent=5573/active/ jphase=absent killpid=
05:29:38.115589867 pdns=5467/0/active/running/ named=0/inactive/dead/ agent=5573/active/ jphase=absent killpid=
05:29:38.417599485 pdns=5467/0/active/running/ named=0/inactive/dead/ agent=5573/active/ jphase=absent killpid=
05:29:38.715339422 pdns=5467/0/active/running/ named=0/inactive/dead/ agent=5573/active/ jphase=absent killpid=
05:29:39.030186200 pdns=5467/0/active/running/ named=0/inactive/dead/ agent=5573/active/ jphase=absent killpid=
05:29:39.335430599 pdns=5467/0/active/running/ named=0/inactive/dead/ agent=5573/active/ jphase=absent killpid=
05:29:39.632747963 pdns=5467/0/active/running/ named=0/inactive/dead/ agent=5573/active/ jphase=absent killpid=
05:29:39.922617347 pdns=5467/0/active/running/ named=0/inactive/dead/ agent=5573/active/ jphase=absent killpid=
05:29:40.209663632 pdns=5467/0/active/running/ named=0/inactive/dead/ agent=5573/active/ jphase=absent killpid=
05:29:40.505152172 pdns=5467/0/active/running/ named=0/inactive/dead/ agent=5573/active/ jphase=absent killpid=
05:29:40.810795858 pdns=5467/0/active/running/ named=0/inactive/dead/ agent=5573/active/ jphase=absent killpid=
05:29:41.109673817 pdns=5467/0/active/running/ named=0/inactive/dead/ agent=5573/active/ jphase=absent killpid=
05:29:41.396903269 pdns=5467/0/active/running/ named=0/inactive/dead/ agent=5573/active/ jphase=absent killpid=
05:29:41.699692767 pdns=5467/0/active/running/ named=0/inactive/dead/ agent=5573/active/ jphase=absent killpid=
05:29:41.990103398 pdns=5467/0/active/running/ named=0/inactive/dead/ agent=5573/active/ jphase=absent killpid=
05:29:42.284269709 pdns=5467/0/active/running/ named=0/inactive/dead/ agent=5573/active/ jphase=absent killpid=
05:29:42.588475383 pdns=5467/0/active/running/ named=0/inactive/dead/ agent=5573/active/ jphase=absent killpid=
05:29:42.890433090 pdns=5467/0/active/running/ named=0/inactive/dead/ agent=5573/active/ jphase=absent killpid=
05:29:43.183859557 pdns=5467/0/active/running/ named=0/inactive/dead/ agent=5573/active/ jphase=absent killpid=
05:29:43.488028893 pdns=5467/0/active/running/ named=0/inactive/dead/ agent=5573/active/ jphase=absent killpid=
05:29:43.782357793 pdns=5467/0/active/running/ named=0/inactive/dead/ agent=5573/active/ jphase=absent killpid=
05:29:44.075428438 pdns=5467/0/active/running/ named=0/inactive/dead/ agent=5573/active/ jphase=absent killpid=
05:29:44.370338930 pdns=5467/0/active/running/ named=0/inactive/dead/ agent=5573/active/ jphase=absent killpid=
05:29:44.671681618 pdns=5467/0/active/running/ named=0/inactive/dead/ agent=5573/active/ jphase=absent killpid=
05:29:44.961127013 pdns=5467/0/active/running/ named=0/inactive/dead/ agent=5573/active/ jphase=absent killpid=
05:29:45.258437745 pdns=5467/0/active/running/ named=0/inactive/dead/ agent=5573/active/ jphase=absent killpid=
05:29:45.559774038 pdns=5467/0/active/running/ named=0/inactive/dead/ agent=5573/active/ jphase=absent killpid=
05:29:45.856028834 pdns=5467/0/active/running/ named=0/inactive/dead/ agent=5573/active/ jphase=absent killpid=
05:29:46.171207178 pdns=5467/0/active/running/ named=0/inactive/dead/ agent=5573/active/ jphase=absent killpid=
05:29:46.499828360 pdns=5467/0/active/running/ named=0/inactive/dead/ agent=5573/active/ jphase=absent killpid=
05:29:46.796739531 pdns=5467/0/active/running/ named=0/inactive/dead/ agent=5573/active/ jphase=absent killpid=
05:29:47.095561303 pdns=5467/0/active/running/ named=0/inactive/dead/ agent=5573/active/ jphase=absent killpid=
05:29:47.395268877 pdns=5467/0/active/running/ named=0/inactive/dead/ agent=5573/active/ jphase=absent killpid=
05:29:47.691381865 pdns=5467/0/active/running/ named=0/inactive/dead/ agent=5573/active/ jphase=absent killpid=
05:29:47.986660217 pdns=5467/0/active/running/ named=0/inactive/dead/ agent=5573/active/ jphase=absent killpid=
05:29:48.275384159 pdns=5467/0/active/running/ named=0/inactive/dead/ agent=5573/active/ jphase=absent killpid=
05:29:48.566168275 pdns=5467/0/active/running/ named=0/inactive/dead/ agent=5573/active/ jphase=absent killpid=
05:29:48.863129037 pdns=5467/0/active/running/ named=0/inactive/dead/ agent=5573/active/ jphase=absent killpid=
05:29:49.155010063 pdns=5467/0/active/running/ named=0/inactive/dead/ agent=5573/active/ jphase=absent killpid=
05:29:49.455643841 pdns=5467/0/active/running/ named=0/inactive/dead/ agent=5573/active/ jphase=absent killpid=
05:29:49.744850560 pdns=5467/0/active/running/ named=0/inactive/dead/ agent=5573/active/ jphase=absent killpid=
05:29:50.036124841 pdns=5467/0/active/running/ named=0/inactive/dead/ agent=5573/active/ jphase=absent killpid=
05:29:50.326138432 pdns=5467/0/active/running/ named=0/inactive/dead/ agent=5573/active/ jphase=absent killpid=
05:29:50.619415390 pdns=5467/0/active/running/ named=0/inactive/dead/ agent=5573/active/ jphase=absent killpid=
05:29:50.918270767 pdns=5467/0/active/running/ named=0/inactive/dead/ agent=5573/active/ jphase=absent killpid=
05:29:51.222415021 pdns=5467/0/active/running/ named=0/inactive/dead/ agent=5573/active/ jphase=absent killpid=
05:29:51.526281165 pdns=5467/0/active/running/ named=0/inactive/dead/ agent=5573/active/ jphase=absent killpid=
05:29:51.835773303 pdns=5467/0/active/running/ named=0/inactive/dead/ agent=5573/active/ jphase=absent killpid=
05:29:52.135105079 pdns=5467/0/active/running/ named=0/inactive/dead/ agent=5573/active/ jphase=absent killpid=
05:29:52.429586768 pdns=5467/0/active/running/ named=0/inactive/dead/ agent=5573/active/ jphase=absent killpid=
05:29:52.719252243 pdns=5467/0/active/running/ named=0/inactive/dead/ agent=5573/active/ jphase=absent killpid=
05:29:53.018625023 pdns=5467/0/active/running/ named=0/inactive/dead/ agent=5573/active/ jphase=absent killpid=
05:29:53.328967145 pdns=5467/0/active/running/ named=0/inactive/dead/ agent=5573/active/ jphase=absent killpid=
05:29:53.620796339 pdns=5467/0/active/running/ named=0/inactive/dead/ agent=5573/active/ jphase=absent killpid=
05:29:54.277226103 pdns=5467/0/active/running/ named=0/inactive/dead/ agent=5573/active/ jphase=absent killpid=
05:29:55.505083242 pdns=5467/0/active/running/ named=0/inactive/dead/ agent=5573/active/ jphase=absent killpid=
05:29:55.816861147 pdns=5467/0/active/running/ named=0/inactive/dead/ agent=5573/active/ jphase=absent killpid=
05:29:56.107382204 pdns=5467/0/active/running/ named=0/inactive/dead/ agent=5573/active/ jphase=absent killpid=
05:29:56.405527645 pdns=5467/0/active/running/ named=0/inactive/dead/ agent=5573/active/ jphase=absent killpid=
05:29:56.701154392 pdns=5467/0/active/running/ named=0/inactive/dead/ agent=5573/active/ jphase=absent killpid=
05:29:57.001712369 pdns=5467/0/active/running/ named=0/inactive/dead/ agent=5573/active/ jphase=absent killpid=
05:29:57.309201075 pdns=5467/0/active/running/ named=0/inactive/dead/ agent=5573/active/ jphase=absent killpid=
05:29:57.671860739 pdns=5467/0/active/running/ named=0/inactive/dead/ agent=5573/active/ jphase=absent killpid=
05:29:57.971619970 pdns=5467/0/active/running/ named=0/inactive/dead/ agent=5573/active/ jphase=absent killpid=
05:29:58.266295808 pdns=5467/0/active/running/ named=0/inactive/dead/ agent=5573/active/ jphase=absent killpid=
05:29:58.577346449 pdns=5467/0/active/running/ named=0/inactive/dead/ agent=5573/active/ jphase=absent killpid=
05:29:58.877745248 pdns=5467/0/active/running/ named=0/inactive/dead/ agent=5573/active/ jphase=absent killpid=
05:29:59.199794785 pdns=5467/0/active/running/ named=0/inactive/dead/ agent=5573/active/ jphase=absent killpid=
05:29:59.493607426 pdns=5467/0/active/running/ named=0/inactive/dead/ agent=5573/active/ jphase=absent killpid=
05:29:59.782125922 pdns=5467/0/active/running/ named=0/inactive/dead/ agent=5573/active/ jphase=absent killpid=
05:30:00.076978374 pdns=5467/0/active/running/ named=0/inactive/dead/ agent=5573/active/ jphase=absent killpid=
05:30:00.367356330 pdns=5467/0/active/running/ named=0/inactive/dead/ agent=5573/active/ jphase=absent killpid=
05:30:00.659377533 pdns=5467/0/active/running/ named=0/inactive/dead/ agent=5573/active/ jphase=absent killpid=
05:30:00.956409392 pdns=5467/0/active/running/ named=0/inactive/dead/ agent=5573/active/ jphase=absent killpid=
05:30:01.255646864 pdns=5467/0/active/running/ named=0/inactive/dead/ agent=5573/active/ jphase=absent killpid=
05:30:01.553185486 pdns=5467/0/active/running/ named=0/inactive/dead/ agent=5573/active/ jphase=absent killpid=
05:30:01.839040390 pdns=5467/0/active/running/ named=0/inactive/dead/ agent=5573/active/ jphase=absent killpid=
05:30:02.125417374 pdns=5467/0/active/running/ named=0/inactive/dead/ agent=5573/active/ jphase=absent killpid=
05:30:02.414706395 pdns=5467/0/active/running/ named=0/inactive/dead/ agent=5573/active/ jphase=absent killpid=
05:30:02.702931409 pdns=5467/0/active/running/ named=0/inactive/dead/ agent=5573/active/ jphase=absent killpid=
05:30:02.992264236 pdns=5467/0/active/running/ named=0/inactive/dead/ agent=5573/active/ jphase=absent killpid=
05:30:03.287704193 pdns=5467/0/active/running/ named=0/inactive/dead/ agent=5573/active/ jphase=absent killpid=
05:30:03.590902347 pdns=5467/0/active/running/ named=0/inactive/dead/ agent=5573/active/ jphase=absent killpid=
05:30:03.882478488 pdns=5467/0/active/running/ named=0/inactive/dead/ agent=5573/active/ jphase=absent killpid=
05:30:04.175869514 pdns=5467/0/active/running/ named=0/inactive/dead/ agent=5573/active/ jphase=absent killpid=
05:30:04.470866236 pdns=5467/0/active/running/ named=0/inactive/dead/ agent=5573/active/ jphase=absent killpid=
05:30:04.760405321 pdns=5467/0/active/running/ named=0/inactive/dead/ agent=5573/active/ jphase=absent killpid=
05:30:05.053567803 pdns=5467/0/active/running/ named=0/inactive/dead/ agent=5573/active/ jphase=absent killpid=
05:30:05.350236141 pdns=5467/0/active/running/ named=0/inactive/dead/ agent=5573/active/ jphase=absent killpid=
05:30:05.640172950 pdns=5467/0/active/running/ named=0/inactive/dead/ agent=5573/active/ jphase=absent killpid=
05:30:05.931267554 pdns=5467/0/active/running/ named=0/inactive/dead/ agent=5573/active/ jphase=absent killpid=
05:30:06.252910869 pdns=5467/0/active/running/ named=0/inactive/dead/ agent=5573/active/ jphase=absent killpid=
05:30:06.622660650 pdns=5467/0/active/running/ named=0/inactive/dead/ agent=5573/active/ jphase=absent killpid=
05:30:06.918485873 pdns=5467/0/active/running/ named=0/inactive/dead/ agent=5573/active/ jphase=absent killpid=
05:30:07.223661102 pdns=5467/0/active/running/ named=0/inactive/dead/ agent=5573/active/ jphase=absent killpid=
05:30:07.513816373 pdns=5467/0/active/running/ named=0/inactive/dead/ agent=5573/active/ jphase=absent killpid=
05:30:07.810162554 pdns=5467/0/active/running/ named=0/inactive/dead/ agent=5573/active/ jphase=absent killpid=
05:30:08.103795554 pdns=5467/0/active/running/ named=0/inactive/dead/ agent=5573/active/ jphase=absent killpid=
05:30:08.403087463 pdns=5467/0/active/running/ named=0/inactive/dead/ agent=5573/active/ jphase=absent killpid=
05:30:08.700910033 pdns=5467/0/active/running/ named=0/inactive/dead/ agent=5573/active/ jphase=absent killpid=
05:30:09.013816090 pdns=5467/0/active/running/ named=0/inactive/dead/ agent=5573/active/ jphase=absent killpid=
05:30:09.306662085 pdns=5467/0/active/running/ named=0/inactive/dead/ agent=5573/active/ jphase=absent killpid=
05:30:09.601783314 pdns=5467/0/active/running/ named=0/inactive/dead/ agent=5573/active/ jphase=absent killpid=
05:30:09.891162564 pdns=5467/0/active/running/ named=0/inactive/dead/ agent=5573/active/ jphase=absent killpid=
05:30:10.182716666 pdns=5467/0/active/running/ named=0/inactive/dead/ agent=5573/active/ jphase=absent killpid=
05:30:10.472453630 pdns=5467/0/active/running/ named=0/inactive/dead/ agent=5573/active/ jphase=absent killpid=
05:30:10.758132606 pdns=5467/0/active/running/ named=0/inactive/dead/ agent=5573/active/ jphase=absent killpid=
05:30:11.041547572 pdns=5467/0/active/running/ named=0/inactive/dead/ agent=5573/active/ jphase=absent killpid=
05:30:11.330398255 pdns=5467/0/active/running/ named=0/inactive/dead/ agent=5573/active/ jphase=absent killpid=
05:30:11.621980276 pdns=5467/0/active/running/ named=0/inactive/dead/ agent=5573/active/ jphase=absent killpid=
05:30:11.931408701 pdns=5467/0/active/running/ named=0/inactive/dead/ agent=5573/active/ jphase=absent killpid=
05:30:12.234532630 pdns=5467/0/active/running/ named=0/inactive/dead/ agent=5573/active/ jphase=absent killpid=
05:30:12.539556037 pdns=5467/0/active/running/ named=0/inactive/dead/ agent=5573/active/ jphase=absent killpid=
05:30:12.825326166 pdns=5467/0/active/running/ named=0/inactive/dead/ agent=5573/active/ jphase=absent killpid=
05:30:13.115842652 pdns=5467/0/active/running/ named=0/inactive/dead/ agent=5573/active/ jphase=absent killpid=
05:30:13.407646667 pdns=5467/0/active/running/ named=0/inactive/dead/ agent=5573/active/ jphase=absent killpid=
05:30:13.706177187 pdns=5467/0/active/running/ named=0/inactive/dead/ agent=5573/active/ jphase=absent killpid=
05:30:13.998451911 pdns=5467/0/active/running/ named=0/inactive/dead/ agent=5573/active/ jphase=absent killpid=
05:30:14.301058948 pdns=5467/0/active/running/ named=0/inactive/dead/ agent=5573/active/ jphase=absent killpid=
05:30:14.594385889 pdns=5467/0/active/running/ named=0/inactive/dead/ agent=5573/active/ jphase=absent killpid=
05:30:14.898272525 pdns=5467/0/active/running/ named=0/inactive/dead/ agent=5573/active/ jphase=absent killpid=
05:30:15.329565514 pdns=5467/0/active/running/ named=0/inactive/dead/ agent=5573/active/ jphase=absent killpid=
05:30:15.639762047 pdns=5467/0/active/running/ named=0/inactive/dead/ agent=5573/active/ jphase=absent killpid=
05:30:15.942643233 pdns=5467/0/active/running/ named=0/inactive/dead/ agent=5573/active/ jphase=absent killpid=
05:30:16.271563959 pdns=5467/0/active/running/ named=0/inactive/dead/ agent=5573/active/ jphase=absent killpid=
05:30:16.587293143 pdns=5467/0/active/running/ named=0/inactive/dead/ agent=5573/active/ jphase=absent killpid=
05:30:16.886706155 pdns=5467/0/active/running/ named=0/inactive/dead/ agent=5573/active/ jphase=absent killpid=
05:30:17.179120871 pdns=5467/0/active/running/ named=0/inactive/dead/ agent=5573/active/ jphase=absent killpid=
05:30:17.472565322 pdns=5467/0/active/running/ named=0/inactive/dead/ agent=5573/active/ jphase=absent killpid=
05:30:17.761640790 pdns=5467/0/active/running/ named=0/inactive/dead/ agent=5573/active/ jphase=absent killpid=
05:30:18.047906188 pdns=5467/0/active/running/ named=0/inactive/dead/ agent=5573/active/ jphase=absent killpid=
05:30:18.334813154 pdns=5467/0/active/running/ named=0/inactive/dead/ agent=5573/active/ jphase=absent killpid=
05:30:18.626320077 pdns=5467/0/active/running/ named=0/inactive/dead/ agent=5573/active/ jphase=absent killpid=
05:30:18.923139195 pdns=5467/0/active/running/ named=0/inactive/dead/ agent=5573/active/ jphase=absent killpid=
05:30:19.216173823 pdns=5467/0/active/running/ named=0/inactive/dead/ agent=5573/active/ jphase=absent killpid=
05:30:19.518263907 pdns=5467/0/active/running/ named=0/inactive/dead/ agent=5573/active/ jphase=absent killpid=
05:30:19.826375192 pdns=5467/0/active/running/ named=0/inactive/dead/ agent=5573/active/ jphase=absent killpid=
05:30:20.112933572 pdns=5467/0/active/running/ named=0/inactive/dead/ agent=5573/active/ jphase=absent killpid=
05:30:20.393755670 pdns=5467/0/active/running/ named=0/inactive/dead/ agent=5573/active/ jphase=absent killpid=
05:30:20.679421392 pdns=5467/0/active/running/ named=0/inactive/dead/ agent=5573/active/ jphase=absent killpid=
05:30:21.004065341 pdns=5467/0/active/running/ named=0/inactive/dead/ agent=5573/active/ jphase=absent killpid=
05:30:21.330774921 pdns=5467/0/active/running/ named=0/inactive/dead/ agent=5573/active/ jphase=absent killpid=
05:30:21.623473703 pdns=5467/0/active/running/ named=0/inactive/dead/ agent=5573/active/ jphase=absent killpid=
05:30:21.907653053 pdns=5467/0/active/running/ named=0/inactive/dead/ agent=5573/active/ jphase=absent killpid=
05:30:22.190320380 pdns=5467/0/active/running/ named=0/inactive/dead/ agent=5573/active/ jphase=absent killpid=
05:30:22.478269385 pdns=5467/0/active/running/ named=0/inactive/dead/ agent=5573/active/ jphase=absent killpid=
05:30:22.763038422 pdns=5467/0/active/running/ named=0/inactive/dead/ agent=5573/active/ jphase=absent killpid=
05:30:23.051887228 pdns=5467/0/active/running/ named=0/inactive/dead/ agent=5573/active/ jphase=absent killpid=
05:30:23.340793510 pdns=5467/0/active/running/ named=0/inactive/dead/ agent=5573/active/ jphase=absent killpid=
05:30:23.629379760 pdns=5467/0/active/running/ named=0/inactive/dead/ agent=5573/active/ jphase=absent killpid=
05:30:23.911558619 pdns=5467/0/active/running/ named=0/inactive/dead/ agent=5573/active/ jphase=absent killpid=
05:30:24.195175827 pdns=5467/0/active/running/ named=0/inactive/dead/ agent=5573/active/ jphase=absent killpid=
05:30:24.483735905 pdns=5467/0/active/running/ named=0/inactive/dead/ agent=5573/active/ jphase=absent killpid=
05:30:24.767660573 pdns=5467/0/active/running/ named=0/inactive/dead/ agent=5573/active/ jphase=absent killpid=
05:30:25.057351859 pdns=5467/0/active/running/ named=0/inactive/dead/ agent=5573/active/ jphase=absent killpid=
05:30:25.343276941 pdns=5467/0/active/running/ named=0/inactive/dead/ agent=5573/active/ jphase=absent killpid=
05:30:25.629271604 pdns=5467/0/active/running/ named=0/inactive/dead/ agent=5573/active/ jphase=absent killpid=
05:30:25.916346683 pdns=5467/0/active/running/ named=0/inactive/dead/ agent=5573/active/ jphase=absent killpid=
05:30:26.199488195 pdns=5467/0/active/running/ named=0/inactive/dead/ agent=5573/active/ jphase=absent killpid=
05:30:26.484156732 pdns=5467/0/active/running/ named=0/inactive/dead/ agent=5573/active/ jphase=absent killpid=
05:30:26.767974904 pdns=5467/0/active/running/ named=0/inactive/dead/ agent=5573/active/ jphase=absent killpid=
05:30:27.068106169 pdns=5467/0/active/running/ named=0/inactive/dead/ agent=5573/active/ jphase=absent killpid=
05:30:27.372939236 pdns=5467/0/active/running/ named=0/inactive/dead/ agent=5573/active/ jphase=absent killpid=
05:30:27.661895942 pdns=5467/0/active/running/ named=0/inactive/dead/ agent=5573/active/ jphase=absent killpid=
05:30:27.950178944 pdns=5467/0/active/running/ named=0/inactive/dead/ agent=5573/active/ jphase=absent killpid=
05:30:28.238640092 pdns=5467/0/active/running/ named=0/inactive/dead/ agent=5573/active/ jphase=absent killpid=
05:30:28.537056896 pdns=5467/0/active/running/ named=0/inactive/dead/ agent=5573/active/ jphase=absent killpid=
05:30:28.830217387 pdns=5467/0/active/running/ named=0/inactive/dead/ agent=5573/active/ jphase=absent killpid=
05:30:29.117036124 pdns=5467/0/active/running/ named=0/inactive/dead/ agent=5573/active/ jphase=absent killpid=
05:30:29.402497996 pdns=5467/0/active/running/ named=0/inactive/dead/ agent=5573/active/ jphase=absent killpid=
05:30:29.687886599 pdns=5467/0/active/running/ named=0/inactive/dead/ agent=5573/active/ jphase=absent killpid=
05:30:29.974554759 pdns=5467/0/active/running/ named=0/inactive/dead/ agent=5573/active/ jphase=absent killpid=
05:30:30.266886235 pdns=5467/0/active/running/ named=0/inactive/dead/ agent=5573/active/ jphase=absent killpid=
05:30:30.559611011 pdns=5467/0/active/running/ named=0/inactive/dead/ agent=5573/active/ jphase=absent killpid=
05:30:30.886796961 pdns=5467/0/active/running/ named=0/inactive/dead/ agent=5573/active/ jphase=absent killpid=
05:30:31.227132271 pdns=5467/0/active/running/ named=0/inactive/dead/ agent=5573/active/ jphase=absent killpid=
05:30:31.539502463 pdns=5467/0/active/running/ named=0/inactive/dead/ agent=5573/active/ jphase=absent killpid=
05:30:31.844455031 pdns=5467/0/active/running/ named=0/inactive/dead/ agent=5573/active/ jphase=absent killpid=
05:30:32.149179139 pdns=5467/0/active/running/ named=0/inactive/dead/ agent=5573/active/ jphase=absent killpid=
05:30:32.487351533 pdns=5467/0/active/running/ named=0/inactive/dead/ agent=5573/active/ jphase=absent killpid=
05:30:32.844635241 pdns=5467/0/active/running/ named=0/inactive/dead/ agent=5573/active/ jphase=absent killpid=
05:30:33.164080767 pdns=5467/0/active/running/ named=0/inactive/dead/ agent=5573/active/ jphase=absent killpid=
05:30:33.449484449 pdns=5467/0/active/running/ named=0/inactive/dead/ agent=5573/active/ jphase=absent killpid=
05:30:33.737513650 pdns=5467/0/active/running/ named=0/inactive/dead/ agent=5573/active/ jphase=absent killpid=
05:30:34.027940001 pdns=5467/0/active/running/ named=0/inactive/dead/ agent=5573/active/ jphase=absent killpid=
05:30:34.315430368 pdns=5467/0/active/running/ named=0/inactive/dead/ agent=5573/active/ jphase=absent killpid=
05:30:34.598926141 pdns=5467/0/active/running/ named=0/inactive/dead/ agent=5573/active/ jphase=absent killpid=
05:30:34.884909989 pdns=5467/0/active/running/ named=0/inactive/dead/ agent=5573/active/ jphase=absent killpid=
05:30:35.170287907 pdns=5467/0/active/running/ named=0/inactive/dead/ agent=5573/active/ jphase=absent killpid=
05:30:35.456187486 pdns=5467/0/active/running/ named=0/inactive/dead/ agent=5573/active/ jphase=absent killpid=
05:30:35.741369346 pdns=5467/0/active/running/ named=0/inactive/dead/ agent=5573/active/ jphase=absent killpid=
05:30:36.029382117 pdns=5467/0/active/running/ named=0/inactive/dead/ agent=5573/active/ jphase=absent killpid=
05:30:36.319273732 pdns=5467/0/active/running/ named=0/inactive/dead/ agent=5573/active/ jphase=absent killpid=
05:30:36.616808100 pdns=5467/0/active/running/ named=0/inactive/dead/ agent=5573/active/ jphase=absent killpid=
05:30:36.900694401 pdns=5467/0/active/running/ named=0/inactive/dead/ agent=5573/active/ jphase=absent killpid=
05:30:37.187434159 pdns=5467/0/active/running/ named=0/inactive/dead/ agent=5573/active/ jphase=absent killpid=
05:30:37.479512776 pdns=5467/0/active/running/ named=0/inactive/dead/ agent=5573/active/ jphase=absent killpid=
05:30:37.773003726 pdns=5467/0/active/running/ named=0/inactive/dead/ agent=5573/active/ jphase=absent killpid=
05:30:38.062129007 pdns=5467/0/active/running/ named=0/inactive/dead/ agent=5573/active/ jphase=absent killpid=
05:30:38.351557790 pdns=5467/0/active/running/ named=0/inactive/dead/ agent=5573/active/ jphase=absent killpid=
05:30:38.664818768 pdns=5467/0/active/running/ named=0/inactive/dead/ agent=5573/active/ jphase=absent killpid=
05:30:38.965153487 pdns=5467/0/active/running/ named=0/inactive/dead/ agent=5573/active/ jphase=absent killpid=
05:30:39.253585185 pdns=5467/0/active/running/ named=0/inactive/dead/ agent=5573/active/ jphase=absent killpid=
05:30:39.545667788 pdns=5467/0/active/running/ named=0/inactive/dead/ agent=5573/active/ jphase=absent killpid=
05:30:39.871929876 pdns=5467/0/active/running/ named=0/inactive/dead/ agent=5573/active/ jphase=absent killpid=
05:30:40.228503587 pdns=5467/0/active/running/ named=0/inactive/dead/ agent=5573/active/ jphase=absent killpid=
05:30:40.516792822 pdns=5467/0/active/running/ named=0/inactive/dead/ agent=5573/active/ jphase=absent killpid=
05:30:40.804896199 pdns=5467/0/active/running/ named=0/inactive/dead/ agent=5573/active/ jphase=absent killpid=
05:30:41.099373458 pdns=5467/0/active/running/ named=0/inactive/dead/ agent=5573/active/ jphase=absent killpid=
05:30:41.406647863 pdns=5467/0/active/running/ named=0/inactive/dead/ agent=5573/active/ jphase=absent killpid=
05:30:41.696410198 pdns=5467/0/active/running/ named=0/inactive/dead/ agent=5573/active/ jphase=absent killpid=
05:30:41.990406423 pdns=5467/0/active/running/ named=0/inactive/dead/ agent=5573/active/ jphase=absent killpid=
05:30:42.275421283 pdns=5467/0/active/running/ named=0/inactive/dead/ agent=5573/active/ jphase=absent killpid=
05:30:42.560076961 pdns=5467/0/active/running/ named=0/inactive/dead/ agent=5573/active/ jphase=absent killpid=
05:30:42.846364652 pdns=5467/0/active/running/ named=0/inactive/dead/ agent=5573/active/ jphase=absent killpid=
05:30:43.130878495 pdns=5467/0/active/running/ named=0/inactive/dead/ agent=5573/active/ jphase=absent killpid=
05:30:43.416879423 pdns=5467/0/active/running/ named=0/inactive/dead/ agent=5573/active/ jphase=absent killpid=
05:30:43.703206917 pdns=5467/0/active/running/ named=0/inactive/dead/ agent=5573/active/ jphase=absent killpid=
05:30:44.000229693 pdns=5467/0/active/running/ named=0/inactive/dead/ agent=5573/active/ jphase=absent killpid=
05:30:44.296515254 pdns=5467/0/active/running/ named=0/inactive/dead/ agent=5573/active/ jphase=absent killpid=
05:30:44.589522564 pdns=5467/0/active/running/ named=0/inactive/dead/ agent=5573/active/ jphase=absent killpid=
05:30:44.886615500 pdns=5467/0/active/running/ named=0/inactive/dead/ agent=5573/active/ jphase=absent killpid=
05:30:45.178247241 pdns=5467/0/active/running/ named=0/inactive/dead/ agent=5573/active/ jphase=absent killpid=
05:30:45.475495270 pdns=5467/0/active/running/ named=0/inactive/dead/ agent=5573/active/ jphase=absent killpid=
05:30:45.784418590 pdns=5467/0/active/running/ named=0/inactive/dead/ agent=5573/active/ jphase=absent killpid=
05:30:46.081540041 pdns=5467/0/active/running/ named=0/inactive/dead/ agent=5573/active/ jphase=absent killpid=
05:30:46.376214094 pdns=5467/0/active/running/ named=0/inactive/dead/ agent=5573/active/ jphase=absent killpid=
05:30:46.708992513 pdns=5467/0/active/running/ named=0/inactive/dead/ agent=5573/active/ jphase=absent killpid=
05:30:47.050408814 pdns=5467/0/active/running/ named=0/inactive/dead/ agent=5573/active/ jphase=absent killpid=
05:30:47.352597445 pdns=5467/0/active/running/ named=0/inactive/dead/ agent=5573/active/ jphase=absent killpid=
05:30:47.661297832 pdns=5467/0/active/running/ named=0/inactive/dead/ agent=5573/active/ jphase=absent killpid=
05:30:47.958558453 pdns=5467/0/active/running/ named=0/inactive/dead/ agent=5573/active/ jphase=absent killpid=
05:30:48.259013767 pdns=5467/0/active/running/ named=0/inactive/dead/ agent=5573/active/ jphase=absent killpid=
05:30:48.560024504 pdns=5467/0/active/running/ named=0/inactive/dead/ agent=5573/active/ jphase=absent killpid=
05:30:48.862474664 pdns=5467/0/active/running/ named=0/inactive/dead/ agent=5573/active/ jphase=absent killpid=
05:30:49.178948260 pdns=5467/0/active/running/ named=0/inactive/dead/ agent=5573/active/ jphase=absent killpid=
05:30:49.477573854 pdns=5467/0/active/running/ named=0/inactive/dead/ agent=5573/active/ jphase=absent killpid=
05:30:49.772959012 pdns=5467/0/active/running/ named=0/inactive/dead/ agent=5573/active/ jphase=absent killpid=
05:30:50.080105238 pdns=5467/0/active/running/ named=0/inactive/dead/ agent=5573/active/ jphase=absent killpid=
05:30:50.377487664 pdns=5467/0/active/running/ named=0/inactive/dead/ agent=5573/active/ jphase=absent killpid=
05:30:50.663858017 pdns=5467/0/active/running/ named=0/inactive/dead/ agent=5573/active/ jphase=absent killpid=
05:30:50.952066270 pdns=5467/0/active/running/ named=0/inactive/dead/ agent=5573/active/ jphase=absent killpid=
05:30:51.258711603 pdns=5467/0/active/running/ named=0/inactive/dead/ agent=5573/active/ jphase=absent killpid=
05:30:51.548577170 pdns=5467/0/active/running/ named=0/inactive/dead/ agent=5573/active/ jphase=absent killpid=
05:30:51.866807294 pdns=5467/0/active/running/ named=0/inactive/dead/ agent=5573/active/ jphase=absent killpid=
05:30:52.200024469 pdns=5467/0/active/running/ named=0/inactive/dead/ agent=5573/active/ jphase=absent killpid=
05:30:52.487968006 pdns=5467/0/active/running/ named=0/inactive/dead/ agent=5573/active/ jphase=absent killpid=
05:30:52.773431181 pdns=5467/0/active/running/ named=0/inactive/dead/ agent=5573/active/ jphase=absent killpid=
05:30:53.061307827 pdns=5467/0/active/running/ named=0/inactive/dead/ agent=5573/active/ jphase=absent killpid=
05:30:53.347692426 pdns=5467/0/active/running/ named=0/inactive/dead/ agent=5573/active/ jphase=absent killpid=
05:30:53.631858076 pdns=5467/0/active/running/ named=0/inactive/dead/ agent=5573/active/ jphase=absent killpid=
05:30:53.916402421 pdns=5467/0/active/running/ named=0/inactive/dead/ agent=5573/active/ jphase=absent killpid=
05:30:54.207025778 pdns=5467/0/active/running/ named=0/inactive/dead/ agent=5573/active/ jphase=absent killpid=
05:30:54.521134001 pdns=5467/0/active/running/ named=0/inactive/dead/ agent=5573/active/ jphase=absent killpid=
05:30:54.838406318 pdns=5467/0/active/running/ named=0/inactive/dead/ agent=5573/active/ jphase=absent killpid=
05:30:55.168262437 pdns=5467/0/active/running/ named=0/inactive/dead/ agent=5573/active/ jphase=absent killpid=
05:30:55.463140713 pdns=5467/0/active/running/ named=0/inactive/dead/ agent=5573/active/ jphase=absent killpid=
05:30:55.746442806 pdns=5467/0/active/running/ named=0/inactive/dead/ agent=5573/active/ jphase=absent killpid=
05:30:56.038313450 pdns=5467/0/active/running/ named=0/inactive/dead/ agent=5573/active/ jphase=absent killpid=
05:30:56.332734176 pdns=5467/0/active/running/ named=0/inactive/dead/ agent=5573/active/ jphase=absent killpid=
05:30:56.627033251 pdns=5467/0/active/running/ named=0/inactive/dead/ agent=5573/active/ jphase=absent killpid=
05:30:56.919118811 pdns=5467/0/active/running/ named=0/inactive/dead/ agent=5573/active/ jphase=absent killpid=
05:30:57.205375194 pdns=5467/0/active/running/ named=0/inactive/dead/ agent=5573/active/ jphase=absent killpid=
05:30:57.492935793 pdns=5467/0/active/running/ named=0/inactive/dead/ agent=5573/active/ jphase=absent killpid=
05:30:57.775745148 pdns=5467/0/active/running/ named=0/inactive/dead/ agent=5573/active/ jphase=absent killpid=
05:30:58.061909999 pdns=5467/0/active/running/ named=0/inactive/dead/ agent=5573/active/ jphase=absent killpid=
05:30:58.354257758 pdns=5467/0/active/running/ named=0/inactive/dead/ agent=5573/active/ jphase=absent killpid=
05:30:58.642200754 pdns=5467/0/active/running/ named=0/inactive/dead/ agent=5573/active/ jphase=absent killpid=
05:30:58.928366555 pdns=5467/0/active/running/ named=0/inactive/dead/ agent=5573/active/ jphase=absent killpid=
05:30:59.211892276 pdns=5467/0/active/running/ named=0/inactive/dead/ agent=5573/active/ jphase=absent killpid=
05:30:59.502321272 pdns=5467/0/active/running/ named=0/inactive/dead/ agent=5573/active/ jphase=absent killpid=
05:30:59.809247577 pdns=5467/0/active/running/ named=0/inactive/dead/ agent=5573/active/ jphase=absent killpid=
05:31:00.143106705 pdns=5467/0/active/running/ named=0/inactive/dead/ agent=5573/active/ jphase=absent killpid=
05:31:00.432692441 pdns=5467/0/active/running/ named=0/inactive/dead/ agent=5573/active/ jphase=absent killpid=
05:31:00.741363425 pdns=5467/0/active/running/ named=0/inactive/dead/ agent=5573/active/ jphase=absent killpid=
05:31:01.075403498 pdns=5467/0/active/running/ named=0/inactive/dead/ agent=5573/active/ jphase=absent killpid=
05:31:01.361306332 pdns=5467/0/active/running/ named=0/inactive/dead/ agent=5573/active/ jphase=absent killpid=
05:31:01.643543953 pdns=5467/0/active/running/ named=0/inactive/dead/ agent=5573/active/ jphase=absent killpid=
05:31:01.931042876 pdns=5467/0/active/running/ named=0/inactive/dead/ agent=5573/active/ jphase=absent killpid=
05:31:02.223095382 pdns=5467/0/active/running/ named=0/inactive/dead/ agent=5573/active/ jphase=absent killpid=
05:31:02.513362337 pdns=5467/0/active/running/ named=0/inactive/dead/ agent=5573/active/ jphase=absent killpid=
05:31:02.820462437 pdns=5467/0/active/running/ named=0/inactive/dead/ agent=5573/active/ jphase=absent killpid=
05:31:03.115974045 pdns=5467/0/active/running/ named=0/inactive/dead/ agent=5573/active/ jphase=absent killpid=
05:31:03.408081965 pdns=5467/0/active/running/ named=0/inactive/dead/ agent=5573/active/ jphase=absent killpid=
05:31:03.732621104 pdns=5467/0/active/running/ named=0/inactive/dead/ agent=5573/active/ jphase=absent killpid=
05:31:04.016255229 pdns=5467/0/active/running/ named=0/inactive/dead/ agent=5573/active/ jphase=absent killpid=
05:31:04.319158372 pdns=5467/0/active/running/ named=0/inactive/dead/ agent=5573/active/ jphase=absent killpid=
05:31:04.673401505 pdns=5467/0/active/running/ named=0/inactive/dead/ agent=5573/active/ jphase=absent killpid=
05:31:04.995714307 pdns=5467/0/active/running/ named=0/inactive/dead/ agent=5573/active/ jphase=absent killpid=
05:31:05.316880308 pdns=5467/0/active/running/ named=0/inactive/dead/ agent=5573/active/ jphase=absent killpid=
05:31:05.621010804 pdns=5467/0/active/running/ named=0/inactive/dead/ agent=5573/active/ jphase=absent killpid=
05:31:05.930610064 pdns=5467/0/active/running/ named=0/inactive/dead/ agent=5573/active/ jphase=absent killpid=
05:31:06.216469803 pdns=5467/0/active/running/ named=0/inactive/dead/ agent=5573/active/ jphase=absent killpid=
05:31:06.509023572 pdns=5467/0/active/running/ named=0/inactive/dead/ agent=5573/active/ jphase=absent killpid=
05:31:06.803982693 pdns=5467/0/active/running/ named=0/inactive/dead/ agent=5573/active/ jphase=absent killpid=
05:31:07.094884628 pdns=5467/0/active/running/ named=0/inactive/dead/ agent=5573/active/ jphase=absent killpid=
05:31:07.379525592 pdns=5467/0/active/running/ named=0/inactive/dead/ agent=5573/active/ jphase=absent killpid=
05:31:07.667886668 pdns=5467/0/active/running/ named=0/inactive/dead/ agent=5573/active/ jphase=absent killpid=
05:31:07.965384178 pdns=5467/0/active/running/ named=0/inactive/dead/ agent=5573/active/ jphase=absent killpid=
05:31:08.252397655 pdns=5467/0/active/running/ named=0/inactive/dead/ agent=5573/active/ jphase=absent killpid=
05:31:08.538660863 pdns=5467/0/active/running/ named=0/inactive/dead/ agent=5573/active/ jphase=absent killpid=
05:31:08.826681968 pdns=5467/0/active/running/ named=0/inactive/dead/ agent=5573/active/ jphase=absent killpid=
05:31:09.123285769 pdns=5467/0/active/running/ named=0/inactive/dead/ agent=5573/active/ jphase=absent killpid=
05:31:09.427830145 pdns=5467/0/active/running/ named=0/inactive/dead/ agent=5573/active/ jphase=absent killpid=
05:31:09.767438424 pdns=5467/0/active/running/ named=0/inactive/dead/ agent=5573/active/ jphase=absent killpid=
05:31:10.089400551 pdns=5467/0/active/running/ named=0/inactive/dead/ agent=5573/active/ jphase=absent killpid=
05:31:10.379315312 pdns=5467/0/active/running/ named=0/inactive/dead/ agent=5573/active/ jphase=absent killpid=
05:31:10.676265481 pdns=5467/0/active/running/ named=0/inactive/dead/ agent=5573/active/ jphase=absent killpid=
05:31:10.990767591 pdns=5467/0/active/running/ named=0/inactive/dead/ agent=5573/active/ jphase=absent killpid=
05:31:11.305523580 pdns=5467/0/active/running/ named=0/inactive/dead/ agent=5573/active/ jphase=absent killpid=
05:31:11.594545929 pdns=5467/0/active/running/ named=0/inactive/dead/ agent=5573/active/ jphase=absent killpid=
05:31:11.888851439 pdns=5467/0/active/running/ named=0/inactive/dead/ agent=5573/active/ jphase=absent killpid=
05:31:12.176482450 pdns=5467/0/active/running/ named=0/inactive/dead/ agent=5573/active/ jphase=absent killpid=
05:31:12.465273246 pdns=5467/0/active/running/ named=0/inactive/dead/ agent=5573/active/ jphase=absent killpid=
05:31:12.755734622 pdns=5467/0/active/running/ named=0/inactive/dead/ agent=5573/active/ jphase=absent killpid=
05:31:13.044721601 pdns=5467/0/active/running/ named=0/inactive/dead/ agent=5573/active/ jphase=absent killpid=
05:31:13.349392623 pdns=5467/0/active/running/ named=0/inactive/dead/ agent=5573/active/ jphase=absent killpid=
05:31:13.682438746 pdns=5467/0/active/running/ named=0/inactive/dead/ agent=5573/active/ jphase=absent killpid=
05:31:14.012188135 pdns=5467/0/active/running/ named=0/inactive/dead/ agent=5573/active/ jphase=absent killpid=
05:31:14.315684891 pdns=5467/0/active/running/ named=0/inactive/dead/ agent=5573/active/ jphase=absent killpid=
05:31:14.606901873 pdns=5467/0/active/running/ named=0/inactive/dead/ agent=5573/active/ jphase=absent killpid=
05:31:14.898449861 pdns=5467/0/active/running/ named=0/inactive/dead/ agent=5573/active/ jphase=absent killpid=
05:31:15.204372440 pdns=5467/0/active/running/ named=0/inactive/dead/ agent=5573/active/ jphase=absent killpid=
05:31:15.514882725 pdns=5467/0/active/running/ named=0/inactive/dead/ agent=5573/active/ jphase=absent killpid=
05:31:15.799391875 pdns=5467/0/active/running/ named=0/inactive/dead/ agent=5573/active/ jphase=absent killpid=
05:31:16.085934645 pdns=5467/0/active/running/ named=0/inactive/dead/ agent=5573/active/ jphase=absent killpid=
05:31:16.376053571 pdns=5467/0/active/running/ named=0/inactive/dead/ agent=5573/active/ jphase=absent killpid=
05:31:16.664965128 pdns=5467/0/active/running/ named=0/inactive/dead/ agent=5573/active/ jphase=absent killpid=
05:31:16.946249016 pdns=5467/0/active/running/ named=0/inactive/dead/ agent=5573/active/ jphase=absent killpid=
05:31:17.255111997 pdns=5467/0/active/running/ named=0/inactive/dead/ agent=5573/active/ jphase=absent killpid=
05:31:17.651835724 pdns=5467/0/active/running/ named=0/inactive/dead/ agent=5573/active/ jphase=absent killpid=
05:31:17.960234219 pdns=5467/0/active/running/ named=0/inactive/dead/ agent=5573/active/ jphase=absent killpid=
05:31:18.264681843 pdns=5467/0/active/running/ named=0/inactive/dead/ agent=5573/active/ jphase=absent killpid=
05:31:18.551097169 pdns=5467/0/active/running/ named=0/inactive/dead/ agent=5573/active/ jphase=absent killpid=
05:31:18.841969891 pdns=5467/0/active/running/ named=0/inactive/dead/ agent=5573/active/ jphase=absent killpid=
05:31:19.143489996 pdns=5467/0/active/running/ named=0/inactive/dead/ agent=5573/active/ jphase=absent killpid=
05:31:19.440392408 pdns=5467/0/active/running/ named=0/inactive/dead/ agent=5573/active/ jphase=absent killpid=
05:31:19.731683819 pdns=5467/0/active/running/ named=0/inactive/dead/ agent=5573/active/ jphase=absent killpid=
05:31:20.024374841 pdns=5467/0/active/running/ named=0/inactive/dead/ agent=5573/active/ jphase=absent killpid=
05:31:20.319930244 pdns=5467/0/active/running/ named=0/inactive/dead/ agent=5573/active/ jphase=absent killpid=
05:31:20.614952544 pdns=5467/0/active/running/ named=0/inactive/dead/ agent=5573/active/ jphase=absent killpid=
05:31:20.913318981 pdns=5467/0/active/running/ named=0/inactive/dead/ agent=5573/active/ jphase=absent killpid=
05:31:21.197903560 pdns=5467/0/active/running/ named=0/inactive/dead/ agent=5573/active/ jphase=absent killpid=
05:31:21.485412268 pdns=5467/0/active/running/ named=0/inactive/dead/ agent=5573/active/ jphase=absent killpid=
05:31:21.776345400 pdns=5467/0/active/running/ named=0/inactive/dead/ agent=5573/active/ jphase=absent killpid=
05:31:22.066996854 pdns=5467/0/active/running/ named=0/inactive/dead/ agent=5573/active/ jphase=absent killpid=
05:31:22.350083186 pdns=5467/0/active/running/ named=0/inactive/dead/ agent=5573/active/ jphase=absent killpid=
05:31:22.643218630 pdns=5467/0/active/running/ named=0/inactive/dead/ agent=5573/active/ jphase=absent killpid=
05:31:22.951613788 pdns=5467/0/active/running/ named=0/inactive/dead/ agent=5573/active/ jphase=absent killpid=
05:31:23.245768929 pdns=5467/0/active/running/ named=0/inactive/dead/ agent=5573/active/ jphase=absent killpid=
05:31:23.531866895 pdns=5467/0/active/running/ named=0/inactive/dead/ agent=5573/active/ jphase=absent killpid=
05:31:23.834556121 pdns=5467/0/active/running/ named=0/inactive/dead/ agent=5573/active/ jphase=absent killpid=
05:31:24.132515061 pdns=5467/0/active/running/ named=0/inactive/dead/ agent=5573/active/ jphase=absent killpid=
05:31:24.425360285 pdns=5467/0/active/running/ named=0/inactive/dead/ agent=5573/active/ jphase=absent killpid=
05:31:24.710571101 pdns=5467/0/active/running/ named=0/inactive/dead/ agent=5573/active/ jphase=absent killpid=
05:31:25.002212608 pdns=5467/0/active/running/ named=0/inactive/dead/ agent=5573/active/ jphase=absent killpid=
05:31:25.337701301 pdns=5467/0/active/running/ named=0/inactive/dead/ agent=5573/active/ jphase=absent killpid=
05:31:25.625855084 pdns=5467/0/active/running/ named=0/inactive/dead/ agent=5573/active/ jphase=absent killpid=
05:31:25.925853328 pdns=5467/0/active/running/ named=0/inactive/dead/ agent=5573/active/ jphase=absent killpid=
05:31:26.224182305 pdns=5467/0/active/running/ named=0/inactive/dead/ agent=5573/active/ jphase=absent killpid=
05:31:26.527766062 pdns=5467/0/active/running/ named=0/inactive/dead/ agent=5573/active/ jphase=absent killpid=
05:31:26.859769465 pdns=5467/0/active/running/ named=0/inactive/dead/ agent=5573/active/ jphase=absent killpid=
05:31:27.184681943 pdns=5467/0/active/running/ named=0/inactive/dead/ agent=5573/active/ jphase=absent killpid=
05:31:27.543384572 pdns=5467/0/active/running/ named=0/inactive/dead/ agent=5573/active/ jphase=absent killpid=
05:31:27.888162085 pdns=5467/0/active/running/ named=0/inactive/dead/ agent=5573/active/ jphase=absent killpid=
05:31:28.191398603 pdns=5467/0/active/running/ named=0/inactive/dead/ agent=5573/active/ jphase=absent killpid=
05:31:28.488730289 pdns=5467/0/active/running/ named=0/inactive/dead/ agent=5573/active/ jphase=absent killpid=
05:31:28.804854433 pdns=5467/0/active/running/ named=0/inactive/dead/ agent=5573/active/ jphase=absent killpid=
05:31:29.153089042 pdns=5467/0/active/running/ named=0/inactive/dead/ agent=5573/active/ jphase=absent killpid=
05:31:29.441206998 pdns=5467/0/active/running/ named=0/inactive/dead/ agent=5573/active/ jphase=absent killpid=
05:31:29.740455976 pdns=5467/0/active/running/ named=0/inactive/dead/ agent=5573/active/ jphase=absent killpid=
05:31:30.043215419 pdns=5467/0/active/running/ named=0/inactive/dead/ agent=5573/active/ jphase=absent killpid=
05:31:30.328053926 pdns=5467/0/active/running/ named=0/inactive/dead/ agent=5573/active/ jphase=absent killpid=
05:31:30.624688294 pdns=5467/0/active/running/ named=0/inactive/dead/ agent=5573/active/ jphase=absent killpid=
05:31:30.923438435 pdns=5467/0/active/running/ named=0/inactive/dead/ agent=5573/active/ jphase=absent killpid=
05:31:31.209491055 pdns=5467/0/active/running/ named=0/inactive/dead/ agent=5573/active/ jphase=absent killpid=
05:31:31.499195068 pdns=5467/0/active/running/ named=0/inactive/dead/ agent=5573/active/ jphase=absent killpid=
05:31:31.795349263 pdns=5467/0/active/running/ named=0/inactive/dead/ agent=5573/active/ jphase=absent killpid=
05:31:32.094778798 pdns=5467/0/active/running/ named=0/inactive/dead/ agent=5573/active/ jphase=absent killpid=
05:31:32.393772110 pdns=5467/0/active/running/ named=0/inactive/dead/ agent=5573/active/ jphase=absent killpid=
05:31:32.681550058 pdns=5467/0/active/running/ named=0/inactive/dead/ agent=5573/active/ jphase=absent killpid=
05:31:32.984783552 pdns=5467/0/active/running/ named=0/inactive/dead/ agent=5573/active/ jphase=absent killpid=
05:31:33.283215827 pdns=5467/0/active/running/ named=0/inactive/dead/ agent=5573/active/ jphase=absent killpid=
05:31:33.597086338 pdns=5467/0/active/running/ named=0/inactive/dead/ agent=5573/active/ jphase=absent killpid=
05:31:33.903643104 pdns=5467/0/active/running/ named=0/inactive/dead/ agent=5573/active/ jphase=absent killpid=
05:31:34.199950876 pdns=5467/0/active/running/ named=0/inactive/dead/ agent=5573/active/ jphase=absent killpid=
05:31:34.496421430 pdns=5467/0/active/running/ named=0/inactive/dead/ agent=5573/active/ jphase=absent killpid=
05:31:34.799530181 pdns=5467/0/active/running/ named=0/inactive/dead/ agent=5573/active/ jphase=absent killpid=
05:31:35.117986426 pdns=5467/0/active/running/ named=0/inactive/dead/ agent=5573/active/ jphase=absent killpid=
05:31:35.406367741 pdns=5467/0/active/running/ named=0/inactive/dead/ agent=5573/active/ jphase=absent killpid=
05:31:35.689166479 pdns=5467/0/active/running/ named=0/inactive/dead/ agent=5573/active/ jphase=absent killpid=
05:31:35.973871696 pdns=5467/0/active/running/ named=0/inactive/dead/ agent=5573/active/ jphase=absent killpid=
05:31:36.258299487 pdns=5467/0/active/running/ named=0/inactive/dead/ agent=5573/active/ jphase=absent killpid=
05:31:36.552749092 pdns=5467/0/active/running/ named=0/inactive/dead/ agent=5573/active/ jphase=absent killpid=
05:31:36.847462132 pdns=5467/0/active/running/ named=0/inactive/dead/ agent=5573/active/ jphase=absent killpid=
05:31:37.133555491 pdns=5467/0/active/running/ named=0/inactive/dead/ agent=5573/active/ jphase=absent killpid=
05:31:37.422398664 pdns=5467/0/active/running/ named=0/inactive/dead/ agent=5573/active/ jphase=absent killpid=
05:31:37.711549191 pdns=5467/0/active/running/ named=0/inactive/dead/ agent=5573/active/ jphase=absent killpid=
05:31:37.995264273 pdns=5467/0/active/running/ named=0/inactive/dead/ agent=5573/active/ jphase=absent killpid=
05:31:38.283759378 pdns=5467/0/active/running/ named=0/inactive/dead/ agent=5573/active/ jphase=absent killpid=
05:31:38.588800275 pdns=5467/0/active/running/ named=0/inactive/dead/ agent=5573/active/ jphase=absent killpid=
05:31:39.304174727 pdns=5467/0/active/running/ named=0/inactive/dead/ agent=5573/active/ jphase=absent killpid=
05:31:40.272052677 pdns=5467/0/active/running/ named=0/inactive/dead/ agent=5573/active/ jphase=absent killpid=
05:31:40.562350113 pdns=5467/0/active/running/ named=0/inactive/dead/ agent=5573/active/ jphase=absent killpid=
05:31:40.852860153 pdns=5467/0/active/running/ named=0/inactive/dead/ agent=5573/active/ jphase=absent killpid=
05:31:41.154413311 pdns=5467/0/active/running/ named=0/inactive/dead/ agent=5573/active/ jphase=absent killpid=
05:31:41.447938828 pdns=5467/0/active/running/ named=0/inactive/dead/ agent=5573/active/ jphase=absent killpid=
05:31:41.736197335 pdns=5467/0/active/running/ named=0/inactive/dead/ agent=5573/active/ jphase=absent killpid=
05:31:42.025931817 pdns=5467/0/active/running/ named=0/inactive/dead/ agent=5573/active/ jphase=absent killpid=
05:31:42.317901941 pdns=5467/0/active/running/ named=0/inactive/dead/ agent=5573/active/ jphase=absent killpid=
05:31:42.668228574 pdns=5467/0/active/running/ named=0/inactive/dead/ agent=5573/active/ jphase=absent killpid=
05:31:43.036867685 pdns=5467/0/active/running/ named=0/inactive/dead/ agent=5573/active/ jphase=absent killpid=
05:31:43.336507571 pdns=5467/0/active/running/ named=0/inactive/dead/ agent=5573/active/ jphase=absent killpid=
05:31:43.648666445 pdns=5467/0/active/running/ named=0/inactive/dead/ agent=5573/active/ jphase=absent killpid=
05:31:43.979396320 pdns=5467/0/active/running/ named=0/inactive/dead/ agent=5573/active/ jphase=absent killpid=
05:31:44.330334460 pdns=5467/0/active/running/ named=0/inactive/dead/ agent=5573/active/ jphase=absent killpid=
05:31:44.707446699 pdns=5467/0/active/running/ named=0/inactive/dead/ agent=5573/active/ jphase=absent killpid=
05:31:45.007050640 pdns=5467/0/active/running/ named=0/inactive/dead/ agent=5573/active/ jphase=absent killpid=
05:31:45.316782882 pdns=5467/0/active/running/ named=0/inactive/dead/ agent=5573/active/ jphase=absent killpid=
05:31:45.639435069 pdns=5467/0/active/running/ named=0/inactive/dead/ agent=5573/active/ jphase=absent killpid=
05:31:45.963158112 pdns=5467/0/active/running/ named=0/inactive/dead/ agent=5573/active/ jphase=absent killpid=
05:31:46.299047463 CHANGE ledger 50104f1d0340b59dedc79bb86f0961cd9ecea18f900ef523f9197f716507741b -> c1acc927d4e2e9cc296be02b107c5adf777630786f4c62fc5bdc72449e0411db
05:31:46.319564495 pdns=5467/0/active/running/ named=0/inactive/dead/ agent=5573/active/ jphase=absent killpid=
05:31:46.640104070 CHANGE ledger c1acc927d4e2e9cc296be02b107c5adf777630786f4c62fc5bdc72449e0411db -> c5a98a223d463ab5ca9dc17b39247bbb91d115409fbd301f56a9f449168b47e6
05:31:46.655556679 pdns=5467/0/active/running/ named=0/inactive/dead/ agent=5573/active/ jphase=absent killpid=
05:31:46.981257711 CHANGE ledger c5a98a223d463ab5ca9dc17b39247bbb91d115409fbd301f56a9f449168b47e6 -> a4ef827bd0dfd867e09fe8a1b2a9158f237d1d2d240e55a95393d81538db6437
05:31:47.007901125 pdns=5467/0/active/running/ named=0/inactive/dead/ agent=5573/active/ jphase=absent killpid=
05:31:47.321599969 CHANGE ledger a4ef827bd0dfd867e09fe8a1b2a9158f237d1d2d240e55a95393d81538db6437 -> 1dc3a15e236aa07ea1a9494ae324d43db00b295658e017385dca5daef9da92b0
05:31:47.340055915 pdns=5467/0/active/running/ named=0/inactive/dead/ agent=5573/active/ jphase=absent killpid=
05:31:47.673394248 CHANGE ledger 1dc3a15e236aa07ea1a9494ae324d43db00b295658e017385dca5daef9da92b0 -> a15c05367c73c599f4d2636e33dbe06e7b4290b87a6f9368ba84bb1d32325629
05:31:47.688225959 pdns=5467/0/active/running/ named=0/inactive/dead/ agent=5573/active/ jphase=absent killpid=
05:31:48.619773016 CHANGE ledger a15c05367c73c599f4d2636e33dbe06e7b4290b87a6f9368ba84bb1d32325629 -> 80522340913062ab684892f2d4a35d018d85c7e10a705674a30240988edee7a1
05:31:48.875928406 pdns=5467/0/active/running/ named=0/inactive/dead/ agent=5573/active/ jphase=absent killpid=
05:31:49.302338411 CHANGE ledger 80522340913062ab684892f2d4a35d018d85c7e10a705674a30240988edee7a1 -> bd8833d3ca97321823decbeee1915eec223ef86a3ddca30c5bc31fc323193d22
05:31:49.331325025 pdns=5467/0/active/running/ named=0/inactive/dead/ agent=5573/active/ jphase=absent killpid=
05:31:49.677100547 CHANGE ledger bd8833d3ca97321823decbeee1915eec223ef86a3ddca30c5bc31fc323193d22 -> d39189cec24963cac06e336fc403fb38faacd3ac91f52391f1aff8634bfa0eb5
05:31:49.704264372 pdns=5467/0/active/running/ named=0/inactive/dead/ agent=5573/active/ jphase=absent killpid=
05:31:50.030990998 CHANGE ledger d39189cec24963cac06e336fc403fb38faacd3ac91f52391f1aff8634bfa0eb5 -> afb4efceaedf1dc7c1755444cd3b4726d22da1f071a95992e963894710863840
05:31:50.059801295 pdns=5467/0/active/running/ named=0/inactive/dead/ agent=5573/active/ jphase=absent killpid=
05:31:50.403327411 CHANGE ledger afb4efceaedf1dc7c1755444cd3b4726d22da1f071a95992e963894710863840 -> 7bca7e52c598fe13d2c53542793c5a575f3b6b10b7ea9fb9782371ee807ecf70
05:31:50.438560471 pdns=5467/0/active/running/ named=0/inactive/dead/ agent=5573/active/ jphase=absent killpid=
05:31:50.776757078 CHANGE ledger 7bca7e52c598fe13d2c53542793c5a575f3b6b10b7ea9fb9782371ee807ecf70 -> 9a37a689e899103901c419c310f55b00dc6b0d046d1ea41f57b3e1bb560ffa2d
05:31:50.809131725 pdns=5467/0/active/running/ named=0/inactive/dead/ agent=5573/active/ jphase=absent killpid=
05:31:51.253338144 CHANGE ledger 9a37a689e899103901c419c310f55b00dc6b0d046d1ea41f57b3e1bb560ffa2d -> dd0c38bc4618f6c750dc604f91e6158af5518feff3a8bb74aa6e9255b736921f
05:31:51.284357631 pdns=5467/0/active/running/ named=0/inactive/dead/ agent=5573/active/ jphase=absent killpid=
05:31:51.636542904 CHANGE ledger dd0c38bc4618f6c750dc604f91e6158af5518feff3a8bb74aa6e9255b736921f -> 02b089a2e9e7efe1fa692b55d37999c151c0aa91f186f1e6bd7cada6c2831891
05:31:51.659372419 pdns=5467/0/active/running/ named=0/inactive/dead/ agent=5573/active/ jphase=absent killpid=
05:31:52.002298514 CHANGE ledger 02b089a2e9e7efe1fa692b55d37999c151c0aa91f186f1e6bd7cada6c2831891 -> 0bca7eac782ac45c4f0a46d9a03d2ae740d34e3fe3c38c98b7fec69b2fea2591
05:31:52.015884970 pdns=5467/0/active/running/ named=0/inactive/dead/ agent=5573/active/ jphase=absent killpid=
05:31:52.360694364 CHANGE ledger 0bca7eac782ac45c4f0a46d9a03d2ae740d34e3fe3c38c98b7fec69b2fea2591 -> 9fa3e0d0ae2b3c3c6956686643c908c381f71b011402c4cf25afa363b8f0bec5
05:31:52.375614723 pdns=5467/0/active/running/ named=0/inactive/dead/ agent=5573/active/ jphase=absent killpid=
05:31:52.725080874 CHANGE ledger 9fa3e0d0ae2b3c3c6956686643c908c381f71b011402c4cf25afa363b8f0bec5 -> d17587e63a4097e6139286d08ad51be88ff913fa77f7839475c1a95a2e0aeba9
05:31:52.742901553 pdns=5467/0/active/running/ named=0/inactive/dead/ agent=5573/active/ jphase=absent killpid=
05:31:53.060143954 CHANGE ledger d17587e63a4097e6139286d08ad51be88ff913fa77f7839475c1a95a2e0aeba9 -> d7ec38f95e940cefc58a61f7a2105999d829c5328e823c29f99c790e44b272d6
05:31:53.087705829 pdns=5467/0/active/running/ named=0/inactive/dead/ agent=5573/active/ jphase=absent killpid=
05:31:53.471081278 CHANGE ledger d7ec38f95e940cefc58a61f7a2105999d829c5328e823c29f99c790e44b272d6 -> 975b7b0d46305fd734f1bae818c82b47675e6b854dd8e4874821d20feb345239
05:31:53.496850033 pdns=5467/0/active/running/ named=0/inactive/dead/ agent=5573/active/ jphase=absent killpid=
05:31:53.836991683 CHANGE ledger 975b7b0d46305fd734f1bae818c82b47675e6b854dd8e4874821d20feb345239 -> f41e14df97f8101abe9807030b4699e86c040798e925393f8d3d477b32d12215
05:31:53.868352824 pdns=5467/0/active/running/ named=0/inactive/dead/ agent=5573/active/ jphase=absent killpid=
05:31:54.197769163 CHANGE ledger f41e14df97f8101abe9807030b4699e86c040798e925393f8d3d477b32d12215 -> 585308a43edc61ce9a4b3400c718dfb448b52475cf625afd0ee2a2f666fd67e0
05:31:54.213666328 pdns=5467/0/active/running/ named=0/inactive/dead/ agent=5573/active/ jphase=absent killpid=
05:31:54.555983650 CHANGE ledger 585308a43edc61ce9a4b3400c718dfb448b52475cf625afd0ee2a2f666fd67e0 -> 65984044e7f171c905cddd21669207689d2f0c81d45a2d0d3bf6e9d9b9dc17f5
05:31:54.592295660 pdns=5467/0/active/running/ named=0/inactive/dead/ agent=5573/active/ jphase=absent killpid=
05:31:54.923500315 CHANGE ledger 65984044e7f171c905cddd21669207689d2f0c81d45a2d0d3bf6e9d9b9dc17f5 -> 6288f81f448e17fb8ed9786713030242e84729a356e36d9366ad36c7c6131099
05:31:54.951523406 pdns=5467/0/active/running/ named=0/inactive/dead/ agent=5573/active/ jphase=absent killpid=
05:31:55.268206089 CHANGE ledger 6288f81f448e17fb8ed9786713030242e84729a356e36d9366ad36c7c6131099 -> 6e4f55a59dd1ac3f4b0664b1507a7b9b271c0724e131a38d53c2d869978568c7
05:31:55.299417180 pdns=5467/0/active/running/ named=0/inactive/dead/ agent=5573/active/ jphase=absent killpid=
05:31:55.621141937 CHANGE ledger 6e4f55a59dd1ac3f4b0664b1507a7b9b271c0724e131a38d53c2d869978568c7 -> 1b0b194971b14dc1e42953acad86bb764a3b0acd2223e6a4349fcc875acfc5be
05:31:55.637225096 pdns=5467/0/active/running/ named=0/inactive/dead/ agent=5573/active/ jphase=absent killpid=
05:31:55.999879340 CHANGE ledger 1b0b194971b14dc1e42953acad86bb764a3b0acd2223e6a4349fcc875acfc5be -> 50c7ee1ddf43cc034fd2f2da90d9b96cbce933b5973eba79820f1e024d7511bc
05:31:56.033772774 pdns=5467/0/active/running/ named=0/inactive/dead/ agent=5573/active/ jphase=absent killpid=
05:31:56.474803274 CHANGE ledger 50c7ee1ddf43cc034fd2f2da90d9b96cbce933b5973eba79820f1e024d7511bc -> 1671dbe7de62164dfd7d16fed946558e764195b97e44c41421b35e585d81e580
05:31:56.498136785 pdns=5467/0/active/running/ named=0/inactive/dead/ agent=5573/active/ jphase=absent killpid=
05:31:57.107780356 CHANGE ledger 1671dbe7de62164dfd7d16fed946558e764195b97e44c41421b35e585d81e580 -> e2869e592c3dc7a52784dee18787beef35ddccb5fcd3bfd27c63e0d12436a5a7
05:31:57.239351744 pdns=5467/0/active/running/ named=0/inactive/dead/ agent=5573/active/ jphase=absent killpid=
05:31:58.202133870 CHANGE ledger e2869e592c3dc7a52784dee18787beef35ddccb5fcd3bfd27c63e0d12436a5a7 -> e9970dbccbe373b5ebebccf4837b5ef6a5da6bcdf8b8f747dd61796694789332
05:31:58.218320874 pdns=5467/0/active/running/ named=0/inactive/dead/ agent=5573/active/ jphase=absent killpid=
05:31:58.552115395 CHANGE ledger e9970dbccbe373b5ebebccf4837b5ef6a5da6bcdf8b8f747dd61796694789332 -> 631b7df20a22f1e051e87166213257d0628b4e5178f4a7f931af289fe736e357
05:31:58.567349921 pdns=5467/0/active/running/ named=0/inactive/dead/ agent=5573/active/ jphase=absent killpid=
05:31:58.910536577 CHANGE ledger 631b7df20a22f1e051e87166213257d0628b4e5178f4a7f931af289fe736e357 -> 30b89d21a0564eb911f657c972547e38a37f5ea5a151bffe19c945bbf7bef977
05:31:58.922785020 pdns=5467/0/active/running/ named=0/inactive/dead/ agent=5573/active/ jphase=absent killpid=
05:31:59.256904481 pdns=5467/0/active/running/ named=0/inactive/dead/ agent=5573/active/ jphase=absent killpid=
05:31:59.559458922 CHANGE ledger 30b89d21a0564eb911f657c972547e38a37f5ea5a151bffe19c945bbf7bef977 -> 4a3df5576c9846b78651e1a13cd86ce8f5d6e15e3cfe4591a0a43ab09e221cea
05:31:59.588911449 pdns=5467/0/active/running/ named=0/inactive/dead/ agent=5573/active/ jphase=absent killpid=
05:31:59.950306222 CHANGE ledger 4a3df5576c9846b78651e1a13cd86ce8f5d6e15e3cfe4591a0a43ab09e221cea -> b05d53e0ae313554bee92c9af863afb6d5702e87acfa89314fbea10b2267bec1
05:31:59.977454053 pdns=5467/0/active/running/ named=0/inactive/dead/ agent=5573/active/ jphase=absent killpid=
05:32:00.404552203 CHANGE ledger b05d53e0ae313554bee92c9af863afb6d5702e87acfa89314fbea10b2267bec1 -> 2f22d11fc4c42a5498dc40f7b1ebc43569466196faf2e7fd1c56d3900051084c
05:32:00.423328486 pdns=5467/0/active/running/ named=0/inactive/dead/ agent=5573/active/ jphase=absent killpid=
05:32:00.749609559 CHANGE ledger 2f22d11fc4c42a5498dc40f7b1ebc43569466196faf2e7fd1c56d3900051084c -> e99f817549a199c1c5a9b9bb3df7a6ff70285dd37124ed2ccc2819b37798dc65
05:32:00.766817043 pdns=5467/0/active/running/ named=0/inactive/dead/ agent=5573/active/ jphase=absent killpid=
05:32:01.106247567 CHANGE ledger e99f817549a199c1c5a9b9bb3df7a6ff70285dd37124ed2ccc2819b37798dc65 -> de091a31041fb5dda8994472428bdaa75b01ecba5e6876179d030a3e6897635e
05:32:01.137812728 pdns=5467/0/active/running/ named=0/inactive/dead/ agent=5573/active/ jphase=absent killpid=
05:32:01.526133859 CHANGE ledger de091a31041fb5dda8994472428bdaa75b01ecba5e6876179d030a3e6897635e -> 991a9a105f4c1b859cb30b45b06879cd46bac5942572e65fb403da39b8890293
05:32:01.540917911 pdns=5467/0/active/running/ named=0/inactive/dead/ agent=5573/active/ jphase=absent killpid=
05:32:01.837158028 CHANGE ledger 991a9a105f4c1b859cb30b45b06879cd46bac5942572e65fb403da39b8890293 -> 4cd34ebc5e3b388216d9100786959b8910d9e3112883ce83e47ee371044ebdcc
05:32:01.852316475 pdns=5467/0/active/running/ named=0/inactive/dead/ agent=5573/active/ jphase=absent killpid=
05:32:02.195535054 CHANGE ledger 4cd34ebc5e3b388216d9100786959b8910d9e3112883ce83e47ee371044ebdcc -> 08ca9d27a5cc1dc9385f8bd7ff8290dca1d639e3b100c8664b4dc8e957249704
05:32:02.214167067 pdns=5467/0/active/running/ named=0/inactive/dead/ agent=5573/active/ jphase=absent killpid=
05:32:02.540696455 CHANGE ledger 08ca9d27a5cc1dc9385f8bd7ff8290dca1d639e3b100c8664b4dc8e957249704 -> f6428d2c56fba75dd2bef254ad9878dbabc661d5074d79901e6013c7274b5c09
05:32:02.555658146 pdns=5467/0/active/running/ named=0/inactive/dead/ agent=5573/active/ jphase=absent killpid=
05:32:02.878135268 CHANGE ledger f6428d2c56fba75dd2bef254ad9878dbabc661d5074d79901e6013c7274b5c09 -> 787069b268527a1164a07afbc2d3a761c8ee47697f1f06dc8cdf589bd8bc3513
05:32:02.893007806 pdns=5467/0/active/running/ named=0/inactive/dead/ agent=5573/active/ jphase=absent killpid=
05:32:03.229825825 pdns=5467/0/active/running/ named=0/inactive/dead/ agent=5573/active/ jphase=absent killpid=
05:32:03.556085786 pdns=5467/0/active/running/ named=0/inactive/dead/ agent=5573/active/ jphase=absent killpid=
05:32:03.868482366 pdns=5467/0/active/running/ named=0/inactive/dead/ agent=5573/active/ jphase=absent killpid=
05:32:04.163595008 pdns=5467/0/active/running/ named=0/inactive/dead/ agent=5573/active/ jphase=absent killpid=
05:32:04.460235603 pdns=5467/0/active/running/ named=0/inactive/dead/ agent=5573/active/ jphase=absent killpid=
05:32:04.764053312 pdns=5467/0/active/running/ named=0/inactive/dead/ agent=5573/active/ jphase=absent killpid=
05:32:05.057896514 pdns=5467/0/active/running/ named=0/inactive/dead/ agent=5573/active/ jphase=absent killpid=
05:32:05.348241671 pdns=5467/0/active/running/ named=0/inactive/dead/ agent=5573/active/ jphase=absent killpid=
05:32:05.646870258 pdns=5467/0/active/running/ named=0/inactive/dead/ agent=5573/active/ jphase=absent killpid=
05:32:05.940904272 pdns=5467/0/active/running/ named=0/inactive/dead/ agent=5573/active/ jphase=absent killpid=
05:32:06.240456105 pdns=5467/0/active/running/ named=0/inactive/dead/ agent=5573/active/ jphase=absent killpid=
05:32:06.540964289 pdns=5467/0/active/running/ named=0/inactive/dead/ agent=5573/active/ jphase=absent killpid=
05:32:06.867395430 pdns=5467/0/active/running/ named=0/inactive/dead/ agent=5573/active/ jphase=absent killpid=
05:32:07.295188517 pdns=5467/0/active/running/ named=0/inactive/dead/ agent=5573/active/ jphase=absent killpid=
05:32:07.621822448 pdns=5467/0/active/running/ named=0/inactive/dead/ agent=5573/active/ jphase=absent killpid=
05:32:07.918850659 pdns=5467/0/active/running/ named=0/inactive/dead/ agent=5573/active/ jphase=absent killpid=
05:32:08.214294871 pdns=5467/0/active/running/ named=0/inactive/dead/ agent=5573/active/ jphase=absent killpid=
05:32:08.510628145 pdns=5467/0/active/running/ named=0/inactive/dead/ agent=5573/active/ jphase=absent killpid=
05:32:08.808814516 pdns=5467/0/active/running/ named=0/inactive/dead/ agent=5573/active/ jphase=absent killpid=
05:32:09.113469983 pdns=5467/0/active/running/ named=0/inactive/dead/ agent=5573/active/ jphase=absent killpid=
05:32:09.411697625 pdns=5467/0/active/running/ named=0/inactive/dead/ agent=5573/active/ jphase=absent killpid=
05:32:09.701615229 pdns=5467/0/active/running/ named=0/inactive/dead/ agent=5573/active/ jphase=absent killpid=
05:32:09.991054956 pdns=5467/0/active/running/ named=0/inactive/dead/ agent=5573/active/ jphase=absent killpid=
05:32:10.282304821 pdns=5467/0/active/running/ named=0/inactive/dead/ agent=5573/active/ jphase=absent killpid=
05:32:10.577717990 pdns=5467/0/active/running/ named=0/inactive/dead/ agent=5573/active/ jphase=absent killpid=
05:32:10.875835644 pdns=5467/0/active/running/ named=0/inactive/dead/ agent=5573/active/ jphase=absent killpid=
05:32:11.185083030 pdns=5467/0/active/running/ named=0/inactive/dead/ agent=5573/active/ jphase=absent killpid=
05:32:11.489680469 pdns=5467/0/active/running/ named=0/inactive/dead/ agent=5573/active/ jphase=absent killpid=
05:32:11.782492401 pdns=5467/0/active/running/ named=0/inactive/dead/ agent=5573/active/ jphase=absent killpid=
05:32:12.075188664 pdns=5467/0/active/running/ named=0/inactive/dead/ agent=5573/active/ jphase=absent killpid=
05:32:12.365000870 pdns=5467/0/active/running/ named=0/inactive/dead/ agent=5573/active/ jphase=absent killpid=
05:32:12.657011805 pdns=5467/0/active/running/ named=0/inactive/dead/ agent=5573/active/ jphase=absent killpid=
05:32:12.948267929 pdns=5467/0/active/running/ named=0/inactive/dead/ agent=5573/active/ jphase=absent killpid=
05:32:13.246138192 pdns=5467/0/active/running/ named=0/inactive/dead/ agent=5573/active/ jphase=absent killpid=
05:32:13.527256051 pdns=5467/0/active/running/ named=0/inactive/dead/ agent=5573/active/ jphase=absent killpid=
05:32:13.806405156 pdns=5467/0/active/running/ named=0/inactive/dead/ agent=5573/active/ jphase=absent killpid=
05:32:14.089947124 pdns=5467/0/active/running/ named=0/inactive/dead/ agent=5573/active/ jphase=absent killpid=
05:32:14.382112044 pdns=5467/0/active/running/ named=0/inactive/dead/ agent=5573/active/ jphase=absent killpid=
05:32:14.674886952 pdns=5467/0/active/running/ named=0/inactive/dead/ agent=5573/active/ jphase=absent killpid=
05:32:14.968005712 pdns=5467/0/active/running/ named=0/inactive/dead/ agent=5573/active/ jphase=absent killpid=
05:32:15.284753266 pdns=5467/0/active/running/ named=0/inactive/dead/ agent=5573/active/ jphase=absent killpid=
05:32:15.584113708 pdns=5467/0/active/running/ named=0/inactive/dead/ agent=5573/active/ jphase=absent killpid=
05:32:15.871635178 pdns=5467/0/active/running/ named=0/inactive/dead/ agent=5573/active/ jphase=absent killpid=
05:32:16.163437894 pdns=5467/0/active/running/ named=0/inactive/dead/ agent=5573/active/ jphase=absent killpid=
05:32:16.459696679 pdns=5467/0/active/running/ named=0/inactive/dead/ agent=5573/active/ jphase=absent killpid=
05:32:16.762392967 pdns=5467/0/active/running/ named=0/inactive/dead/ agent=5573/active/ jphase=absent killpid=
05:32:17.072255577 pdns=5467/0/active/running/ named=0/inactive/dead/ agent=5573/active/ jphase=absent killpid=
05:32:17.370835109 pdns=5467/0/active/running/ named=0/inactive/dead/ agent=5573/active/ jphase=absent killpid=
05:32:17.718186689 pdns=5467/0/active/running/ named=0/inactive/dead/ agent=5573/active/ jphase=absent killpid=
05:32:18.051678873 pdns=5467/0/active/running/ named=0/inactive/dead/ agent=5573/active/ jphase=absent killpid=
05:32:18.355792155 pdns=5467/0/active/running/ named=0/inactive/dead/ agent=5573/active/ jphase=absent killpid=
05:32:18.665722459 pdns=5467/0/active/running/ named=0/inactive/dead/ agent=5573/active/ jphase=absent killpid=
05:32:18.963258052 pdns=5467/0/active/running/ named=0/inactive/dead/ agent=5573/active/ jphase=absent killpid=
05:32:19.264534674 pdns=5467/0/active/running/ named=0/inactive/dead/ agent=5573/active/ jphase=absent killpid=
05:32:19.560644663 pdns=5467/0/active/running/ named=0/inactive/dead/ agent=5573/active/ jphase=absent killpid=
05:32:19.900852623 pdns=5467/0/active/running/ named=0/inactive/dead/ agent=5573/active/ jphase=absent killpid=
05:32:20.252781108 pdns=5467/0/active/running/ named=0/inactive/dead/ agent=5573/active/ jphase=absent killpid=
05:32:20.558388891 pdns=5467/0/active/running/ named=0/inactive/dead/ agent=5573/active/ jphase=absent killpid=
05:32:20.847019980 pdns=5467/0/active/running/ named=0/inactive/dead/ agent=5573/active/ jphase=absent killpid=
05:32:21.138776385 pdns=5467/0/active/running/ named=0/inactive/dead/ agent=5573/active/ jphase=absent killpid=
05:32:21.444227577 pdns=5467/0/active/running/ named=0/inactive/dead/ agent=5573/active/ jphase=absent killpid=
05:32:21.746491538 pdns=5467/0/active/running/ named=0/inactive/dead/ agent=5573/active/ jphase=absent killpid=
05:32:22.037908381 pdns=5467/0/active/running/ named=0/inactive/dead/ agent=5573/active/ jphase=absent killpid=
05:32:22.325839713 pdns=5467/0/active/running/ named=0/inactive/dead/ agent=5573/active/ jphase=absent killpid=
05:32:22.608014724 pdns=5467/0/active/running/ named=0/inactive/dead/ agent=5573/active/ jphase=absent killpid=
05:32:22.891744142 pdns=5467/0/active/running/ named=0/inactive/dead/ agent=5573/active/ jphase=absent killpid=
05:32:23.179099465 pdns=5467/0/active/running/ named=0/inactive/dead/ agent=5573/active/ jphase=absent killpid=
05:32:23.465362741 pdns=5467/0/active/running/ named=0/inactive/dead/ agent=5573/active/ jphase=absent killpid=
05:32:23.755918963 pdns=5467/0/active/running/ named=0/inactive/dead/ agent=5573/active/ jphase=absent killpid=
05:32:24.053969261 pdns=5467/0/active/running/ named=0/inactive/dead/ agent=5573/active/ jphase=absent killpid=
05:32:24.341116297 pdns=5467/0/active/running/ named=0/inactive/dead/ agent=5573/active/ jphase=absent killpid=
05:32:24.631675787 pdns=5467/0/active/running/ named=0/inactive/dead/ agent=5573/active/ jphase=absent killpid=
05:32:24.919604641 pdns=5467/0/active/running/ named=0/inactive/dead/ agent=5573/active/ jphase=absent killpid=
05:32:25.203542266 pdns=5467/0/active/running/ named=0/inactive/dead/ agent=5573/active/ jphase=absent killpid=
05:32:25.493773574 pdns=5467/0/active/running/ named=0/inactive/dead/ agent=5573/active/ jphase=absent killpid=
05:32:25.783268140 pdns=5467/0/active/running/ named=0/inactive/dead/ agent=5573/active/ jphase=absent killpid=
05:32:26.071837931 pdns=5467/0/active/running/ named=0/inactive/dead/ agent=5573/active/ jphase=absent killpid=
05:32:26.362850245 pdns=5467/0/active/running/ named=0/inactive/dead/ agent=5573/active/ jphase=absent killpid=
05:32:26.654064815 pdns=5467/0/active/running/ named=0/inactive/dead/ agent=5573/active/ jphase=absent killpid=
05:32:26.942128109 pdns=5467/0/active/running/ named=0/inactive/dead/ agent=5573/active/ jphase=absent killpid=
05:32:27.231454823 pdns=5467/0/active/running/ named=0/inactive/dead/ agent=5573/active/ jphase=absent killpid=
05:32:27.523030113 pdns=5467/0/active/running/ named=0/inactive/dead/ agent=5573/active/ jphase=absent killpid=
05:32:27.808446097 pdns=5467/0/active/running/ named=0/inactive/dead/ agent=5573/active/ jphase=absent killpid=
05:32:28.097768012 pdns=5467/0/active/running/ named=0/inactive/dead/ agent=5573/active/ jphase=absent killpid=
05:32:28.386763591 pdns=5467/0/active/running/ named=0/inactive/dead/ agent=5573/active/ jphase=absent killpid=
05:32:28.684424264 pdns=5467/0/active/running/ named=0/inactive/dead/ agent=5573/active/ jphase=absent killpid=
05:32:28.999607611 pdns=5467/0/active/running/ named=0/inactive/dead/ agent=5573/active/ jphase=absent killpid=
05:32:29.304470543 pdns=5467/0/active/running/ named=0/inactive/dead/ agent=5573/active/ jphase=absent killpid=
05:32:29.592921319 pdns=5467/0/active/running/ named=0/inactive/dead/ agent=5573/active/ jphase=absent killpid=
05:32:29.883046367 pdns=5467/0/active/running/ named=0/inactive/dead/ agent=5573/active/ jphase=absent killpid=
05:32:30.167221643 pdns=5467/0/active/running/ named=0/inactive/dead/ agent=5573/active/ jphase=absent killpid=
05:32:30.455322660 pdns=5467/0/active/running/ named=0/inactive/dead/ agent=5573/active/ jphase=absent killpid=
05:32:30.747596733 pdns=5467/0/active/running/ named=0/inactive/dead/ agent=5573/active/ jphase=absent killpid=
05:32:31.035741273 pdns=5467/0/active/running/ named=0/inactive/dead/ agent=5573/active/ jphase=absent killpid=
05:32:31.354857304 pdns=5467/0/active/running/ named=0/inactive/dead/ agent=5573/active/ jphase=absent killpid=
05:32:31.667544942 pdns=5467/0/active/running/ named=0/inactive/dead/ agent=5573/active/ jphase=absent killpid=
05:32:31.956603384 pdns=5467/0/active/running/ named=0/inactive/dead/ agent=5573/active/ jphase=absent killpid=
05:32:32.250004212 pdns=5467/0/active/running/ named=0/inactive/dead/ agent=5573/active/ jphase=absent killpid=
05:32:32.535378008 pdns=5467/0/active/running/ named=0/inactive/dead/ agent=5573/active/ jphase=absent killpid=
05:32:32.822833352 pdns=5467/0/active/running/ named=0/inactive/dead/ agent=5573/active/ jphase=absent killpid=
05:32:33.109032154 pdns=5467/0/active/running/ named=0/inactive/dead/ agent=5573/active/ jphase=absent killpid=
05:32:33.394849209 pdns=5467/0/active/running/ named=0/inactive/dead/ agent=5573/active/ jphase=absent killpid=
05:32:33.678112975 pdns=5467/0/active/running/ named=0/inactive/dead/ agent=5573/active/ jphase=absent killpid=
05:32:33.965946933 pdns=5467/0/active/running/ named=0/inactive/dead/ agent=5573/active/ jphase=absent killpid=
05:32:34.253532240 pdns=5467/0/active/running/ named=0/inactive/dead/ agent=5573/active/ jphase=absent killpid=
05:32:34.539506346 pdns=5467/0/active/running/ named=0/inactive/dead/ agent=5573/active/ jphase=absent killpid=
05:32:34.824447889 pdns=5467/0/active/running/ named=0/inactive/dead/ agent=5573/active/ jphase=absent killpid=
05:32:35.119842616 pdns=5467/0/active/running/ named=0/inactive/dead/ agent=5573/active/ jphase=absent killpid=
05:32:35.408136305 pdns=5467/0/active/running/ named=0/inactive/dead/ agent=5573/active/ jphase=absent killpid=
05:32:35.695149191 pdns=5467/0/active/running/ named=0/inactive/dead/ agent=5573/active/ jphase=absent killpid=
05:32:35.982525451 pdns=5467/0/active/running/ named=0/inactive/dead/ agent=5573/active/ jphase=absent killpid=
05:32:36.268525550 pdns=5467/0/active/running/ named=0/inactive/dead/ agent=5573/active/ jphase=absent killpid=
05:32:36.557581050 pdns=5467/0/active/running/ named=0/inactive/dead/ agent=5573/active/ jphase=absent killpid=
05:32:36.851117648 pdns=5467/0/active/running/ named=0/inactive/dead/ agent=5573/active/ jphase=absent killpid=
05:32:37.138328226 pdns=5467/0/active/running/ named=0/inactive/dead/ agent=5573/active/ jphase=absent killpid=
05:32:37.428189396 pdns=5467/0/active/running/ named=0/inactive/dead/ agent=5573/active/ jphase=absent killpid=
05:32:37.714351492 pdns=5467/0/active/running/ named=0/inactive/dead/ agent=5573/active/ jphase=absent killpid=
05:32:38.019074751 pdns=5467/0/active/running/ named=0/inactive/dead/ agent=5573/active/ jphase=absent killpid=
05:32:38.332801021 pdns=5467/0/active/running/ named=0/inactive/dead/ agent=5573/active/ jphase=absent killpid=
05:32:38.652188236 pdns=5467/0/active/running/ named=0/inactive/dead/ agent=5573/active/ jphase=absent killpid=
05:32:39.008412936 pdns=5467/0/active/running/ named=0/inactive/dead/ agent=5573/active/ jphase=absent killpid=
05:32:39.344641322 pdns=5467/0/active/running/ named=0/inactive/dead/ agent=5573/active/ jphase=absent killpid=
05:32:39.644293551 pdns=5467/0/active/running/ named=0/inactive/dead/ agent=5573/active/ jphase=absent killpid=
05:32:39.940501511 pdns=5467/0/active/running/ named=0/inactive/dead/ agent=5573/active/ jphase=absent killpid=
05:32:40.233671923 pdns=5467/0/active/running/ named=0/inactive/dead/ agent=5573/active/ jphase=absent killpid=
05:32:40.526602919 pdns=5467/0/active/running/ named=0/inactive/dead/ agent=5573/active/ jphase=absent killpid=
05:32:40.816802809 pdns=5467/0/active/running/ named=0/inactive/dead/ agent=5573/active/ jphase=absent killpid=
05:32:41.115708961 pdns=5467/0/active/running/ named=0/inactive/dead/ agent=5573/active/ jphase=absent killpid=
05:32:41.404453281 pdns=5467/0/active/running/ named=0/inactive/dead/ agent=5573/active/ jphase=absent killpid=
05:32:41.693737866 pdns=5467/0/active/running/ named=0/inactive/dead/ agent=5573/active/ jphase=absent killpid=
05:32:41.996815542 pdns=5467/0/active/running/ named=0/inactive/dead/ agent=5573/active/ jphase=absent killpid=
05:32:42.287555843 pdns=5467/0/active/running/ named=0/inactive/dead/ agent=5573/active/ jphase=absent killpid=
05:32:42.575792953 pdns=5467/0/active/running/ named=0/inactive/dead/ agent=5573/active/ jphase=absent killpid=
05:32:42.865442268 pdns=5467/0/active/running/ named=0/inactive/dead/ agent=5573/active/ jphase=absent killpid=
05:32:43.157848062 pdns=5467/0/active/running/ named=0/inactive/dead/ agent=5573/active/ jphase=absent killpid=
05:32:43.450768564 pdns=5467/0/active/running/ named=0/inactive/dead/ agent=5573/active/ jphase=absent killpid=
05:32:43.741773451 pdns=5467/0/active/running/ named=0/inactive/dead/ agent=5573/active/ jphase=absent killpid=
05:32:44.031148827 pdns=5467/0/active/running/ named=0/inactive/dead/ agent=5573/active/ jphase=absent killpid=
05:32:44.322006686 pdns=5467/0/active/running/ named=0/inactive/dead/ agent=5573/active/ jphase=absent killpid=
05:32:44.603087520 pdns=5467/0/active/running/ named=0/inactive/dead/ agent=5573/active/ jphase=absent killpid=
05:32:44.888170341 pdns=5467/0/active/running/ named=0/inactive/dead/ agent=5573/active/ jphase=absent killpid=
05:32:45.171375907 pdns=5467/0/active/running/ named=0/inactive/dead/ agent=5573/active/ jphase=absent killpid=
05:32:45.455180656 pdns=5467/0/active/running/ named=0/inactive/dead/ agent=5573/active/ jphase=absent killpid=
05:32:45.739591835 pdns=5467/0/active/running/ named=0/inactive/dead/ agent=5573/active/ jphase=absent killpid=
05:32:46.023855536 pdns=5467/0/active/running/ named=0/inactive/dead/ agent=5573/active/ jphase=absent killpid=
05:32:46.306998638 pdns=5467/0/active/running/ named=0/inactive/dead/ agent=5573/active/ jphase=absent killpid=
05:32:46.591062699 pdns=5467/0/active/running/ named=0/inactive/dead/ agent=5573/active/ jphase=absent killpid=
05:32:46.880677405 pdns=5467/0/active/running/ named=0/inactive/dead/ agent=5573/active/ jphase=absent killpid=
05:32:47.166211401 pdns=5467/0/active/running/ named=0/inactive/dead/ agent=5573/active/ jphase=absent killpid=
05:32:47.452714852 pdns=5467/0/active/running/ named=0/inactive/dead/ agent=5573/active/ jphase=absent killpid=
05:32:47.739381080 pdns=5467/0/active/running/ named=0/inactive/dead/ agent=5573/active/ jphase=absent killpid=
05:32:48.034461177 pdns=5467/0/active/running/ named=0/inactive/dead/ agent=5573/active/ jphase=absent killpid=
05:32:48.343195696 pdns=5467/0/active/running/ named=0/inactive/dead/ agent=5573/active/ jphase=absent killpid=
05:32:48.646929163 pdns=5467/0/active/running/ named=0/inactive/dead/ agent=5573/active/ jphase=absent killpid=
05:32:48.940113295 pdns=5467/0/active/running/ named=0/inactive/dead/ agent=5573/active/ jphase=absent killpid=
05:32:49.251894756 pdns=5467/0/active/running/ named=0/inactive/dead/ agent=5573/active/ jphase=absent killpid=
05:32:49.541922052 pdns=5467/0/active/running/ named=0/inactive/dead/ agent=5573/active/ jphase=absent killpid=
05:32:49.835814730 pdns=5467/0/active/running/ named=0/inactive/dead/ agent=5573/active/ jphase=absent killpid=
05:32:50.127208023 pdns=5467/0/active/running/ named=0/inactive/dead/ agent=5573/active/ jphase=absent killpid=
05:32:50.422206655 pdns=5467/0/active/running/ named=0/inactive/dead/ agent=5573/active/ jphase=absent killpid=
05:32:50.722937463 pdns=5467/0/active/running/ named=0/inactive/dead/ agent=5573/active/ jphase=absent killpid=
05:32:51.017737743 pdns=5467/0/active/running/ named=0/inactive/dead/ agent=5573/active/ jphase=absent killpid=
05:32:51.336353443 pdns=5467/0/active/running/ named=0/inactive/dead/ agent=5573/active/ jphase=absent killpid=
05:32:51.645984831 pdns=5467/0/active/running/ named=0/inactive/dead/ agent=5573/active/ jphase=absent killpid=
05:32:51.943663129 pdns=5467/0/active/running/ named=0/inactive/dead/ agent=5573/active/ jphase=absent killpid=
05:32:52.233541431 pdns=5467/0/active/running/ named=0/inactive/dead/ agent=5573/active/ jphase=absent killpid=
05:32:52.521668738 pdns=5467/0/active/running/ named=0/inactive/dead/ agent=5573/active/ jphase=absent killpid=
05:32:52.810252145 pdns=5467/0/active/running/ named=0/inactive/dead/ agent=5573/active/ jphase=absent killpid=
05:32:53.092850205 pdns=5467/0/active/running/ named=0/inactive/dead/ agent=5573/active/ jphase=absent killpid=
05:32:53.381834583 pdns=5467/0/active/running/ named=0/inactive/dead/ agent=5573/active/ jphase=absent killpid=
05:32:53.669182574 pdns=5467/0/active/running/ named=0/inactive/dead/ agent=5573/active/ jphase=absent killpid=
05:32:53.954309352 pdns=5467/0/active/running/ named=0/inactive/dead/ agent=5573/active/ jphase=absent killpid=
05:32:54.241832141 pdns=5467/0/active/running/ named=0/inactive/dead/ agent=5573/active/ jphase=absent killpid=
05:32:54.534538456 pdns=5467/0/active/running/ named=0/inactive/dead/ agent=5573/active/ jphase=absent killpid=
05:32:54.820377003 pdns=5467/0/active/running/ named=0/inactive/dead/ agent=5573/active/ jphase=absent killpid=
05:32:55.108010460 pdns=5467/0/active/running/ named=0/inactive/dead/ agent=5573/active/ jphase=absent killpid=
05:32:55.413126329 pdns=5467/0/active/running/ named=0/inactive/dead/ agent=5573/active/ jphase=absent killpid=
05:32:55.716721486 pdns=5467/0/active/running/ named=0/inactive/dead/ agent=5573/active/ jphase=absent killpid=
05:32:56.066408499 pdns=5467/0/active/running/ named=0/inactive/dead/ agent=5573/active/ jphase=absent killpid=
05:32:56.351665165 pdns=5467/0/active/running/ named=0/inactive/dead/ agent=5573/active/ jphase=absent killpid=
05:32:56.637682384 pdns=5467/0/active/running/ named=0/inactive/dead/ agent=5573/active/ jphase=absent killpid=
05:32:56.954718934 pdns=5467/0/active/running/ named=0/inactive/dead/ agent=5573/active/ jphase=absent killpid=
05:32:57.235630838 pdns=5467/0/active/running/ named=0/inactive/dead/ agent=5573/active/ jphase=absent killpid=
05:32:57.522803105 pdns=5467/0/active/running/ named=0/inactive/dead/ agent=5573/active/ jphase=absent killpid=
05:32:57.808832444 pdns=5467/0/active/running/ named=0/inactive/dead/ agent=5573/active/ jphase=absent killpid=
05:32:58.091477569 pdns=5467/0/active/running/ named=0/inactive/dead/ agent=5573/active/ jphase=absent killpid=
05:32:58.374179854 pdns=5467/0/active/running/ named=0/inactive/dead/ agent=5573/active/ jphase=absent killpid=
05:32:58.661043392 pdns=5467/0/active/running/ named=0/inactive/dead/ agent=5573/active/ jphase=absent killpid=
05:32:58.948168618 pdns=5467/0/active/running/ named=0/inactive/dead/ agent=5573/active/ jphase=absent killpid=
05:32:59.234358291 pdns=5467/0/active/running/ named=0/inactive/dead/ agent=5573/active/ jphase=absent killpid=
05:32:59.524616402 pdns=5467/0/active/running/ named=0/inactive/dead/ agent=5573/active/ jphase=absent killpid=
05:32:59.811891959 pdns=5467/0/active/running/ named=0/inactive/dead/ agent=5573/active/ jphase=absent killpid=
05:33:00.099486441 pdns=5467/0/active/running/ named=0/inactive/dead/ agent=5573/active/ jphase=absent killpid=
05:33:00.385291509 pdns=5467/0/active/running/ named=0/inactive/dead/ agent=5573/active/ jphase=absent killpid=
05:33:00.674811534 pdns=5467/0/active/running/ named=0/inactive/dead/ agent=5573/active/ jphase=absent killpid=
05:33:00.970619542 pdns=5467/0/active/running/ named=0/inactive/dead/ agent=5573/active/ jphase=absent killpid=
05:33:01.272643073 pdns=5467/0/active/running/ named=0/inactive/dead/ agent=5573/active/ jphase=absent killpid=
05:33:01.591773397 pdns=5467/0/active/running/ named=0/inactive/dead/ agent=5573/active/ jphase=absent killpid=
05:33:01.879355003 pdns=5467/0/active/running/ named=0/inactive/dead/ agent=5573/active/ jphase=absent killpid=
05:33:02.182317196 pdns=5467/0/active/running/ named=0/inactive/dead/ agent=5573/active/ jphase=absent killpid=
05:33:02.470398524 pdns=5467/0/active/running/ named=0/inactive/dead/ agent=5573/active/ jphase=absent killpid=
05:33:02.754418729 pdns=5467/0/active/running/ named=0/inactive/dead/ agent=5573/active/ jphase=absent killpid=
05:33:03.057284162 pdns=5467/0/active/running/ named=0/inactive/dead/ agent=5573/active/ jphase=absent killpid=
05:33:03.352145142 pdns=5467/0/active/running/ named=0/inactive/dead/ agent=5573/active/ jphase=absent killpid=
05:33:03.641555668 pdns=5467/0/active/running/ named=0/inactive/dead/ agent=5573/active/ jphase=absent killpid=
05:33:03.923644360 pdns=5467/0/active/running/ named=0/inactive/dead/ agent=5573/active/ jphase=absent killpid=
05:33:04.215691156 pdns=5467/0/active/running/ named=0/inactive/dead/ agent=5573/active/ jphase=absent killpid=
05:33:04.504298281 pdns=5467/0/active/running/ named=0/inactive/dead/ agent=5573/active/ jphase=absent killpid=
05:33:04.789592389 pdns=5467/0/active/running/ named=0/inactive/dead/ agent=5573/active/ jphase=absent killpid=
05:33:05.084501885 pdns=5467/0/active/running/ named=0/inactive/dead/ agent=5573/active/ jphase=absent killpid=
05:33:05.389174336 pdns=5467/0/active/running/ named=0/inactive/dead/ agent=5573/active/ jphase=absent killpid=
05:33:05.680668744 pdns=5467/0/active/running/ named=0/inactive/dead/ agent=5573/active/ jphase=absent killpid=
05:33:05.967085614 pdns=5467/0/active/running/ named=0/inactive/dead/ agent=5573/active/ jphase=absent killpid=
05:33:06.258591953 pdns=5467/0/active/running/ named=0/inactive/dead/ agent=5573/active/ jphase=absent killpid=
05:33:06.556619311 pdns=5467/0/active/running/ named=0/inactive/dead/ agent=5573/active/ jphase=absent killpid=
05:33:06.854234749 pdns=5467/0/active/running/ named=0/inactive/dead/ agent=5573/active/ jphase=absent killpid=
05:33:07.148704455 pdns=5467/0/active/running/ named=0/inactive/dead/ agent=5573/active/ jphase=absent killpid=
05:33:07.450575232 pdns=5467/0/active/running/ named=0/inactive/dead/ agent=5573/active/ jphase=absent killpid=
05:33:07.740046566 pdns=5467/0/active/running/ named=0/inactive/dead/ agent=5573/active/ jphase=absent killpid=
05:33:08.028761662 pdns=5467/0/active/running/ named=0/inactive/dead/ agent=5573/active/ jphase=absent killpid=
05:33:08.318065661 pdns=5467/0/active/running/ named=0/inactive/dead/ agent=5573/active/ jphase=absent killpid=
05:33:08.611516043 pdns=5467/0/active/running/ named=0/inactive/dead/ agent=5573/active/ jphase=absent killpid=
05:33:08.893045126 pdns=5467/0/active/running/ named=0/inactive/dead/ agent=5573/active/ jphase=absent killpid=
05:33:09.178720310 pdns=5467/0/active/running/ named=0/inactive/dead/ agent=5573/active/ jphase=absent killpid=
05:33:09.466781134 pdns=5467/0/active/running/ named=0/inactive/dead/ agent=5573/active/ jphase=absent killpid=
05:33:09.755135679 pdns=5467/0/active/running/ named=0/inactive/dead/ agent=5573/active/ jphase=absent killpid=
05:33:10.045207698 pdns=5467/0/active/running/ named=0/inactive/dead/ agent=5573/active/ jphase=absent killpid=
05:33:10.335239586 pdns=5467/0/active/running/ named=0/inactive/dead/ agent=5573/active/ jphase=absent killpid=
05:33:10.624533460 pdns=5467/0/active/running/ named=0/inactive/dead/ agent=5573/active/ jphase=absent killpid=
05:33:10.921085378 pdns=5467/0/active/running/ named=0/inactive/dead/ agent=5573/active/ jphase=absent killpid=
05:33:11.232099995 pdns=5467/0/active/running/ named=0/inactive/dead/ agent=5573/active/ jphase=absent killpid=
05:33:11.537168428 pdns=5467/0/active/running/ named=0/inactive/dead/ agent=5573/active/ jphase=absent killpid=
05:33:11.837737595 pdns=5467/0/active/running/ named=0/inactive/dead/ agent=5573/active/ jphase=absent killpid=
05:33:12.137883713 pdns=5467/0/active/running/ named=0/inactive/dead/ agent=5573/active/ jphase=absent killpid=
05:33:12.445485319 pdns=5467/0/active/running/ named=0/inactive/dead/ agent=5573/active/ jphase=absent killpid=
05:33:12.748944885 pdns=5467/0/active/running/ named=0/inactive/dead/ agent=5573/active/ jphase=absent killpid=
05:33:13.039981027 pdns=5467/0/active/running/ named=0/inactive/dead/ agent=5573/active/ jphase=absent killpid=
05:33:13.332355954 pdns=5467/0/active/running/ named=0/inactive/dead/ agent=5573/active/ jphase=absent killpid=
05:33:13.626135366 pdns=5467/0/active/running/ named=0/inactive/dead/ agent=5573/active/ jphase=absent killpid=
05:33:13.928842021 pdns=5467/0/active/running/ named=0/inactive/dead/ agent=5573/active/ jphase=absent killpid=
05:33:14.259099326 pdns=5467/0/active/running/ named=0/inactive/dead/ agent=5573/active/ jphase=absent killpid=
05:33:14.634548952 pdns=5467/0/active/running/ named=0/inactive/dead/ agent=5573/active/ jphase=absent killpid=
05:33:14.933484088 pdns=5467/0/active/running/ named=0/inactive/dead/ agent=5573/active/ jphase=absent killpid=
05:33:15.234004550 pdns=5467/0/active/running/ named=0/inactive/dead/ agent=5573/active/ jphase=absent killpid=
05:33:15.523445100 pdns=5467/0/active/running/ named=0/inactive/dead/ agent=5573/active/ jphase=absent killpid=
05:33:15.825867304 pdns=5467/0/active/running/ named=0/inactive/dead/ agent=5573/active/ jphase=absent killpid=
05:33:16.138728715 pdns=5467/0/active/running/ named=0/inactive/dead/ agent=5573/active/ jphase=absent killpid=
05:33:16.470385610 pdns=5467/0/active/running/ named=0/inactive/dead/ agent=5573/active/ jphase=absent killpid=
05:33:16.796975555 pdns=5467/0/active/running/ named=0/inactive/dead/ agent=5573/active/ jphase=absent killpid=
05:33:17.197237111 pdns=5467/0/active/running/ named=0/inactive/dead/ agent=5573/active/ jphase=absent killpid=
05:33:17.536896621 pdns=5467/0/active/running/ named=0/inactive/dead/ agent=5573/active/ jphase=absent killpid=
05:33:17.868637891 pdns=5467/0/active/running/ named=0/inactive/dead/ agent=5573/active/ jphase=absent killpid=
05:33:18.189082462 pdns=5467/0/active/running/ named=0/inactive/dead/ agent=5573/active/ jphase=absent killpid=
05:33:18.502205533 pdns=5467/0/active/running/ named=0/inactive/dead/ agent=5573/active/ jphase=absent killpid=
05:33:18.815975464 pdns=5467/0/active/running/ named=0/inactive/dead/ agent=5573/active/ jphase=absent killpid=
05:33:19.164582566 pdns=5467/0/active/running/ named=0/inactive/dead/ agent=5573/active/ jphase=absent killpid=
05:33:19.518938097 pdns=5467/0/active/running/ named=0/inactive/dead/ agent=5573/active/ jphase=absent killpid=
05:33:19.868237147 pdns=5467/0/active/running/ named=0/inactive/dead/ agent=5573/active/ jphase=absent killpid=
05:33:20.181152557 pdns=5467/0/active/running/ named=0/inactive/dead/ agent=5573/active/ jphase=absent killpid=
05:33:20.501421926 pdns=5467/0/active/running/ named=0/inactive/dead/ agent=5573/active/ jphase=absent killpid=
05:33:20.947743622 pdns=5467/0/active/running/ named=0/inactive/dead/ agent=5573/active/ jphase=absent killpid=
05:33:22.832491990 pdns=5467/0/active/running/ named=0/inactive/dead/ agent=5573/active/ jphase=absent killpid=
05:33:23.502135793 pdns=5467/0/active/running/ named=0/inactive/dead/ agent=5573/active/ jphase=absent killpid=
05:33:23.807364316 pdns=5467/0/active/running/ named=0/inactive/dead/ agent=5573/active/ jphase=absent killpid=
05:33:24.106355027 pdns=5467/0/active/running/ named=0/inactive/dead/ agent=5573/active/ jphase=absent killpid=
05:33:24.414100298 pdns=5467/0/active/running/ named=0/inactive/dead/ agent=5573/active/ jphase=absent killpid=
05:33:24.719446294 pdns=5467/0/active/running/ named=0/inactive/dead/ agent=5573/active/ jphase=absent killpid=
05:33:25.022925957 pdns=5467/0/active/running/ named=0/inactive/dead/ agent=5573/active/ jphase=absent killpid=
05:33:25.329465921 pdns=5467/0/active/running/ named=0/inactive/dead/ agent=5573/active/ jphase=absent killpid=
05:33:25.640389975 pdns=5467/0/active/running/ named=0/inactive/dead/ agent=5573/active/ jphase=absent killpid=
05:33:25.970321527 pdns=5467/0/active/running/ named=0/inactive/dead/ agent=5573/active/ jphase=absent killpid=
05:33:26.290714856 pdns=5467/0/active/running/ named=0/inactive/dead/ agent=5573/active/ jphase=absent killpid=
05:33:26.617248669 pdns=5467/0/active/running/ named=0/inactive/dead/ agent=5573/active/ jphase=absent killpid=
05:33:26.952311698 pdns=5467/0/active/running/ named=0/inactive/dead/ agent=5573/active/ jphase=absent killpid=
05:33:27.283555526 pdns=5467/0/active/running/ named=0/inactive/dead/ agent=5573/active/ jphase=absent killpid=
05:33:27.598934375 pdns=5467/0/active/running/ named=0/inactive/dead/ agent=5573/active/ jphase=absent killpid=
05:33:27.909661549 pdns=5467/0/active/running/ named=0/inactive/dead/ agent=5573/active/ jphase=absent killpid=
05:33:28.229431624 pdns=5467/0/active/running/ named=0/inactive/dead/ agent=5573/active/ jphase=absent killpid=
05:33:28.547686920 pdns=5467/0/active/running/ named=0/inactive/dead/ agent=5573/active/ jphase=absent killpid=
05:33:28.876405529 pdns=5467/0/active/running/ named=0/inactive/dead/ agent=5573/active/ jphase=absent killpid=
05:33:29.187173588 pdns=5467/0/active/running/ named=0/inactive/dead/ agent=5573/active/ jphase=absent killpid=
05:33:29.506355001 pdns=5467/0/active/running/ named=0/inactive/dead/ agent=5573/active/ jphase=absent killpid=
05:33:29.811143840 pdns=5467/0/active/running/ named=0/inactive/dead/ agent=5573/active/ jphase=absent killpid=
05:33:30.134196669 pdns=5467/0/active/running/ named=0/inactive/dead/ agent=5573/active/ jphase=absent killpid=
05:33:30.455796672 pdns=5467/0/active/running/ named=0/inactive/dead/ agent=5573/active/ jphase=absent killpid=
05:33:30.786836610 pdns=5467/0/active/running/ named=0/inactive/dead/ agent=5573/active/ jphase=absent killpid=
05:33:31.143896198 pdns=5467/0/active/running/ named=0/inactive/dead/ agent=5573/active/ jphase=absent killpid=
05:33:31.472336204 pdns=5467/0/active/running/ named=0/inactive/dead/ agent=5573/active/ jphase=absent killpid=
05:33:31.793335392 pdns=5467/0/active/running/ named=0/inactive/dead/ agent=5573/active/ jphase=absent killpid=
05:33:32.116051632 pdns=5467/0/active/running/ named=0/inactive/dead/ agent=5573/active/ jphase=absent killpid=
05:33:32.438729541 pdns=5467/0/active/running/ named=0/inactive/dead/ agent=5573/active/ jphase=absent killpid=
05:33:32.778265338 pdns=5467/0/active/running/ named=0/inactive/dead/ agent=5573/active/ jphase=absent killpid=
05:33:33.108584758 pdns=5467/0/active/running/ named=0/inactive/dead/ agent=5573/active/ jphase=absent killpid=
05:33:33.469586411 pdns=5467/0/active/running/ named=0/inactive/dead/ agent=5573/active/ jphase=absent killpid=
05:33:33.847104434 pdns=5467/0/active/running/ named=0/inactive/dead/ agent=5573/active/ jphase=absent killpid=
05:33:34.269141585 pdns=5467/0/active/running/ named=0/inactive/dead/ agent=5573/active/ jphase=absent killpid=
05:33:34.583670535 pdns=5467/0/active/running/ named=0/inactive/dead/ agent=5573/active/ jphase=absent killpid=
05:33:34.898545159 pdns=5467/0/active/running/ named=0/inactive/dead/ agent=5573/active/ jphase=absent killpid=
05:33:35.221517090 pdns=5467/0/active/running/ named=0/inactive/dead/ agent=5573/active/ jphase=absent killpid=
05:33:35.568418203 pdns=5467/0/active/running/ named=0/inactive/dead/ agent=5573/active/ jphase=absent killpid=
05:33:35.887598220 pdns=5467/0/active/running/ named=0/inactive/dead/ agent=5573/active/ jphase=absent killpid=
05:33:36.260624417 pdns=5467/0/active/running/ named=0/inactive/dead/ agent=5573/active/ jphase=absent killpid=
05:33:36.620507166 pdns=5467/0/active/running/ named=0/inactive/dead/ agent=5573/active/ jphase=absent killpid=
05:33:36.973008476 pdns=5467/0/active/running/ named=0/inactive/dead/ agent=5573/active/ jphase=absent killpid=
05:33:37.322924213 pdns=5467/0/active/running/ named=0/inactive/dead/ agent=5573/active/ jphase=absent killpid=
05:33:37.640474621 pdns=5467/0/active/running/ named=0/inactive/dead/ agent=5573/active/ jphase=absent killpid=
05:33:37.976741098 pdns=5467/0/active/running/ named=0/inactive/dead/ agent=5573/active/ jphase=absent killpid=
05:33:38.309010927 pdns=5467/0/active/running/ named=0/inactive/dead/ agent=5573/active/ jphase=absent killpid=
05:33:38.623564006 pdns=5467/0/active/running/ named=0/inactive/dead/ agent=5573/active/ jphase=absent killpid=
05:33:38.930295120 pdns=5467/0/active/running/ named=0/inactive/dead/ agent=5573/active/ jphase=absent killpid=
05:33:39.233069268 pdns=5467/0/active/running/ named=0/inactive/dead/ agent=5573/active/ jphase=absent killpid=
05:33:39.546403922 pdns=5467/0/active/running/ named=0/inactive/dead/ agent=5573/active/ jphase=absent killpid=
05:33:39.850896143 pdns=5467/0/active/running/ named=0/inactive/dead/ agent=5573/active/ jphase=absent killpid=
05:33:40.149545384 pdns=5467/0/active/running/ named=0/inactive/dead/ agent=5573/active/ jphase=absent killpid=
05:33:40.455605945 pdns=5467/0/active/running/ named=0/inactive/dead/ agent=5573/active/ jphase=absent killpid=
05:33:40.761372214 pdns=5467/0/active/running/ named=0/inactive/dead/ agent=5573/active/ jphase=absent killpid=
05:33:41.076083328 pdns=5467/0/active/running/ named=0/inactive/dead/ agent=5573/active/ jphase=absent killpid=
05:33:41.409593022 pdns=5467/0/active/running/ named=0/inactive/dead/ agent=5573/active/ jphase=absent killpid=
05:33:41.741809476 pdns=5467/0/active/running/ named=0/inactive/dead/ agent=5573/active/ jphase=absent killpid=
05:33:42.044293483 pdns=5467/0/active/running/ named=0/inactive/dead/ agent=5573/active/ jphase=absent killpid=
05:33:42.373107002 pdns=5467/0/active/running/ named=0/inactive/dead/ agent=5573/active/ jphase=absent killpid=
05:33:42.937094507 pdns=5467/0/active/running/ named=0/inactive/dead/ agent=5573/active/ jphase=absent killpid=
05:33:43.425428933 pdns=5467/0/active/running/ named=0/inactive/dead/ agent=5573/active/ jphase=absent killpid=
05:33:44.019488855 pdns=5467/0/active/running/ named=0/inactive/dead/ agent=5573/active/ jphase=absent killpid=
05:33:44.506770156 pdns=5467/0/active/running/ named=0/inactive/dead/ agent=5573/active/ jphase=absent killpid=
05:33:45.053802488 pdns=5467/0/active/running/ named=0/inactive/dead/ agent=5573/active/ jphase=absent killpid=
05:33:45.567270599 pdns=5467/0/active/running/ named=0/inactive/dead/ agent=5573/active/ jphase=absent killpid=
05:33:45.897505072 pdns=5467/0/active/running/ named=0/inactive/dead/ agent=5573/active/ jphase=absent killpid=
05:33:46.200450618 pdns=5467/0/active/running/ named=0/inactive/dead/ agent=5573/active/ jphase=absent killpid=
05:33:46.497910299 pdns=5467/0/active/running/ named=0/inactive/dead/ agent=5573/active/ jphase=absent killpid=
05:33:46.812842640 pdns=5467/0/active/running/ named=0/inactive/dead/ agent=5573/active/ jphase=absent killpid=
05:33:47.133508722 pdns=5467/0/active/running/ named=0/inactive/dead/ agent=5573/active/ jphase=absent killpid=
05:33:47.447020091 pdns=5467/0/active/running/ named=0/inactive/dead/ agent=5573/active/ jphase=absent killpid=
05:33:47.748210373 pdns=5467/0/active/running/ named=0/inactive/dead/ agent=5573/active/ jphase=absent killpid=
05:33:48.075037384 pdns=5467/0/active/running/ named=0/inactive/dead/ agent=5573/active/ jphase=absent killpid=
05:33:48.385488789 pdns=5467/0/active/running/ named=0/inactive/dead/ agent=5573/active/ jphase=absent killpid=
05:33:48.700315684 pdns=5467/0/active/running/ named=0/inactive/dead/ agent=5573/active/ jphase=absent killpid=
05:33:49.004395779 pdns=5467/0/active/running/ named=0/inactive/dead/ agent=5573/active/ jphase=absent killpid=
05:33:49.312464784 pdns=5467/0/active/running/ named=0/inactive/dead/ agent=5573/active/ jphase=absent killpid=
05:33:49.639465596 pdns=5467/0/active/running/ named=0/inactive/dead/ agent=5573/active/ jphase=absent killpid=
05:33:49.969883503 pdns=5467/0/active/running/ named=0/inactive/dead/ agent=5573/active/ jphase=absent killpid=
05:33:50.295124758 pdns=5467/0/active/running/ named=0/inactive/dead/ agent=5573/active/ jphase=absent killpid=
05:33:50.607266337 pdns=5467/0/active/running/ named=0/inactive/dead/ agent=5573/active/ jphase=absent killpid=
05:33:50.916110676 pdns=5467/0/active/running/ named=0/inactive/dead/ agent=5573/active/ jphase=absent killpid=
05:33:51.246539279 pdns=5467/0/active/running/ named=0/inactive/dead/ agent=5573/active/ jphase=absent killpid=
05:33:51.551339169 pdns=5467/0/active/running/ named=0/inactive/dead/ agent=5573/active/ jphase=absent killpid=
05:33:51.857375666 pdns=5467/0/active/running/ named=0/inactive/dead/ agent=5573/active/ jphase=absent killpid=
05:33:52.162680046 pdns=5467/0/active/running/ named=0/inactive/dead/ agent=5573/active/ jphase=absent killpid=
05:33:52.480477395 pdns=5467/0/active/running/ named=0/inactive/dead/ agent=5573/active/ jphase=absent killpid=
05:33:52.807990811 pdns=5467/0/active/running/ named=0/inactive/dead/ agent=5573/active/ jphase=absent killpid=
05:33:53.131147362 pdns=5467/0/active/running/ named=0/inactive/dead/ agent=5573/active/ jphase=absent killpid=
05:33:53.472023458 pdns=5467/0/active/running/ named=0/inactive/dead/ agent=5573/active/ jphase=absent killpid=
05:33:53.786792979 pdns=5467/0/active/running/ named=0/inactive/dead/ agent=5573/active/ jphase=absent killpid=
05:33:54.104027549 pdns=5467/0/active/running/ named=0/inactive/dead/ agent=5573/active/ jphase=absent killpid=
05:33:54.509880971 pdns=5467/0/active/running/ named=0/inactive/dead/ agent=5573/active/ jphase=absent killpid=
05:33:54.834283523 pdns=5467/0/active/running/ named=0/inactive/dead/ agent=5573/active/ jphase=absent killpid=
05:33:55.142860841 pdns=5467/0/active/running/ named=0/inactive/dead/ agent=5573/active/ jphase=absent killpid=
05:33:55.450299139 pdns=5467/0/active/running/ named=0/inactive/dead/ agent=5573/active/ jphase=absent killpid=
05:33:55.767818928 pdns=5467/0/active/running/ named=0/inactive/dead/ agent=5573/active/ jphase=absent killpid=
05:33:56.093684672 pdns=5467/0/active/running/ named=0/inactive/dead/ agent=5573/active/ jphase=absent killpid=
05:33:56.412925280 pdns=5467/0/active/running/ named=0/inactive/dead/ agent=5573/active/ jphase=absent killpid=
05:33:56.739790216 pdns=5467/0/active/running/ named=0/inactive/dead/ agent=5573/active/ jphase=absent killpid=
05:33:57.087035359 pdns=5467/0/active/running/ named=0/inactive/dead/ agent=5573/active/ jphase=absent killpid=
05:33:57.396465217 pdns=5467/0/active/running/ named=0/inactive/dead/ agent=5573/active/ jphase=absent killpid=
05:33:57.748862617 pdns=5467/0/active/running/ named=0/inactive/dead/ agent=5573/active/ jphase=absent killpid=
05:33:58.106893085 pdns=5467/0/active/running/ named=0/inactive/dead/ agent=5573/active/ jphase=absent killpid=
05:33:58.472216013 pdns=5467/0/active/running/ named=0/inactive/dead/ agent=5573/active/ jphase=absent killpid=
05:33:58.837891716 pdns=5467/0/active/running/ named=0/inactive/dead/ agent=5573/active/ jphase=absent killpid=
05:33:59.206206656 pdns=5467/0/active/running/ named=0/inactive/dead/ agent=5573/active/ jphase=absent killpid=
05:33:59.576108511 pdns=5467/0/active/running/ named=0/inactive/dead/ agent=5573/active/ jphase=absent killpid=
05:33:59.915974695 pdns=5467/0/active/running/ named=0/inactive/dead/ agent=5573/active/ jphase=absent killpid=
05:34:00.247557436 pdns=5467/0/active/running/ named=0/inactive/dead/ agent=5573/active/ jphase=absent killpid=
05:34:00.574714502 pdns=5467/0/active/running/ named=0/inactive/dead/ agent=5573/active/ jphase=absent killpid=
05:34:00.878134103 pdns=5467/0/active/running/ named=0/inactive/dead/ agent=5573/active/ jphase=absent killpid=
05:34:01.199275183 pdns=5467/0/active/running/ named=0/inactive/dead/ agent=5573/active/ jphase=absent killpid=
05:34:01.538529720 pdns=5467/0/active/running/ named=0/inactive/dead/ agent=5573/active/ jphase=absent killpid=
05:34:01.853802449 pdns=5467/0/active/running/ named=0/inactive/dead/ agent=5573/active/ jphase=absent killpid=
05:34:02.158922451 pdns=5467/0/active/running/ named=0/inactive/dead/ agent=5573/active/ jphase=absent killpid=
05:34:02.462237414 pdns=5467/0/active/running/ named=0/inactive/dead/ agent=5573/active/ jphase=absent killpid=
05:34:02.780102191 pdns=5467/0/active/running/ named=0/inactive/dead/ agent=5573/active/ jphase=absent killpid=
05:34:03.109648439 pdns=5467/0/active/running/ named=0/inactive/dead/ agent=5573/active/ jphase=absent killpid=
05:34:03.465125321 pdns=5467/0/active/running/ named=0/inactive/dead/ agent=5573/active/ jphase=absent killpid=
05:34:03.793782713 pdns=5467/0/active/running/ named=0/inactive/dead/ agent=5573/active/ jphase=absent killpid=
05:34:04.105535502 pdns=5467/0/active/running/ named=0/inactive/dead/ agent=5573/active/ jphase=absent killpid=
05:34:04.438184201 pdns=5467/0/active/running/ named=0/inactive/dead/ agent=5573/active/ jphase=absent killpid=
05:34:04.774365293 pdns=5467/0/active/running/ named=0/inactive/dead/ agent=5573/active/ jphase=absent killpid=
05:34:05.133373546 pdns=5467/0/active/running/ named=0/inactive/dead/ agent=5573/active/ jphase=absent killpid=
05:34:05.516606014 pdns=5467/0/active/running/ named=0/inactive/dead/ agent=5573/active/ jphase=absent killpid=
05:34:05.839781742 pdns=5467/0/active/running/ named=0/inactive/dead/ agent=5573/active/ jphase=absent killpid=
05:34:06.137566335 pdns=5467/0/active/running/ named=0/inactive/dead/ agent=5573/active/ jphase=absent killpid=
05:34:06.495442457 pdns=5467/0/active/running/ named=0/inactive/dead/ agent=5573/active/ jphase=absent killpid=
05:34:06.834475412 pdns=5467/0/active/running/ named=0/inactive/dead/ agent=5573/active/ jphase=absent killpid=
05:34:07.157411978 pdns=5467/0/active/running/ named=0/inactive/dead/ agent=5573/active/ jphase=absent killpid=
05:34:07.475707034 pdns=5467/0/active/running/ named=0/inactive/dead/ agent=5573/active/ jphase=absent killpid=
05:34:07.818688497 pdns=5467/0/active/running/ named=0/inactive/dead/ agent=5573/active/ jphase=absent killpid=
05:34:08.128482192 pdns=5467/0/active/running/ named=0/inactive/dead/ agent=5573/active/ jphase=absent killpid=
05:34:08.439427647 pdns=5467/0/active/running/ named=0/inactive/dead/ agent=5573/active/ jphase=absent killpid=
05:34:08.776747546 pdns=5467/0/active/running/ named=0/inactive/dead/ agent=5573/active/ jphase=absent killpid=
05:34:09.110903775 pdns=5467/0/active/running/ named=0/inactive/dead/ agent=5573/active/ jphase=absent killpid=
05:34:09.423703623 pdns=5467/0/active/running/ named=0/inactive/dead/ agent=5573/active/ jphase=absent killpid=
05:34:09.725883597 pdns=5467/0/active/running/ named=0/inactive/dead/ agent=5573/active/ jphase=absent killpid=
05:34:10.048539005 pdns=5467/0/active/running/ named=0/inactive/dead/ agent=5573/active/ jphase=absent killpid=
05:34:10.374302133 pdns=5467/0/active/running/ named=0/inactive/dead/ agent=5573/active/ jphase=absent killpid=
05:34:10.670382717 pdns=5467/0/active/running/ named=0/inactive/dead/ agent=5573/active/ jphase=absent killpid=
05:34:10.961354802 pdns=5467/0/active/running/ named=0/inactive/dead/ agent=5573/active/ jphase=absent killpid=
05:34:11.260152937 pdns=5467/0/active/running/ named=0/inactive/dead/ agent=5573/active/ jphase=absent killpid=
05:34:11.558336276 pdns=5467/0/active/running/ named=0/inactive/dead/ agent=5573/active/ jphase=absent killpid=
05:34:11.866523774 pdns=5467/0/active/running/ named=0/inactive/dead/ agent=5573/active/ jphase=absent killpid=
05:34:12.155408305 pdns=5467/0/active/running/ named=0/inactive/dead/ agent=5573/active/ jphase=absent killpid=
05:34:13.609782330 pdns=5467/0/active/running/ named=0/inactive/dead/ agent=5573/active/ jphase=absent killpid=
05:34:13.907701681 pdns=5467/0/active/running/ named=0/inactive/dead/ agent=5573/active/ jphase=absent killpid=
05:34:14.209941831 pdns=5467/0/active/running/ named=0/inactive/dead/ agent=5573/active/ jphase=absent killpid=
05:34:14.499541735 pdns=5467/0/active/running/ named=0/inactive/dead/ agent=5573/active/ jphase=absent killpid=
05:34:14.787455166 pdns=5467/0/active/running/ named=0/inactive/dead/ agent=5573/active/ jphase=absent killpid=
05:34:15.078331437 pdns=5467/0/active/running/ named=0/inactive/dead/ agent=5573/active/ jphase=absent killpid=
05:34:15.369310722 pdns=5467/0/active/running/ named=0/inactive/dead/ agent=5573/active/ jphase=absent killpid=
05:34:15.661040544 pdns=5467/0/active/running/ named=0/inactive/dead/ agent=5573/active/ jphase=absent killpid=
05:34:15.950480759 pdns=5467/0/active/running/ named=0/inactive/dead/ agent=5573/active/ jphase=absent killpid=
05:34:16.237730648 pdns=5467/0/active/running/ named=0/inactive/dead/ agent=5573/active/ jphase=absent killpid=
05:34:16.526596225 pdns=5467/0/active/running/ named=0/inactive/dead/ agent=5573/active/ jphase=absent killpid=
05:34:16.820120499 pdns=5467/0/active/running/ named=0/inactive/dead/ agent=5573/active/ jphase=absent killpid=
05:34:17.111517074 pdns=5467/0/active/running/ named=0/inactive/dead/ agent=5573/active/ jphase=absent killpid=
05:34:17.411872806 pdns=5467/0/active/running/ named=0/inactive/dead/ agent=5573/active/ jphase=absent killpid=
05:34:17.715791005 pdns=5467/0/active/running/ named=0/inactive/dead/ agent=5573/active/ jphase=absent killpid=
05:34:18.018642677 pdns=5467/0/active/running/ named=0/inactive/dead/ agent=5573/active/ jphase=absent killpid=
05:34:18.325875014 pdns=5467/0/active/running/ named=0/inactive/dead/ agent=5573/active/ jphase=absent killpid=
05:34:18.633321688 pdns=5467/0/active/running/ named=0/inactive/dead/ agent=5573/active/ jphase=absent killpid=
05:34:18.936021299 pdns=5467/0/active/running/ named=0/inactive/dead/ agent=5573/active/ jphase=absent killpid=
05:34:19.235264688 pdns=5467/0/active/running/ named=0/inactive/dead/ agent=5573/active/ jphase=absent killpid=
05:34:19.532996271 pdns=5467/0/active/running/ named=0/inactive/dead/ agent=5573/active/ jphase=absent killpid=
05:34:19.826754475 pdns=5467/0/active/running/ named=0/inactive/dead/ agent=5573/active/ jphase=absent killpid=
05:34:20.122728463 pdns=5467/0/active/running/ named=0/inactive/dead/ agent=5573/active/ jphase=absent killpid=
05:34:20.420335247 pdns=5467/0/active/running/ named=0/inactive/dead/ agent=5573/active/ jphase=absent killpid=
05:34:20.703507230 pdns=5467/0/active/running/ named=0/inactive/dead/ agent=5573/active/ jphase=absent killpid=
05:34:20.994963650 pdns=5467/0/active/running/ named=0/inactive/dead/ agent=5573/active/ jphase=absent killpid=
05:34:21.285614048 pdns=5467/0/active/running/ named=0/inactive/dead/ agent=5573/active/ jphase=absent killpid=
05:34:21.570519945 pdns=5467/0/active/running/ named=0/inactive/dead/ agent=5573/active/ jphase=absent killpid=
05:34:21.882900412 pdns=5467/0/active/running/ named=0/inactive/dead/ agent=5573/active/ jphase=absent killpid=
05:34:22.179529987 pdns=5467/0/active/running/ named=0/inactive/dead/ agent=5573/active/ jphase=absent killpid=
05:34:22.481999324 pdns=5467/0/active/running/ named=0/inactive/dead/ agent=5573/active/ jphase=absent killpid=
05:34:22.775328625 pdns=5467/0/active/running/ named=0/inactive/dead/ agent=5573/active/ jphase=absent killpid=
05:34:23.062563538 pdns=5467/0/active/running/ named=0/inactive/dead/ agent=5573/active/ jphase=absent killpid=
05:34:23.350866245 pdns=5467/0/active/running/ named=0/inactive/dead/ agent=5573/active/ jphase=absent killpid=
05:34:23.635761846 pdns=5467/0/active/running/ named=0/inactive/dead/ agent=5573/active/ jphase=absent killpid=
05:34:23.932922227 pdns=5467/0/active/running/ named=0/inactive/dead/ agent=5573/active/ jphase=absent killpid=
05:34:24.235441723 pdns=5467/0/active/running/ named=0/inactive/dead/ agent=5573/active/ jphase=absent killpid=
05:34:24.535139900 pdns=5467/0/active/running/ named=0/inactive/dead/ agent=5573/active/ jphase=absent killpid=
05:34:24.839017455 pdns=5467/0/active/running/ named=0/inactive/dead/ agent=5573/active/ jphase=absent killpid=
05:34:25.150260205 pdns=5467/0/active/running/ named=0/inactive/dead/ agent=5573/active/ jphase=absent killpid=
05:34:25.441830028 pdns=5467/0/active/running/ named=0/inactive/dead/ agent=5573/active/ jphase=absent killpid=
05:34:25.744164763 pdns=5467/0/active/running/ named=0/inactive/dead/ agent=5573/active/ jphase=absent killpid=
05:34:26.051139781 pdns=5467/0/active/running/ named=0/inactive/dead/ agent=5573/active/ jphase=absent killpid=
05:34:26.348855307 pdns=5467/0/active/running/ named=0/inactive/dead/ agent=5573/active/ jphase=absent killpid=
05:34:26.648634544 pdns=5467/0/active/running/ named=0/inactive/dead/ agent=5573/active/ jphase=absent killpid=
05:34:26.943603743 pdns=5467/0/active/running/ named=0/inactive/dead/ agent=5573/active/ jphase=absent killpid=
05:34:27.262384475 pdns=5467/0/active/running/ named=0/inactive/dead/ agent=5573/active/ jphase=absent killpid=
05:34:27.550358367 pdns=5467/0/active/running/ named=0/inactive/dead/ agent=5573/active/ jphase=absent killpid=
05:34:27.839937040 pdns=5467/0/active/running/ named=0/inactive/dead/ agent=5573/active/ jphase=absent killpid=
05:34:28.136301405 pdns=5467/0/active/running/ named=0/inactive/dead/ agent=5573/active/ jphase=absent killpid=
05:34:28.430464721 pdns=5467/0/active/running/ named=0/inactive/dead/ agent=5573/active/ jphase=absent killpid=
05:34:28.730871694 pdns=5467/0/active/running/ named=0/inactive/dead/ agent=5573/active/ jphase=absent killpid=
05:34:29.027320734 pdns=5467/0/active/running/ named=0/inactive/dead/ agent=5573/active/ jphase=absent killpid=
05:34:29.330273525 pdns=5467/0/active/running/ named=0/inactive/dead/ agent=5573/active/ jphase=absent killpid=
05:34:29.627928467 pdns=5467/0/active/running/ named=0/inactive/dead/ agent=5573/active/ jphase=absent killpid=
05:34:29.921502708 pdns=5467/0/active/running/ named=0/inactive/dead/ agent=5573/active/ jphase=absent killpid=
05:34:30.209437645 pdns=5467/0/active/running/ named=0/inactive/dead/ agent=5573/active/ jphase=absent killpid=
05:34:30.499204454 pdns=5467/0/active/running/ named=0/inactive/dead/ agent=5573/active/ jphase=absent killpid=
05:34:30.786320636 pdns=5467/0/active/running/ named=0/inactive/dead/ agent=5573/active/ jphase=absent killpid=
05:34:31.079811591 pdns=5467/0/active/running/ named=0/inactive/dead/ agent=5573/active/ jphase=absent killpid=
05:34:31.384745994 pdns=5467/0/active/running/ named=0/inactive/dead/ agent=5573/active/ jphase=absent killpid=
05:34:31.695358833 pdns=5467/0/active/running/ named=0/inactive/dead/ agent=5573/active/ jphase=absent killpid=
05:34:31.983966974 pdns=5467/0/active/running/ named=0/inactive/dead/ agent=5573/active/ jphase=absent killpid=
05:34:32.270688239 pdns=5467/0/active/running/ named=0/inactive/dead/ agent=5573/active/ jphase=absent killpid=
05:34:32.566983653 pdns=5467/0/active/running/ named=0/inactive/dead/ agent=5573/active/ jphase=absent killpid=
05:34:32.857638066 pdns=5467/0/active/running/ named=0/inactive/dead/ agent=5573/active/ jphase=absent killpid=
05:34:33.145519757 pdns=5467/0/active/running/ named=0/inactive/dead/ agent=5573/active/ jphase=absent killpid=
05:34:33.436976951 pdns=5467/0/active/running/ named=0/inactive/dead/ agent=5573/active/ jphase=absent killpid=
05:34:33.736180085 pdns=5467/0/active/running/ named=0/inactive/dead/ agent=5573/active/ jphase=absent killpid=
05:34:34.029978141 pdns=5467/0/active/running/ named=0/inactive/dead/ agent=5573/active/ jphase=absent killpid=
05:34:34.323933909 pdns=5467/0/active/running/ named=0/inactive/dead/ agent=5573/active/ jphase=absent killpid=
05:34:34.611423064 pdns=5467/0/active/running/ named=0/inactive/dead/ agent=5573/active/ jphase=absent killpid=
05:34:34.905651926 pdns=5467/0/active/running/ named=0/inactive/dead/ agent=5573/active/ jphase=absent killpid=
05:34:35.207878887 pdns=5467/0/active/running/ named=0/inactive/dead/ agent=5573/active/ jphase=absent killpid=
05:34:35.497961063 pdns=5467/0/active/running/ named=0/inactive/dead/ agent=5573/active/ jphase=absent killpid=
05:34:35.790536292 pdns=5467/0/active/running/ named=0/inactive/dead/ agent=5573/active/ jphase=absent killpid=
05:34:36.086269837 pdns=5467/0/active/running/ named=0/inactive/dead/ agent=5573/active/ jphase=absent killpid=
05:34:36.375699645 pdns=5467/0/active/running/ named=0/inactive/dead/ agent=5573/active/ jphase=absent killpid=
05:34:36.663214528 pdns=5467/0/active/running/ named=0/inactive/dead/ agent=5573/active/ jphase=absent killpid=
05:34:37.198535316 pdns=5467/0/active/running/ named=0/inactive/dead/ agent=5573/active/ jphase=absent killpid=
05:34:37.495756202 pdns=5467/0/active/running/ named=0/inactive/dead/ agent=5573/active/ jphase=absent killpid=
05:34:37.782655788 pdns=5467/0/active/running/ named=0/inactive/dead/ agent=5573/active/ jphase=absent killpid=
05:34:38.070580363 pdns=5467/0/active/running/ named=0/inactive/dead/ agent=5573/active/ jphase=absent killpid=
05:34:38.356904119 pdns=5467/0/active/running/ named=0/inactive/dead/ agent=5573/active/ jphase=absent killpid=
05:34:38.643921738 pdns=5467/0/active/running/ named=0/inactive/dead/ agent=5573/active/ jphase=absent killpid=
05:34:38.935281775 pdns=5467/0/active/running/ named=0/inactive/dead/ agent=5573/active/ jphase=absent killpid=
05:34:39.227465603 pdns=5467/0/active/running/ named=0/inactive/dead/ agent=5573/active/ jphase=absent killpid=
05:34:39.528744152 pdns=5467/0/active/running/ named=0/inactive/dead/ agent=5573/active/ jphase=absent killpid=
05:34:39.840828639 pdns=5467/0/active/running/ named=0/inactive/dead/ agent=5573/active/ jphase=absent killpid=
05:34:40.129660232 pdns=5467/0/active/running/ named=0/inactive/dead/ agent=5573/active/ jphase=absent killpid=
05:34:40.421490545 pdns=5467/0/active/running/ named=0/inactive/dead/ agent=5573/active/ jphase=absent killpid=
05:34:40.710223595 pdns=5467/0/active/running/ named=0/inactive/dead/ agent=5573/active/ jphase=absent killpid=
05:34:41.009218910 pdns=5467/0/active/running/ named=0/inactive/dead/ agent=5573/active/ jphase=absent killpid=
05:34:41.304116200 pdns=5467/0/active/running/ named=0/inactive/dead/ agent=5573/active/ jphase=absent killpid=
05:34:41.597773296 pdns=5467/0/active/running/ named=0/inactive/dead/ agent=5573/active/ jphase=absent killpid=
05:34:41.903530247 pdns=5467/0/active/running/ named=0/inactive/dead/ agent=5573/active/ jphase=absent killpid=
05:34:42.192586007 pdns=5467/0/active/running/ named=0/inactive/dead/ agent=5573/active/ jphase=absent killpid=
05:34:42.484062917 pdns=5467/0/active/running/ named=0/inactive/dead/ agent=5573/active/ jphase=absent killpid=
05:34:42.779200057 pdns=5467/0/active/running/ named=0/inactive/dead/ agent=5573/active/ jphase=absent killpid=
05:34:43.072690829 pdns=5467/0/active/running/ named=0/inactive/dead/ agent=5573/active/ jphase=absent killpid=
05:34:43.361653410 pdns=5467/0/active/running/ named=0/inactive/dead/ agent=5573/active/ jphase=absent killpid=
05:34:43.651115461 pdns=5467/0/active/running/ named=0/inactive/dead/ agent=5573/active/ jphase=absent killpid=
05:34:43.938487170 pdns=5467/0/active/running/ named=0/inactive/dead/ agent=5573/active/ jphase=absent killpid=
05:34:44.232781770 pdns=5467/0/active/running/ named=0/inactive/dead/ agent=5573/active/ jphase=absent killpid=
05:34:44.535338475 pdns=5467/0/active/running/ named=0/inactive/dead/ agent=5573/active/ jphase=absent killpid=
05:34:44.822136863 pdns=5467/0/active/running/ named=0/inactive/dead/ agent=5573/active/ jphase=absent killpid=
05:34:45.116331073 pdns=5467/0/active/running/ named=0/inactive/dead/ agent=5573/active/ jphase=absent killpid=
05:34:45.408574869 pdns=5467/0/active/running/ named=0/inactive/dead/ agent=5573/active/ jphase=absent killpid=
05:34:45.702734537 pdns=5467/0/active/running/ named=0/inactive/dead/ agent=5573/active/ jphase=absent killpid=
05:34:45.991470744 pdns=5467/0/active/running/ named=0/inactive/dead/ agent=5573/active/ jphase=absent killpid=
05:34:46.287360398 pdns=5467/0/active/running/ named=0/inactive/dead/ agent=5573/active/ jphase=absent killpid=
05:34:46.589609895 pdns=5467/0/active/running/ named=0/inactive/dead/ agent=5573/active/ jphase=absent killpid=
05:34:46.890200719 pdns=5467/0/active/running/ named=0/inactive/dead/ agent=5573/active/ jphase=absent killpid=
05:34:47.192508482 pdns=5467/0/active/running/ named=0/inactive/dead/ agent=5573/active/ jphase=absent killpid=
05:34:47.480173213 pdns=5467/0/active/running/ named=0/inactive/dead/ agent=5573/active/ jphase=absent killpid=
05:34:47.781340391 pdns=5467/0/active/running/ named=0/inactive/dead/ agent=5573/active/ jphase=absent killpid=
05:34:48.071504605 pdns=5467/0/active/running/ named=0/inactive/dead/ agent=5573/active/ jphase=absent killpid=
05:34:48.359622824 pdns=5467/0/active/running/ named=0/inactive/dead/ agent=5573/active/ jphase=absent killpid=
05:34:48.653391288 pdns=5467/0/active/running/ named=0/inactive/dead/ agent=5573/active/ jphase=absent killpid=
05:34:48.944225825 pdns=5467/0/active/running/ named=0/inactive/dead/ agent=5573/active/ jphase=absent killpid=
05:34:49.233216309 pdns=5467/0/active/running/ named=0/inactive/dead/ agent=5573/active/ jphase=absent killpid=
05:34:49.524653100 pdns=5467/0/active/running/ named=0/inactive/dead/ agent=5573/active/ jphase=absent killpid=
05:34:49.811606753 pdns=5467/0/active/running/ named=0/inactive/dead/ agent=5573/active/ jphase=absent killpid=
05:34:50.111736972 pdns=5467/0/active/running/ named=0/inactive/dead/ agent=5573/active/ jphase=absent killpid=
05:34:50.406689801 pdns=5467/0/active/running/ named=0/inactive/dead/ agent=5573/active/ jphase=absent killpid=
05:34:50.705375032 pdns=5467/0/active/running/ named=0/inactive/dead/ agent=5573/active/ jphase=absent killpid=
05:34:50.990393749 pdns=5467/0/active/running/ named=0/inactive/dead/ agent=5573/active/ jphase=absent killpid=
05:34:51.278771166 pdns=5467/0/active/running/ named=0/inactive/dead/ agent=5573/active/ jphase=absent killpid=
05:34:51.569285521 pdns=5467/0/active/running/ named=0/inactive/dead/ agent=5573/active/ jphase=absent killpid=
05:34:51.859593672 pdns=5467/0/active/running/ named=0/inactive/dead/ agent=5573/active/ jphase=absent killpid=
05:34:52.151777232 pdns=5467/0/active/running/ named=0/inactive/dead/ agent=5573/active/ jphase=absent killpid=
05:34:52.447617228 pdns=5467/0/active/running/ named=0/inactive/dead/ agent=5573/active/ jphase=absent killpid=
05:34:52.744975878 pdns=5467/0/active/running/ named=0/inactive/dead/ agent=5573/active/ jphase=absent killpid=
05:34:53.032285462 pdns=5467/0/active/running/ named=0/inactive/dead/ agent=5573/active/ jphase=absent killpid=
05:34:53.332403968 pdns=5467/0/active/running/ named=0/inactive/dead/ agent=5573/active/ jphase=absent killpid=
05:34:53.644134612 pdns=5467/0/active/running/ named=0/inactive/dead/ agent=5573/active/ jphase=absent killpid=
05:34:53.971280928 pdns=5467/0/active/running/ named=0/inactive/dead/ agent=5573/active/ jphase=absent killpid=
05:34:54.321652438 pdns=5467/0/active/running/ named=0/inactive/dead/ agent=5573/active/ jphase=absent killpid=
05:34:54.662309614 pdns=5467/0/active/running/ named=0/inactive/dead/ agent=5573/active/ jphase=absent killpid=
05:34:54.971593627 pdns=5467/0/active/running/ named=0/inactive/dead/ agent=5573/active/ jphase=absent killpid=
05:34:55.291293043 pdns=5467/0/active/running/ named=0/inactive/dead/ agent=5573/active/ jphase=absent killpid=
05:34:55.593274531 pdns=5467/0/active/running/ named=0/inactive/dead/ agent=5573/active/ jphase=absent killpid=
05:34:55.931580298 pdns=5467/0/active/running/ named=0/inactive/dead/ agent=5573/active/ jphase=absent killpid=
05:34:56.246768016 pdns=5467/0/active/running/ named=0/inactive/dead/ agent=5573/active/ jphase=absent killpid=
05:34:56.547052664 pdns=5467/0/active/running/ named=0/inactive/dead/ agent=5573/active/ jphase=absent killpid=
05:34:56.850884976 pdns=5467/0/active/running/ named=0/inactive/dead/ agent=5573/active/ jphase=absent killpid=
05:34:57.167991417 pdns=5467/0/active/running/ named=0/inactive/dead/ agent=5573/active/ jphase=absent killpid=
05:34:57.475967521 pdns=5467/0/active/running/ named=0/inactive/dead/ agent=5573/active/ jphase=absent killpid=
05:34:57.833504826 pdns=5467/0/active/running/ named=0/inactive/dead/ agent=5573/active/ jphase=absent killpid=
05:34:58.184364383 pdns=5467/0/active/running/ named=0/inactive/dead/ agent=5573/active/ jphase=absent killpid=
05:34:58.501294556 pdns=5467/0/active/running/ named=0/inactive/dead/ agent=5573/active/ jphase=absent killpid=
05:34:58.880076161 pdns=5467/0/active/running/ named=0/inactive/dead/ agent=5573/active/ jphase=absent killpid=
05:34:59.204244896 pdns=5467/0/active/running/ named=0/inactive/dead/ agent=5573/active/ jphase=absent killpid=
05:34:59.567595182 pdns=5467/0/active/running/ named=0/inactive/dead/ agent=5573/active/ jphase=absent killpid=
05:34:59.944674419 pdns=5467/0/active/running/ named=0/inactive/dead/ agent=5573/active/ jphase=absent killpid=
05:35:00.294557940 pdns=5467/0/active/running/ named=0/inactive/dead/ agent=5573/active/ jphase=absent killpid=
05:35:00.687250201 pdns=5467/0/active/running/ named=0/inactive/dead/ agent=5573/active/ jphase=absent killpid=
05:35:01.574224974 pdns=5467/0/active/running/ named=0/inactive/dead/ agent=5573/active/ jphase=absent killpid=
05:35:02.218842395 pdns=5467/0/active/running/ named=0/inactive/dead/ agent=5573/active/ jphase=absent killpid=
05:35:02.560465220 pdns=5467/0/active/running/ named=0/inactive/dead/ agent=5573/active/ jphase=absent killpid=
05:35:02.891749791 pdns=5467/0/active/running/ named=0/inactive/dead/ agent=5573/active/ jphase=absent killpid=
05:35:03.198451178 pdns=5467/0/active/running/ named=0/inactive/dead/ agent=5573/active/ jphase=absent killpid=
05:35:03.509580376 pdns=5467/0/active/running/ named=0/inactive/dead/ agent=5573/active/ jphase=absent killpid=
05:35:03.824912013 pdns=5467/0/active/running/ named=0/inactive/dead/ agent=5573/active/ jphase=absent killpid=
05:35:04.131583344 pdns=5467/0/active/running/ named=0/inactive/dead/ agent=5573/active/ jphase=absent killpid=
05:35:04.441496701 pdns=5467/0/active/running/ named=0/inactive/dead/ agent=5573/active/ jphase=absent killpid=
05:35:04.792114846 pdns=5467/0/active/running/ named=0/inactive/dead/ agent=5573/active/ jphase=absent killpid=
05:35:05.104618757 pdns=5467/0/active/running/ named=0/inactive/dead/ agent=5573/active/ jphase=absent killpid=
05:35:05.407587593 pdns=5467/0/active/running/ named=0/inactive/dead/ agent=5573/active/ jphase=absent killpid=
05:35:05.706612633 pdns=5467/0/active/running/ named=0/inactive/dead/ agent=5573/active/ jphase=absent killpid=
05:35:06.005218398 pdns=5467/0/active/running/ named=0/inactive/dead/ agent=5573/active/ jphase=absent killpid=
05:35:06.322946164 pdns=5467/0/active/running/ named=0/inactive/dead/ agent=5573/active/ jphase=absent killpid=
05:35:06.638377239 pdns=5467/0/active/running/ named=0/inactive/dead/ agent=5573/active/ jphase=absent killpid=
05:35:06.956424819 pdns=5467/0/active/running/ named=0/inactive/dead/ agent=5573/active/ jphase=absent killpid=
05:35:07.273505315 pdns=5467/0/active/running/ named=0/inactive/dead/ agent=5573/active/ jphase=absent killpid=
05:35:07.584935195 pdns=5467/0/active/running/ named=0/inactive/dead/ agent=5573/active/ jphase=absent killpid=
05:35:07.890200928 pdns=5467/0/active/running/ named=0/inactive/dead/ agent=5573/active/ jphase=absent killpid=
05:35:08.191901227 pdns=5467/0/active/running/ named=0/inactive/dead/ agent=5573/active/ jphase=absent killpid=
05:35:08.495458256 pdns=5467/0/active/running/ named=0/inactive/dead/ agent=5573/active/ jphase=absent killpid=
05:35:08.805280070 pdns=5467/0/active/running/ named=0/inactive/dead/ agent=5573/active/ jphase=absent killpid=
05:35:09.112539176 pdns=5467/0/active/running/ named=0/inactive/dead/ agent=5573/active/ jphase=absent killpid=
05:35:09.427440042 pdns=5467/0/active/running/ named=0/inactive/dead/ agent=5573/active/ jphase=absent killpid=
05:35:09.730795510 pdns=5467/0/active/running/ named=0/inactive/dead/ agent=5573/active/ jphase=absent killpid=
05:35:10.033361796 pdns=5467/0/active/running/ named=0/inactive/dead/ agent=5573/active/ jphase=absent killpid=
05:35:10.336312984 pdns=5467/0/active/running/ named=0/inactive/dead/ agent=5573/active/ jphase=absent killpid=
05:35:10.639662904 pdns=5467/0/active/running/ named=0/inactive/dead/ agent=5573/active/ jphase=absent killpid=
05:35:11.176217640 pdns=5467/0/active/running/ named=0/inactive/dead/ agent=5573/active/ jphase=absent killpid=
05:35:12.848119847 pdns=5467/0/active/running/ named=0/inactive/dead/ agent=5573/active/ jphase=absent killpid=
05:35:13.151416589 pdns=5467/0/active/running/ named=0/inactive/dead/ agent=5573/active/ jphase=absent killpid=
05:35:13.454252072 pdns=5467/0/active/running/ named=0/inactive/dead/ agent=5573/active/ jphase=absent killpid=
05:35:13.756063651 pdns=5467/0/active/running/ named=0/inactive/dead/ agent=5573/active/ jphase=absent killpid=
05:35:14.050862738 pdns=5467/0/active/running/ named=0/inactive/dead/ agent=5573/active/ jphase=absent killpid=
05:35:14.356673038 pdns=5467/0/active/running/ named=0/inactive/dead/ agent=5573/active/ jphase=absent killpid=
05:35:14.656798013 pdns=5467/0/active/running/ named=0/inactive/dead/ agent=5573/active/ jphase=absent killpid=
05:35:14.964739421 pdns=5467/0/active/running/ named=0/inactive/dead/ agent=5573/active/ jphase=absent killpid=
05:35:15.266645887 pdns=5467/0/active/running/ named=0/inactive/dead/ agent=5573/active/ jphase=absent killpid=
05:35:15.572090325 pdns=5467/0/active/running/ named=0/inactive/dead/ agent=5573/active/ jphase=absent killpid=
05:35:15.894007290 pdns=5467/0/active/running/ named=0/inactive/dead/ agent=5573/active/ jphase=absent killpid=
05:35:16.190204686 pdns=5467/0/active/running/ named=0/inactive/dead/ agent=5573/active/ jphase=absent killpid=
05:35:16.494780270 pdns=5467/0/active/running/ named=0/inactive/dead/ agent=5573/active/ jphase=absent killpid=
05:35:16.794452819 pdns=5467/0/active/running/ named=0/inactive/dead/ agent=5573/active/ jphase=absent killpid=
05:35:17.092245397 pdns=5467/0/active/running/ named=0/inactive/dead/ agent=5573/active/ jphase=absent killpid=
05:35:17.390643033 pdns=5467/0/active/running/ named=0/inactive/dead/ agent=5573/active/ jphase=absent killpid=
05:35:17.697447498 pdns=5467/0/active/running/ named=0/inactive/dead/ agent=5573/active/ jphase=absent killpid=
05:35:18.020366960 pdns=5467/0/active/running/ named=0/inactive/dead/ agent=5573/active/ jphase=absent killpid=
05:35:18.318245550 pdns=5467/0/active/running/ named=0/inactive/dead/ agent=5573/active/ jphase=absent killpid=
05:35:18.622966967 pdns=5467/0/active/running/ named=0/inactive/dead/ agent=5573/active/ jphase=absent killpid=
05:35:18.933196067 pdns=5467/0/active/running/ named=0/inactive/dead/ agent=5573/active/ jphase=absent killpid=
05:35:19.244911271 pdns=5467/0/active/running/ named=0/inactive/dead/ agent=5573/active/ jphase=absent killpid=
05:35:19.546649592 pdns=5467/0/active/running/ named=0/inactive/dead/ agent=5573/active/ jphase=absent killpid=
05:35:19.846494154 pdns=5467/0/active/running/ named=0/inactive/dead/ agent=5573/active/ jphase=absent killpid=
05:35:20.152369160 pdns=5467/0/active/running/ named=0/inactive/dead/ agent=5573/active/ jphase=absent killpid=
05:35:20.447317143 pdns=5467/0/active/running/ named=0/inactive/dead/ agent=5573/active/ jphase=absent killpid=
05:35:20.747418001 pdns=5467/0/active/running/ named=0/inactive/dead/ agent=5573/active/ jphase=absent killpid=
05:35:21.063930026 pdns=5467/0/active/running/ named=0/inactive/dead/ agent=5573/active/ jphase=absent killpid=
05:35:21.369699127 pdns=5467/0/active/running/ named=0/inactive/dead/ agent=5573/active/ jphase=absent killpid=
05:35:21.675134829 pdns=5467/0/active/running/ named=0/inactive/dead/ agent=5573/active/ jphase=absent killpid=
05:35:21.975417164 pdns=5467/0/active/running/ named=0/inactive/dead/ agent=5573/active/ jphase=absent killpid=
05:35:22.289608972 pdns=5467/0/active/running/ named=0/inactive/dead/ agent=5573/active/ jphase=absent killpid=
05:35:22.616821135 pdns=5467/0/active/running/ named=0/inactive/dead/ agent=5573/active/ jphase=absent killpid=
05:35:22.926194542 pdns=5467/0/active/running/ named=0/inactive/dead/ agent=5573/active/ jphase=absent killpid=
05:35:23.240030656 pdns=5467/0/active/running/ named=0/inactive/dead/ agent=5573/active/ jphase=absent killpid=
05:35:23.555604830 pdns=5467/0/active/running/ named=0/inactive/dead/ agent=5573/active/ jphase=absent killpid=
05:35:23.859194660 pdns=5467/0/active/running/ named=0/inactive/dead/ agent=5573/active/ jphase=absent killpid=
05:35:24.157868501 pdns=5467/0/active/running/ named=0/inactive/dead/ agent=5573/active/ jphase=absent killpid=
05:35:24.465681527 pdns=5467/0/active/running/ named=0/inactive/dead/ agent=5573/active/ jphase=absent killpid=
05:35:24.775360037 pdns=5467/0/active/running/ named=0/inactive/dead/ agent=5573/active/ jphase=absent killpid=
05:35:25.100799665 pdns=5467/0/active/running/ named=0/inactive/dead/ agent=5573/active/ jphase=absent killpid=
05:35:25.398966306 pdns=5467/0/active/running/ named=0/inactive/dead/ agent=5573/active/ jphase=absent killpid=
05:35:25.710004344 pdns=5467/0/active/running/ named=0/inactive/dead/ agent=5573/active/ jphase=absent killpid=
05:35:26.007327965 pdns=5467/0/active/running/ named=0/inactive/dead/ agent=5573/active/ jphase=absent killpid=
05:35:26.307185962 pdns=5467/0/active/running/ named=0/inactive/dead/ agent=5573/active/ jphase=absent killpid=
05:35:26.603912611 pdns=5467/0/active/running/ named=0/inactive/dead/ agent=5573/active/ jphase=absent killpid=
05:35:26.907835197 pdns=5467/0/active/running/ named=0/inactive/dead/ agent=5573/active/ jphase=absent killpid=
05:35:27.231139573 pdns=5467/0/active/running/ named=0/inactive/dead/ agent=5573/active/ jphase=absent killpid=
05:35:27.534177049 pdns=5467/0/active/running/ named=0/inactive/dead/ agent=5573/active/ jphase=absent killpid=
05:35:27.840465874 pdns=5467/0/active/running/ named=0/inactive/dead/ agent=5573/active/ jphase=absent killpid=
05:35:28.159225688 pdns=5467/0/active/running/ named=0/inactive/dead/ agent=5573/active/ jphase=absent killpid=
05:35:28.459468569 pdns=5467/0/active/running/ named=0/inactive/dead/ agent=5573/active/ jphase=absent killpid=
05:35:28.761749812 pdns=5467/0/active/running/ named=0/inactive/dead/ agent=5573/active/ jphase=absent killpid=
05:35:29.058480871 pdns=5467/0/active/running/ named=0/inactive/dead/ agent=5573/active/ jphase=absent killpid=
05:35:29.356404008 pdns=5467/0/active/running/ named=0/inactive/dead/ agent=5573/active/ jphase=absent killpid=
05:35:29.656876223 pdns=5467/0/active/running/ named=0/inactive/dead/ agent=5573/active/ jphase=absent killpid=
05:35:29.966739987 pdns=5467/0/active/running/ named=0/inactive/dead/ agent=5573/active/ jphase=absent killpid=
05:35:30.271899835 pdns=5467/0/active/running/ named=0/inactive/dead/ agent=5573/active/ jphase=absent killpid=
05:35:30.568756232 pdns=5467/0/active/running/ named=0/inactive/dead/ agent=5573/active/ jphase=absent killpid=
05:35:30.870348703 pdns=5467/0/active/running/ named=0/inactive/dead/ agent=5573/active/ jphase=absent killpid=
05:35:31.183170526 pdns=5467/0/active/running/ named=0/inactive/dead/ agent=5573/active/ jphase=absent killpid=
05:35:31.504985621 pdns=5467/0/active/running/ named=0/inactive/dead/ agent=5573/active/ jphase=absent killpid=
05:35:31.830359720 pdns=5467/0/active/running/ named=0/inactive/dead/ agent=5573/active/ jphase=absent killpid=
05:35:32.144199267 pdns=5467/0/active/running/ named=0/inactive/dead/ agent=5573/active/ jphase=absent killpid=
05:35:32.455538778 pdns=5467/0/active/running/ named=0/inactive/dead/ agent=5573/active/ jphase=absent killpid=
05:35:32.759594166 pdns=5467/0/active/running/ named=0/inactive/dead/ agent=5573/active/ jphase=absent killpid=
05:35:33.064763902 pdns=5467/0/active/running/ named=0/inactive/dead/ agent=5573/active/ jphase=absent killpid=
05:35:33.373123561 pdns=5467/0/active/running/ named=0/inactive/dead/ agent=5573/active/ jphase=absent killpid=
05:35:33.688274925 pdns=5467/0/active/running/ named=0/inactive/dead/ agent=5573/active/ jphase=absent killpid=
05:35:33.996023521 pdns=5467/0/active/running/ named=0/inactive/dead/ agent=5573/active/ jphase=absent killpid=
05:35:34.313582490 pdns=5467/0/active/running/ named=0/inactive/dead/ agent=5573/active/ jphase=absent killpid=
05:35:34.620758301 pdns=5467/0/active/running/ named=0/inactive/dead/ agent=5573/active/ jphase=absent killpid=
05:35:34.919253898 pdns=5467/0/active/running/ named=0/inactive/dead/ agent=5573/active/ jphase=absent killpid=
05:35:35.227113415 pdns=5467/0/active/running/ named=0/inactive/dead/ agent=5573/active/ jphase=absent killpid=
05:35:35.552330791 pdns=5467/0/active/running/ named=0/inactive/dead/ agent=5573/active/ jphase=absent killpid=
05:35:35.885004943 pdns=5467/0/active/running/ named=0/inactive/dead/ agent=5573/active/ jphase=absent killpid=
05:35:36.193400046 pdns=5467/0/active/running/ named=0/inactive/dead/ agent=5573/active/ jphase=absent killpid=
05:35:36.501854778 pdns=5467/0/active/running/ named=0/inactive/dead/ agent=5573/active/ jphase=absent killpid=
05:35:36.800244473 pdns=5467/0/active/running/ named=0/inactive/dead/ agent=5573/active/ jphase=absent killpid=
05:35:37.095572238 pdns=5467/0/active/running/ named=0/inactive/dead/ agent=5573/active/ jphase=absent killpid=
05:35:37.399225686 pdns=5467/0/active/running/ named=0/inactive/dead/ agent=5573/active/ jphase=absent killpid=
05:35:37.700265016 pdns=5467/0/active/running/ named=0/inactive/dead/ agent=5573/active/ jphase=absent killpid=
05:35:38.000701215 pdns=5467/0/active/running/ named=0/inactive/dead/ agent=5573/active/ jphase=absent killpid=
05:35:38.300072131 pdns=5467/0/active/running/ named=0/inactive/dead/ agent=5573/active/ jphase=absent killpid=
05:35:38.598706788 pdns=5467/0/active/running/ named=0/inactive/dead/ agent=5573/active/ jphase=absent killpid=
05:35:38.897856685 pdns=5467/0/active/running/ named=0/inactive/dead/ agent=5573/active/ jphase=absent killpid=
05:35:39.196090679 pdns=5467/0/active/running/ named=0/inactive/dead/ agent=5573/active/ jphase=absent killpid=
05:35:39.497668436 pdns=5467/0/active/running/ named=0/inactive/dead/ agent=5573/active/ jphase=absent killpid=
05:35:39.805727039 pdns=5467/0/active/running/ named=0/inactive/dead/ agent=5573/active/ jphase=absent killpid=
05:35:40.104010486 pdns=5467/0/active/running/ named=0/inactive/dead/ agent=5573/active/ jphase=absent killpid=
05:35:40.416535046 pdns=5467/0/active/running/ named=0/inactive/dead/ agent=5573/active/ jphase=absent killpid=
05:35:40.725835556 pdns=5467/0/active/running/ named=0/inactive/dead/ agent=5573/active/ jphase=absent killpid=
05:35:41.035955019 pdns=5467/0/active/running/ named=0/inactive/dead/ agent=5573/active/ jphase=absent killpid=
05:35:41.336354569 pdns=5467/0/active/running/ named=0/inactive/dead/ agent=5573/active/ jphase=absent killpid=
05:35:41.642325687 pdns=5467/0/active/running/ named=0/inactive/dead/ agent=5573/active/ jphase=absent killpid=
05:35:41.965618341 pdns=5467/0/active/running/ named=0/inactive/dead/ agent=5573/active/ jphase=absent killpid=
05:35:42.280095248 pdns=5467/0/active/running/ named=0/inactive/dead/ agent=5573/active/ jphase=absent killpid=
05:35:42.593693552 pdns=5467/0/active/running/ named=0/inactive/dead/ agent=5573/active/ jphase=absent killpid=
05:35:42.907724740 pdns=5467/0/active/running/ named=0/inactive/dead/ agent=5573/active/ jphase=absent killpid=
05:35:43.217652056 pdns=5467/0/active/running/ named=0/inactive/dead/ agent=5573/active/ jphase=absent killpid=
05:35:43.568333056 pdns=5467/0/active/running/ named=0/inactive/dead/ agent=5573/active/ jphase=absent killpid=
05:35:43.883756936 pdns=5467/0/active/running/ named=0/inactive/dead/ agent=5573/active/ jphase=absent killpid=
05:35:44.200792010 pdns=5467/0/active/running/ named=0/inactive/dead/ agent=5573/active/ jphase=absent killpid=
05:35:44.526905354 pdns=5467/0/active/running/ named=0/inactive/dead/ agent=5573/active/ jphase=absent killpid=
05:35:44.874128040 pdns=5467/0/active/running/ named=0/inactive/dead/ agent=5573/active/ jphase=absent killpid=
05:35:45.224324874 pdns=5467/0/active/running/ named=0/inactive/dead/ agent=5573/active/ jphase=absent killpid=
05:35:45.568302938 pdns=5467/0/active/running/ named=0/inactive/dead/ agent=5573/active/ jphase=absent killpid=
05:35:45.878677502 pdns=5467/0/active/running/ named=0/inactive/dead/ agent=5573/active/ jphase=absent killpid=
05:35:46.189572080 pdns=5467/0/active/running/ named=0/inactive/dead/ agent=5573/active/ jphase=absent killpid=
05:35:46.506641861 pdns=5467/0/active/running/ named=0/inactive/dead/ agent=5573/active/ jphase=absent killpid=
05:35:46.812293019 pdns=5467/0/active/running/ named=0/inactive/dead/ agent=5573/active/ jphase=absent killpid=
05:35:47.121635908 pdns=5467/0/active/running/ named=0/inactive/dead/ agent=5573/active/ jphase=absent killpid=
05:35:47.437692762 pdns=5467/0/active/running/ named=0/inactive/dead/ agent=5573/active/ jphase=absent killpid=
05:35:47.747454705 pdns=5467/0/active/running/ named=0/inactive/dead/ agent=5573/active/ jphase=absent killpid=
05:35:48.056362664 pdns=5467/0/active/running/ named=0/inactive/dead/ agent=5573/active/ jphase=absent killpid=
05:35:48.369164384 pdns=5467/0/active/running/ named=0/inactive/dead/ agent=5573/active/ jphase=absent killpid=
05:35:48.684112702 pdns=5467/0/active/running/ named=0/inactive/dead/ agent=5573/active/ jphase=absent killpid=
05:35:49.004172451 pdns=5467/0/active/running/ named=0/inactive/dead/ agent=5573/active/ jphase=absent killpid=
05:35:49.311419349 pdns=5467/0/active/running/ named=0/inactive/dead/ agent=5573/active/ jphase=absent killpid=
05:35:49.618123841 pdns=5467/0/active/running/ named=0/inactive/dead/ agent=5573/active/ jphase=absent killpid=
05:35:49.931618067 pdns=5467/0/active/running/ named=0/inactive/dead/ agent=5573/active/ jphase=absent killpid=
05:35:50.254996880 pdns=5467/0/active/running/ named=0/inactive/dead/ agent=5573/active/ jphase=absent killpid=
05:35:50.572780481 pdns=5467/0/active/running/ named=0/inactive/dead/ agent=5573/active/ jphase=absent killpid=
05:35:50.875523822 pdns=5467/0/active/running/ named=0/inactive/dead/ agent=5573/active/ jphase=absent killpid=
05:35:51.168004306 pdns=5467/0/active/running/ named=0/inactive/dead/ agent=5573/active/ jphase=absent killpid=
05:35:51.470340530 pdns=5467/0/active/running/ named=0/inactive/dead/ agent=5573/active/ jphase=absent killpid=
05:35:51.781742154 pdns=5467/0/active/running/ named=0/inactive/dead/ agent=5573/active/ jphase=absent killpid=
05:35:52.096300851 pdns=5467/0/active/running/ named=0/inactive/dead/ agent=5573/active/ jphase=absent killpid=
05:35:52.386850143 pdns=5467/0/active/running/ named=0/inactive/dead/ agent=5573/active/ jphase=absent killpid=
05:35:52.694720937 pdns=5467/0/active/running/ named=0/inactive/dead/ agent=5573/active/ jphase=absent killpid=
05:35:53.008062453 pdns=5467/0/active/running/ named=0/inactive/dead/ agent=5573/active/ jphase=absent killpid=
05:35:53.310433552 pdns=5467/0/active/running/ named=0/inactive/dead/ agent=5573/active/ jphase=absent killpid=
05:35:53.602807006 pdns=5467/0/active/running/ named=0/inactive/dead/ agent=5573/active/ jphase=absent killpid=
05:35:53.897293587 pdns=5467/0/active/running/ named=0/inactive/dead/ agent=5573/active/ jphase=absent killpid=
05:35:54.195987804 pdns=5467/0/active/running/ named=0/inactive/dead/ agent=5573/active/ jphase=absent killpid=
05:35:54.491766090 pdns=5467/0/active/running/ named=0/inactive/dead/ agent=5573/active/ jphase=absent killpid=
05:35:54.784261446 pdns=5467/0/active/running/ named=0/inactive/dead/ agent=5573/active/ jphase=absent killpid=
05:35:55.081068305 pdns=5467/0/active/running/ named=0/inactive/dead/ agent=5573/active/ jphase=absent killpid=
05:35:55.386952652 pdns=5467/0/active/running/ named=0/inactive/dead/ agent=5573/active/ jphase=absent killpid=
05:35:55.706841170 pdns=5467/0/active/running/ named=0/inactive/dead/ agent=5573/active/ jphase=absent killpid=
05:35:56.001518031 pdns=5467/0/active/running/ named=0/inactive/dead/ agent=5573/active/ jphase=absent killpid=
05:35:56.294498860 pdns=5467/0/active/running/ named=0/inactive/dead/ agent=5573/active/ jphase=absent killpid=
05:35:56.594864288 pdns=5467/0/active/running/ named=0/inactive/dead/ agent=5573/active/ jphase=absent killpid=
05:35:56.893454333 pdns=5467/0/active/running/ named=0/inactive/dead/ agent=5573/active/ jphase=absent killpid=
05:35:57.181263955 pdns=5467/0/active/running/ named=0/inactive/dead/ agent=5573/active/ jphase=absent killpid=
05:35:57.469699063 pdns=5467/0/active/running/ named=0/inactive/dead/ agent=5573/active/ jphase=absent killpid=
05:35:57.762598811 pdns=5467/0/active/running/ named=0/inactive/dead/ agent=5573/active/ jphase=absent killpid=
05:35:58.061467430 pdns=5467/0/active/running/ named=0/inactive/dead/ agent=5573/active/ jphase=absent killpid=
05:35:58.353391199 pdns=5467/0/active/running/ named=0/inactive/dead/ agent=5573/active/ jphase=absent killpid=
05:35:58.652258099 pdns=5467/0/active/running/ named=0/inactive/dead/ agent=5573/active/ jphase=absent killpid=
05:35:58.944370461 pdns=5467/0/active/running/ named=0/inactive/dead/ agent=5573/active/ jphase=absent killpid=
05:35:59.232924226 pdns=5467/0/active/running/ named=0/inactive/dead/ agent=5573/active/ jphase=absent killpid=
05:35:59.544177896 pdns=5467/0/active/running/ named=0/inactive/dead/ agent=5573/active/ jphase=absent killpid=
05:35:59.839653738 pdns=5467/0/active/running/ named=0/inactive/dead/ agent=5573/active/ jphase=absent killpid=
05:36:00.158465057 pdns=5467/0/active/running/ named=0/inactive/dead/ agent=5573/active/ jphase=absent killpid=
05:36:00.458877692 pdns=5467/0/active/running/ named=0/inactive/dead/ agent=5573/active/ jphase=absent killpid=
05:36:00.755413562 pdns=5467/0/active/running/ named=0/inactive/dead/ agent=5573/active/ jphase=absent killpid=
05:36:01.055694653 pdns=5467/0/active/running/ named=0/inactive/dead/ agent=5573/active/ jphase=absent killpid=
05:36:01.347432112 pdns=5467/0/active/running/ named=0/inactive/dead/ agent=5573/active/ jphase=absent killpid=
05:36:01.635100189 pdns=5467/0/active/running/ named=0/inactive/dead/ agent=5573/active/ jphase=absent killpid=
05:36:01.933159175 pdns=5467/0/active/running/ named=0/inactive/dead/ agent=5573/active/ jphase=absent killpid=
05:36:02.240391745 pdns=5467/0/active/running/ named=0/inactive/dead/ agent=5573/active/ jphase=absent killpid=
05:36:02.549746543 pdns=5467/0/active/running/ named=0/inactive/dead/ agent=5573/active/ jphase=absent killpid=
05:36:02.842388219 pdns=5467/0/active/running/ named=0/inactive/dead/ agent=5573/active/ jphase=absent killpid=
05:36:03.138667541 pdns=5467/0/active/running/ named=0/inactive/dead/ agent=5573/active/ jphase=absent killpid=
05:36:03.441263630 pdns=5467/0/active/running/ named=0/inactive/dead/ agent=5573/active/ jphase=absent killpid=
05:36:03.738893193 pdns=5467/0/active/running/ named=0/inactive/dead/ agent=5573/active/ jphase=absent killpid=
05:36:04.047455947 pdns=5467/0/active/running/ named=0/inactive/dead/ agent=5573/active/ jphase=absent killpid=
05:36:04.338219895 pdns=5467/0/active/running/ named=0/inactive/dead/ agent=5573/active/ jphase=absent killpid=
05:36:04.623609684 pdns=5467/0/active/running/ named=0/inactive/dead/ agent=5573/active/ jphase=absent killpid=
05:36:04.911588149 pdns=5467/0/active/running/ named=0/inactive/dead/ agent=5573/active/ jphase=absent killpid=
05:36:05.203281717 pdns=5467/0/active/running/ named=0/inactive/dead/ agent=5573/active/ jphase=absent killpid=
05:36:05.498704067 pdns=5467/0/active/running/ named=0/inactive/dead/ agent=5573/active/ jphase=absent killpid=
05:36:05.785152145 pdns=5467/0/active/running/ named=0/inactive/dead/ agent=5573/active/ jphase=absent killpid=
05:36:06.094916104 pdns=5467/0/active/running/ named=0/inactive/dead/ agent=5573/active/ jphase=absent killpid=
05:36:06.398007371 pdns=5467/0/active/running/ named=0/inactive/dead/ agent=5573/active/ jphase=absent killpid=
05:36:06.703290690 pdns=5467/0/active/running/ named=0/inactive/dead/ agent=5573/active/ jphase=absent killpid=
05:36:07.000948618 pdns=5467/0/active/running/ named=0/inactive/dead/ agent=5573/active/ jphase=absent killpid=
05:36:07.309227231 pdns=5467/0/active/running/ named=0/inactive/dead/ agent=5573/active/ jphase=absent killpid=
05:36:07.603892991 pdns=5467/0/active/running/ named=0/inactive/dead/ agent=5573/active/ jphase=absent killpid=
05:36:07.900482532 pdns=5467/0/active/running/ named=0/inactive/dead/ agent=5573/active/ jphase=absent killpid=
05:36:08.215483019 pdns=5467/0/active/running/ named=0/inactive/dead/ agent=5573/active/ jphase=absent killpid=
05:36:08.503937418 pdns=5467/0/active/running/ named=0/inactive/dead/ agent=5573/active/ jphase=absent killpid=
05:36:08.817906917 pdns=5467/0/active/running/ named=0/inactive/dead/ agent=5573/active/ jphase=absent killpid=
05:36:09.114239698 pdns=5467/0/active/running/ named=0/inactive/dead/ agent=5573/active/ jphase=absent killpid=
05:36:09.419903647 pdns=5467/0/active/running/ named=0/inactive/dead/ agent=5573/active/ jphase=absent killpid=
05:36:09.718083477 pdns=5467/0/active/running/ named=0/inactive/dead/ agent=5573/active/ jphase=absent killpid=
05:36:10.007792382 pdns=5467/0/active/running/ named=0/inactive/dead/ agent=5573/active/ jphase=absent killpid=
05:36:10.296761601 pdns=5467/0/active/running/ named=0/inactive/dead/ agent=5573/active/ jphase=absent killpid=
05:36:10.603710709 pdns=5467/0/active/running/ named=0/inactive/dead/ agent=5573/active/ jphase=absent killpid=
05:36:10.904966620 pdns=5467/0/active/running/ named=0/inactive/dead/ agent=5573/active/ jphase=absent killpid=
05:36:11.199111614 pdns=5467/0/active/running/ named=0/inactive/dead/ agent=5573/active/ jphase=absent killpid=
05:36:11.484324233 pdns=5467/0/active/running/ named=0/inactive/dead/ agent=5573/active/ jphase=absent killpid=
05:36:11.775631572 pdns=5467/0/active/running/ named=0/inactive/dead/ agent=5573/active/ jphase=absent killpid=
05:36:12.075249670 pdns=5467/0/active/running/ named=0/inactive/dead/ agent=5573/active/ jphase=absent killpid=
05:36:12.367903619 pdns=5467/0/active/running/ named=0/inactive/dead/ agent=5573/active/ jphase=absent killpid=
05:36:12.654320825 pdns=5467/0/active/running/ named=0/inactive/dead/ agent=5573/active/ jphase=absent killpid=
05:36:12.939070045 pdns=5467/0/active/running/ named=0/inactive/dead/ agent=5573/active/ jphase=absent killpid=
05:36:13.234755867 pdns=5467/0/active/running/ named=0/inactive/dead/ agent=5573/active/ jphase=absent killpid=
05:36:13.522111880 pdns=5467/0/active/running/ named=0/inactive/dead/ agent=5573/active/ jphase=absent killpid=
05:36:13.805273017 pdns=5467/0/active/running/ named=0/inactive/dead/ agent=5573/active/ jphase=absent killpid=
05:36:14.089960779 pdns=5467/0/active/running/ named=0/inactive/dead/ agent=5573/active/ jphase=absent killpid=
05:36:14.380436682 pdns=5467/0/active/running/ named=0/inactive/dead/ agent=5573/active/ jphase=absent killpid=
05:36:14.710821954 pdns=5467/0/active/running/ named=0/inactive/dead/ agent=5573/active/ jphase=absent killpid=
05:36:15.010472354 pdns=5467/0/active/running/ named=0/inactive/dead/ agent=5573/active/ jphase=absent killpid=
05:36:15.297089006 pdns=5467/0/active/running/ named=0/inactive/dead/ agent=5573/active/ jphase=absent killpid=
05:36:15.586233519 pdns=5467/0/active/running/ named=0/inactive/dead/ agent=5573/active/ jphase=absent killpid=
05:36:15.871701550 pdns=5467/0/active/running/ named=0/inactive/dead/ agent=5573/active/ jphase=absent killpid=
05:36:16.174364393 pdns=5467/0/active/running/ named=0/inactive/dead/ agent=5573/active/ jphase=absent killpid=
05:36:16.465692253 pdns=5467/0/active/running/ named=0/inactive/dead/ agent=5573/active/ jphase=absent killpid=
05:36:16.761335796 pdns=5467/0/active/running/ named=0/inactive/dead/ agent=5573/active/ jphase=absent killpid=
05:36:17.058626391 pdns=5467/0/active/running/ named=0/inactive/dead/ agent=5573/active/ jphase=absent killpid=
05:36:17.362485775 pdns=5467/0/active/running/ named=0/inactive/dead/ agent=5573/active/ jphase=absent killpid=
05:36:17.662581249 pdns=5467/0/active/running/ named=0/inactive/dead/ agent=5573/active/ jphase=absent killpid=
05:36:17.949847036 pdns=5467/0/active/running/ named=0/inactive/dead/ agent=5573/active/ jphase=absent killpid=
05:36:18.242880159 pdns=5467/0/active/running/ named=0/inactive/dead/ agent=5573/active/ jphase=absent killpid=
05:36:18.531073835 pdns=5467/0/active/running/ named=0/inactive/dead/ agent=5573/active/ jphase=absent killpid=
05:36:18.812918394 pdns=5467/0/active/running/ named=0/inactive/dead/ agent=5573/active/ jphase=absent killpid=
05:36:19.096477998 pdns=5467/0/active/running/ named=0/inactive/dead/ agent=5573/active/ jphase=absent killpid=
05:36:19.387429614 pdns=5467/0/active/running/ named=0/inactive/dead/ agent=5573/active/ jphase=absent killpid=
05:36:19.678554327 pdns=5467/0/active/running/ named=0/inactive/dead/ agent=5573/active/ jphase=absent killpid=
05:36:19.961167506 pdns=5467/0/active/running/ named=0/inactive/dead/ agent=5573/active/ jphase=absent killpid=
05:36:20.246880056 pdns=5467/0/active/running/ named=0/inactive/dead/ agent=5573/active/ jphase=absent killpid=
05:36:20.542302829 pdns=5467/0/active/running/ named=0/inactive/dead/ agent=5573/active/ jphase=absent killpid=
05:36:20.827434300 pdns=5467/0/active/running/ named=0/inactive/dead/ agent=5573/active/ jphase=absent killpid=
05:36:21.120305542 pdns=5467/0/active/running/ named=0/inactive/dead/ agent=5573/active/ jphase=absent killpid=
05:36:21.413670241 pdns=5467/0/active/running/ named=0/inactive/dead/ agent=5573/active/ jphase=absent killpid=
05:36:21.697131443 pdns=5467/0/active/running/ named=0/inactive/dead/ agent=5573/active/ jphase=absent killpid=
05:36:21.990460966 pdns=5467/0/active/running/ named=0/inactive/dead/ agent=5573/active/ jphase=absent killpid=
05:36:22.294644093 pdns=5467/0/active/running/ named=0/inactive/dead/ agent=5573/active/ jphase=absent killpid=
05:36:22.582125604 pdns=5467/0/active/running/ named=0/inactive/dead/ agent=5573/active/ jphase=absent killpid=
05:36:22.865257802 pdns=5467/0/active/running/ named=0/inactive/dead/ agent=5573/active/ jphase=absent killpid=
05:36:23.152394390 pdns=5467/0/active/running/ named=0/inactive/dead/ agent=5573/active/ jphase=absent killpid=
05:36:23.455370873 pdns=5467/0/active/running/ named=0/inactive/dead/ agent=5573/active/ jphase=absent killpid=
05:36:23.743244082 pdns=5467/0/active/running/ named=0/inactive/dead/ agent=5573/active/ jphase=absent killpid=
05:36:24.025382250 pdns=5467/0/active/running/ named=0/inactive/dead/ agent=5573/active/ jphase=absent killpid=
05:36:24.312137231 pdns=5467/0/active/running/ named=0/inactive/dead/ agent=5573/active/ jphase=absent killpid=
05:36:24.605501468 pdns=5467/0/active/running/ named=0/inactive/dead/ agent=5573/active/ jphase=absent killpid=
05:36:24.889417678 pdns=5467/0/active/running/ named=0/inactive/dead/ agent=5573/active/ jphase=absent killpid=
05:36:25.173940592 pdns=5467/0/active/running/ named=0/inactive/dead/ agent=5573/active/ jphase=absent killpid=
05:36:25.467489308 pdns=5467/0/active/running/ named=0/inactive/dead/ agent=5573/active/ jphase=absent killpid=
05:36:25.764343622 pdns=5467/0/active/running/ named=0/inactive/dead/ agent=5573/active/ jphase=absent killpid=
05:36:26.063945518 pdns=5467/0/active/running/ named=0/inactive/dead/ agent=5573/active/ jphase=absent killpid=
05:36:26.367105709 pdns=5467/0/active/running/ named=0/inactive/dead/ agent=5573/active/ jphase=absent killpid=
05:36:26.657006434 pdns=5467/0/active/running/ named=0/inactive/dead/ agent=5573/active/ jphase=absent killpid=
05:36:26.941901012 pdns=5467/0/active/running/ named=0/inactive/dead/ agent=5573/active/ jphase=absent killpid=
05:36:27.227515551 pdns=5467/0/active/running/ named=0/inactive/dead/ agent=5573/active/ jphase=absent killpid=
05:36:27.521873469 pdns=5467/0/active/running/ named=0/inactive/dead/ agent=5573/active/ jphase=absent killpid=
05:36:27.822924016 pdns=5467/0/active/running/ named=0/inactive/dead/ agent=5573/active/ jphase=absent killpid=
05:36:28.116912727 pdns=5467/0/active/running/ named=0/inactive/dead/ agent=5573/active/ jphase=absent killpid=
05:36:28.411088228 pdns=5467/0/active/running/ named=0/inactive/dead/ agent=5573/active/ jphase=absent killpid=
05:36:28.695922011 pdns=5467/0/active/running/ named=0/inactive/dead/ agent=5573/active/ jphase=absent killpid=
05:36:28.979229661 pdns=5467/0/active/running/ named=0/inactive/dead/ agent=5573/active/ jphase=absent killpid=
05:36:29.262749482 pdns=5467/0/active/running/ named=0/inactive/dead/ agent=5573/active/ jphase=absent killpid=
05:36:29.557858897 pdns=5467/0/active/running/ named=0/inactive/dead/ agent=5573/active/ jphase=absent killpid=
05:36:29.845953142 pdns=5467/0/active/running/ named=0/inactive/dead/ agent=5573/active/ jphase=absent killpid=
05:36:30.135270920 pdns=5467/0/active/running/ named=0/inactive/dead/ agent=5573/active/ jphase=absent killpid=
05:36:30.421558250 pdns=5467/0/active/running/ named=0/inactive/dead/ agent=5573/active/ jphase=absent killpid=
05:36:30.703132972 pdns=5467/0/active/running/ named=0/inactive/dead/ agent=5573/active/ jphase=absent killpid=
05:36:30.990542706 pdns=5467/0/active/running/ named=0/inactive/dead/ agent=5573/active/ jphase=absent killpid=
05:36:31.275980135 pdns=5467/0/active/running/ named=0/inactive/dead/ agent=5573/active/ jphase=absent killpid=
05:36:31.604046641 pdns=5467/0/active/running/ named=0/inactive/dead/ agent=5573/active/ jphase=absent killpid=
05:36:31.890767319 pdns=5467/0/active/running/ named=0/inactive/dead/ agent=5573/active/ jphase=absent killpid=
05:36:32.178681498 pdns=5467/0/active/running/ named=0/inactive/dead/ agent=5573/active/ jphase=absent killpid=
05:36:32.475787815 pdns=5467/0/active/running/ named=0/inactive/dead/ agent=5573/active/ jphase=absent killpid=
05:36:32.761852665 pdns=5467/0/active/running/ named=0/inactive/dead/ agent=5573/active/ jphase=absent killpid=
05:36:33.046376594 pdns=5467/0/active/running/ named=0/inactive/dead/ agent=5573/active/ jphase=absent killpid=
05:36:33.334341174 pdns=5467/0/active/running/ named=0/inactive/dead/ agent=5573/active/ jphase=absent killpid=
05:36:33.622292822 pdns=5467/0/active/running/ named=0/inactive/dead/ agent=5573/active/ jphase=absent killpid=
05:36:33.905658638 pdns=5467/0/active/running/ named=0/inactive/dead/ agent=5573/active/ jphase=absent killpid=
05:36:34.190180224 pdns=5467/0/active/running/ named=0/inactive/dead/ agent=5573/active/ jphase=absent killpid=
05:36:34.475779191 pdns=5467/0/active/running/ named=0/inactive/dead/ agent=5573/active/ jphase=absent killpid=
05:36:34.774623417 pdns=5467/0/active/running/ named=0/inactive/dead/ agent=5573/active/ jphase=absent killpid=
05:36:35.060141962 pdns=5467/0/active/running/ named=0/inactive/dead/ agent=5573/active/ jphase=absent killpid=
05:36:35.343965272 pdns=5467/0/active/running/ named=0/inactive/dead/ agent=5573/active/ jphase=absent killpid=
05:36:35.646831249 pdns=5467/0/active/running/ named=0/inactive/dead/ agent=5573/active/ jphase=absent killpid=
05:36:35.951481950 pdns=5467/0/active/running/ named=0/inactive/dead/ agent=5573/active/ jphase=absent killpid=
05:36:36.251798896 pdns=5467/0/active/running/ named=0/inactive/dead/ agent=5573/active/ jphase=absent killpid=
05:36:36.551741975 pdns=5467/0/active/running/ named=0/inactive/dead/ agent=5573/active/ jphase=absent killpid=
05:36:36.849409953 pdns=5467/0/active/running/ named=0/inactive/dead/ agent=5573/active/ jphase=absent killpid=
05:36:37.150957851 pdns=5467/0/active/running/ named=0/inactive/dead/ agent=5573/active/ jphase=absent killpid=
05:36:37.447006864 pdns=5467/0/active/running/ named=0/inactive/dead/ agent=5573/active/ jphase=absent killpid=
05:36:37.734261050 pdns=5467/0/active/running/ named=0/inactive/dead/ agent=5573/active/ jphase=absent killpid=
05:36:38.027866222 pdns=5467/0/active/running/ named=0/inactive/dead/ agent=5573/active/ jphase=absent killpid=
05:36:38.323190439 pdns=5467/0/active/running/ named=0/inactive/dead/ agent=5573/active/ jphase=absent killpid=
05:36:38.666499054 pdns=5467/0/active/running/ named=0/inactive/dead/ agent=5573/active/ jphase=absent killpid=
05:36:38.965628134 pdns=5467/0/active/running/ named=0/inactive/dead/ agent=5573/active/ jphase=absent killpid=
05:36:39.261147018 pdns=5467/0/active/running/ named=0/inactive/dead/ agent=5573/active/ jphase=absent killpid=
05:36:39.549050316 pdns=5467/0/active/running/ named=0/inactive/dead/ agent=5573/active/ jphase=absent killpid=
05:36:39.850356019 pdns=5467/0/active/running/ named=0/inactive/dead/ agent=5573/active/ jphase=absent killpid=
05:36:40.142709620 pdns=5467/0/active/running/ named=0/inactive/dead/ agent=5573/active/ jphase=absent killpid=
05:36:40.431749893 pdns=5467/0/active/running/ named=0/inactive/dead/ agent=5573/active/ jphase=absent killpid=
05:36:40.716073562 pdns=5467/0/active/running/ named=0/inactive/dead/ agent=5573/active/ jphase=absent killpid=
05:36:41.008651360 pdns=5467/0/active/running/ named=0/inactive/dead/ agent=5573/active/ jphase=absent killpid=
05:36:41.301441879 pdns=5467/0/active/running/ named=0/inactive/dead/ agent=5573/active/ jphase=absent killpid=
05:36:41.595029311 pdns=5467/0/active/running/ named=0/inactive/dead/ agent=5573/active/ jphase=absent killpid=
05:36:41.883051322 pdns=5467/0/active/running/ named=0/inactive/dead/ agent=5573/active/ jphase=absent killpid=
05:36:42.183524403 pdns=5467/0/active/running/ named=0/inactive/dead/ agent=5573/active/ jphase=absent killpid=
05:36:42.482527278 pdns=5467/0/active/running/ named=0/inactive/dead/ agent=5573/active/ jphase=absent killpid=
05:36:42.770599190 pdns=5467/0/active/running/ named=0/inactive/dead/ agent=5573/active/ jphase=absent killpid=
05:36:43.059474929 pdns=5467/0/active/running/ named=0/inactive/dead/ agent=5573/active/ jphase=absent killpid=
05:36:43.352577703 pdns=5467/0/active/running/ named=0/inactive/dead/ agent=5573/active/ jphase=absent killpid=
05:36:43.642827120 pdns=5467/0/active/running/ named=0/inactive/dead/ agent=5573/active/ jphase=absent killpid=
05:36:43.932042682 pdns=5467/0/active/running/ named=0/inactive/dead/ agent=5573/active/ jphase=absent killpid=
05:36:44.223987822 pdns=5467/0/active/running/ named=0/inactive/dead/ agent=5573/active/ jphase=absent killpid=
05:36:44.514009596 pdns=5467/0/active/running/ named=0/inactive/dead/ agent=5573/active/ jphase=absent killpid=
05:36:44.807536356 pdns=5467/0/active/running/ named=0/inactive/dead/ agent=5573/active/ jphase=absent killpid=
05:36:45.098392653 pdns=5467/0/active/running/ named=0/inactive/dead/ agent=5573/active/ jphase=absent killpid=
05:36:45.382720746 pdns=5467/0/active/running/ named=0/inactive/dead/ agent=5573/active/ jphase=absent killpid=
05:36:45.669437437 pdns=5467/0/active/running/ named=0/inactive/dead/ agent=5573/active/ jphase=absent killpid=
05:36:45.957627956 pdns=5467/0/active/running/ named=0/inactive/dead/ agent=5573/active/ jphase=absent killpid=
05:36:46.270625910 pdns=5467/0/active/running/ named=0/inactive/dead/ agent=5573/active/ jphase=absent killpid=
05:36:46.579387703 pdns=5467/0/active/running/ named=0/inactive/dead/ agent=5573/active/ jphase=absent killpid=
05:36:46.864189358 pdns=5467/0/active/running/ named=0/inactive/dead/ agent=5573/active/ jphase=absent killpid=
05:36:47.161537210 pdns=5467/0/active/running/ named=0/inactive/dead/ agent=5573/active/ jphase=absent killpid=
05:36:47.463379766 pdns=5467/0/active/running/ named=0/inactive/dead/ agent=5573/active/ jphase=absent killpid=
05:36:47.751580680 pdns=5467/0/active/running/ named=0/inactive/dead/ agent=5573/active/ jphase=absent killpid=
05:36:48.039293483 pdns=5467/0/active/running/ named=0/inactive/dead/ agent=5573/active/ jphase=absent killpid=
05:36:48.344137065 pdns=5467/0/active/running/ named=0/inactive/dead/ agent=5573/active/ jphase=absent killpid=
05:36:48.638495172 pdns=5467/0/active/running/ named=0/inactive/dead/ agent=5573/active/ jphase=absent killpid=
05:36:48.931935422 pdns=5467/0/active/running/ named=0/inactive/dead/ agent=5573/active/ jphase=absent killpid=
05:36:49.225972451 pdns=5467/0/active/running/ named=0/inactive/dead/ agent=5573/active/ jphase=absent killpid=
05:36:49.519184065 pdns=5467/0/active/running/ named=0/inactive/dead/ agent=5573/active/ jphase=absent killpid=
05:36:49.815006480 pdns=5467/0/active/running/ named=0/inactive/dead/ agent=5573/active/ jphase=absent killpid=
05:36:50.127433780 pdns=5467/0/active/running/ named=0/inactive/dead/ agent=5573/active/ jphase=absent killpid=
05:36:50.412834589 pdns=5467/0/active/running/ named=0/inactive/dead/ agent=5573/active/ jphase=absent killpid=
05:36:50.701202770 pdns=5467/0/active/running/ named=0/inactive/dead/ agent=5573/active/ jphase=absent killpid=
05:36:50.995599506 pdns=5467/0/active/running/ named=0/inactive/dead/ agent=5573/active/ jphase=absent killpid=
05:36:51.285457476 pdns=5467/0/active/running/ named=0/inactive/dead/ agent=5573/active/ jphase=absent killpid=
05:36:51.571003765 pdns=5467/0/active/running/ named=0/inactive/dead/ agent=5573/active/ jphase=absent killpid=
05:36:51.858544249 pdns=5467/0/active/running/ named=0/inactive/dead/ agent=5573/active/ jphase=absent killpid=
05:36:52.147647244 pdns=5467/0/active/running/ named=0/inactive/dead/ agent=5573/active/ jphase=absent killpid=
05:36:52.440915228 pdns=5467/0/active/running/ named=0/inactive/dead/ agent=5573/active/ jphase=absent killpid=
05:36:52.732819871 pdns=5467/0/active/running/ named=0/inactive/dead/ agent=5573/active/ jphase=absent killpid=
05:36:53.018487870 pdns=5467/0/active/running/ named=0/inactive/dead/ agent=5573/active/ jphase=absent killpid=
05:36:53.303985324 pdns=5467/0/active/running/ named=0/inactive/dead/ agent=5573/active/ jphase=absent killpid=
05:36:53.596395795 pdns=5467/0/active/running/ named=0/inactive/dead/ agent=5573/active/ jphase=absent killpid=
05:36:53.908817082 pdns=5467/0/active/running/ named=0/inactive/dead/ agent=5573/active/ jphase=absent killpid=
05:36:54.198470382 pdns=5467/0/active/running/ named=0/inactive/dead/ agent=5573/active/ jphase=absent killpid=
05:36:54.488342563 pdns=5467/0/active/running/ named=0/inactive/dead/ agent=5573/active/ jphase=absent killpid=
05:36:54.781074673 pdns=5467/0/active/running/ named=0/inactive/dead/ agent=5573/active/ jphase=absent killpid=
05:36:55.077131657 pdns=5467/0/active/running/ named=0/inactive/dead/ agent=5573/active/ jphase=absent killpid=
05:36:55.380827271 pdns=5467/0/active/running/ named=0/inactive/dead/ agent=5573/active/ jphase=absent killpid=
05:36:55.688959688 pdns=5467/0/active/running/ named=0/inactive/dead/ agent=5573/active/ jphase=absent killpid=
05:36:55.988443243 pdns=5467/0/active/running/ named=0/inactive/dead/ agent=5573/active/ jphase=absent killpid=
05:36:56.288307005 pdns=5467/0/active/running/ named=0/inactive/dead/ agent=5573/active/ jphase=absent killpid=
05:36:56.578866681 pdns=5467/0/active/running/ named=0/inactive/dead/ agent=5573/active/ jphase=absent killpid=
05:36:56.880034749 pdns=5467/0/active/running/ named=0/inactive/dead/ agent=5573/active/ jphase=absent killpid=
05:36:57.175710375 pdns=5467/0/active/running/ named=0/inactive/dead/ agent=5573/active/ jphase=absent killpid=
05:36:57.477866636 pdns=5467/0/active/running/ named=0/inactive/dead/ agent=5573/active/ jphase=absent killpid=
05:36:57.773991639 pdns=5467/0/active/running/ named=0/inactive/dead/ agent=5573/active/ jphase=absent killpid=
05:36:58.066836972 pdns=5467/0/active/running/ named=0/inactive/dead/ agent=5573/active/ jphase=absent killpid=
05:36:58.354345534 pdns=5467/0/active/running/ named=0/inactive/dead/ agent=5573/active/ jphase=absent killpid=
05:36:58.652126559 pdns=5467/0/active/running/ named=0/inactive/dead/ agent=5573/active/ jphase=absent killpid=
05:36:58.967943049 pdns=5467/0/active/running/ named=0/inactive/dead/ agent=5573/active/ jphase=absent killpid=
05:36:59.257502629 pdns=5467/0/active/running/ named=0/inactive/dead/ agent=5573/active/ jphase=absent killpid=
05:36:59.543689786 pdns=5467/0/active/running/ named=0/inactive/dead/ agent=5573/active/ jphase=absent killpid=
05:36:59.839795496 pdns=5467/0/active/running/ named=0/inactive/dead/ agent=5573/active/ jphase=absent killpid=
05:37:00.144175578 pdns=5467/0/active/running/ named=0/inactive/dead/ agent=5573/active/ jphase=absent killpid=
05:37:00.438448148 pdns=5467/0/active/running/ named=0/inactive/dead/ agent=5573/active/ jphase=absent killpid=
05:37:00.726568391 pdns=5467/0/active/running/ named=0/inactive/dead/ agent=5573/active/ jphase=absent killpid=
05:37:01.009838928 pdns=5467/0/active/running/ named=0/inactive/dead/ agent=5573/active/ jphase=absent killpid=
05:37:01.299616974 pdns=5467/0/active/running/ named=0/inactive/dead/ agent=5573/active/ jphase=absent killpid=
05:37:01.581171996 pdns=5467/0/active/running/ named=0/inactive/dead/ agent=5573/active/ jphase=absent killpid=
05:37:01.865347903 pdns=5467/0/active/running/ named=0/inactive/dead/ agent=5573/active/ jphase=absent killpid=
05:37:02.147567646 pdns=5467/0/active/running/ named=0/inactive/dead/ agent=5573/active/ jphase=absent killpid=
05:37:02.435683140 pdns=5467/0/active/running/ named=0/inactive/dead/ agent=5573/active/ jphase=absent killpid=
05:37:02.731924233 pdns=5467/0/active/running/ named=0/inactive/dead/ agent=5573/active/ jphase=absent killpid=
05:37:03.022718601 pdns=5467/0/active/running/ named=0/inactive/dead/ agent=5573/active/ jphase=absent killpid=
05:37:03.312330356 pdns=5467/0/active/running/ named=0/inactive/dead/ agent=5573/active/ jphase=absent killpid=
05:37:03.604573164 pdns=5467/0/active/running/ named=0/inactive/dead/ agent=5573/active/ jphase=absent killpid=
05:37:03.898815740 pdns=5467/0/active/running/ named=0/inactive/dead/ agent=5573/active/ jphase=absent killpid=
05:37:04.190398531 pdns=5467/0/active/running/ named=0/inactive/dead/ agent=5573/active/ jphase=absent killpid=
05:37:04.483249753 pdns=5467/0/active/running/ named=0/inactive/dead/ agent=5573/active/ jphase=absent killpid=
05:37:04.780105150 pdns=5467/0/active/running/ named=0/inactive/dead/ agent=5573/active/ jphase=absent killpid=
05:37:05.079271023 pdns=5467/0/active/running/ named=0/inactive/dead/ agent=5573/active/ jphase=absent killpid=
05:37:05.379542327 pdns=5467/0/active/running/ named=0/inactive/dead/ agent=5573/active/ jphase=absent killpid=
05:37:05.664776705 pdns=5467/0/active/running/ named=0/inactive/dead/ agent=5573/active/ jphase=absent killpid=
05:37:05.949054914 pdns=5467/0/active/running/ named=0/inactive/dead/ agent=5573/active/ jphase=absent killpid=
05:37:06.243953543 pdns=5467/0/active/running/ named=0/inactive/dead/ agent=5573/active/ jphase=absent killpid=
05:37:07.247838461 pdns=5467/0/active/running/ named=0/inactive/dead/ agent=5573/active/ jphase=absent killpid=
05:37:08.127736805 pdns=5467/0/active/running/ named=0/inactive/dead/ agent=5573/active/ jphase=absent killpid=
05:37:08.420429891 pdns=5467/0/active/running/ named=0/inactive/dead/ agent=5573/active/ jphase=absent killpid=
05:37:08.713321510 pdns=5467/0/active/running/ named=0/inactive/dead/ agent=5573/active/ jphase=absent killpid=
05:37:09.016090159 pdns=5467/0/active/running/ named=0/inactive/dead/ agent=5573/active/ jphase=absent killpid=
05:37:09.312838698 pdns=5467/0/active/running/ named=0/inactive/dead/ agent=5573/active/ jphase=absent killpid=
05:37:09.602871064 pdns=5467/0/active/running/ named=0/inactive/dead/ agent=5573/active/ jphase=absent killpid=
05:37:09.890885347 pdns=5467/0/active/running/ named=0/inactive/dead/ agent=5573/active/ jphase=absent killpid=
05:37:10.174320166 pdns=5467/0/active/running/ named=0/inactive/dead/ agent=5573/active/ jphase=absent killpid=
05:37:10.462693046 pdns=5467/0/active/running/ named=0/inactive/dead/ agent=5573/active/ jphase=absent killpid=
05:37:10.784158146 pdns=5467/0/active/running/ named=0/inactive/dead/ agent=5573/active/ jphase=absent killpid=
05:37:11.081797623 pdns=5467/0/active/running/ named=0/inactive/dead/ agent=5573/active/ jphase=absent killpid=
05:37:11.377334975 pdns=5467/0/active/running/ named=0/inactive/dead/ agent=5573/active/ jphase=absent killpid=
05:37:11.684943571 pdns=5467/0/active/running/ named=0/inactive/dead/ agent=5573/active/ jphase=absent killpid=
05:37:11.975137333 pdns=5467/0/active/running/ named=0/inactive/dead/ agent=5573/active/ jphase=absent killpid=
05:37:12.261032279 pdns=5467/0/active/running/ named=0/inactive/dead/ agent=5573/active/ jphase=absent killpid=
05:37:12.544932552 pdns=5467/0/active/running/ named=0/inactive/dead/ agent=5573/active/ jphase=absent killpid=
05:37:12.829203622 pdns=5467/0/active/running/ named=0/inactive/dead/ agent=5573/active/ jphase=absent killpid=
05:37:13.120058433 pdns=5467/0/active/running/ named=0/inactive/dead/ agent=5573/active/ jphase=absent killpid=
05:37:13.403268065 pdns=5467/0/active/running/ named=0/inactive/dead/ agent=5573/active/ jphase=absent killpid=
05:37:13.689525839 pdns=5467/0/active/running/ named=0/inactive/dead/ agent=5573/active/ jphase=absent killpid=
05:37:13.974504920 pdns=5467/0/active/running/ named=0/inactive/dead/ agent=5573/active/ jphase=absent killpid=
05:37:14.259347843 pdns=5467/0/active/running/ named=0/inactive/dead/ agent=5573/active/ jphase=absent killpid=
05:37:14.570142038 pdns=5467/0/active/running/ named=0/inactive/dead/ agent=5573/active/ jphase=absent killpid=
05:37:14.869614381 pdns=5467/0/active/running/ named=0/inactive/dead/ agent=5573/active/ jphase=absent killpid=
05:37:15.151547208 pdns=5467/0/active/running/ named=0/inactive/dead/ agent=5573/active/ jphase=absent killpid=
05:37:15.436361429 pdns=5467/0/active/running/ named=0/inactive/dead/ agent=5573/active/ jphase=absent killpid=
05:37:15.732139541 pdns=5467/0/active/running/ named=0/inactive/dead/ agent=5573/active/ jphase=absent killpid=
05:37:16.258336514 pdns=5467/0/active/running/ named=0/inactive/dead/ agent=5573/active/ jphase=absent killpid=
05:37:16.991705150 pdns=5467/0/active/running/ named=0/inactive/dead/ agent=5573/active/ jphase=absent killpid=
05:37:17.287394971 pdns=5467/0/active/running/ named=0/inactive/dead/ agent=5573/active/ jphase=absent killpid=
05:37:17.579071553 pdns=5467/0/active/running/ named=0/inactive/dead/ agent=5573/active/ jphase=absent killpid=
05:37:17.863000584 pdns=5467/0/active/running/ named=0/inactive/dead/ agent=5573/active/ jphase=absent killpid=
05:37:18.151448902 pdns=5467/0/active/running/ named=0/inactive/dead/ agent=5573/active/ jphase=absent killpid=
05:37:18.453352685 pdns=5467/0/active/running/ named=0/inactive/dead/ agent=5573/active/ jphase=absent killpid=
05:37:18.742851463 pdns=5467/0/active/running/ named=0/inactive/dead/ agent=5573/active/ jphase=absent killpid=
05:37:19.032706864 pdns=5467/0/active/running/ named=0/inactive/dead/ agent=5573/active/ jphase=absent killpid=
05:37:19.335822169 pdns=5467/0/active/running/ named=0/inactive/dead/ agent=5573/active/ jphase=absent killpid=
05:37:19.640543983 pdns=5467/0/active/running/ named=0/inactive/dead/ agent=5573/active/ jphase=absent killpid=
05:37:19.931659655 pdns=5467/0/active/running/ named=0/inactive/dead/ agent=5573/active/ jphase=absent killpid=
05:37:20.220245512 pdns=5467/0/active/running/ named=0/inactive/dead/ agent=5573/active/ jphase=absent killpid=
05:37:20.506978909 pdns=5467/0/active/running/ named=0/inactive/dead/ agent=5573/active/ jphase=absent killpid=
05:37:20.794892535 pdns=5467/0/active/running/ named=0/inactive/dead/ agent=5573/active/ jphase=absent killpid=
05:37:21.086701721 pdns=5467/0/active/running/ named=0/inactive/dead/ agent=5573/active/ jphase=absent killpid=
05:37:21.379432044 pdns=5467/0/active/running/ named=0/inactive/dead/ agent=5573/active/ jphase=absent killpid=
05:37:21.675084653 pdns=5467/0/active/running/ named=0/inactive/dead/ agent=5573/active/ jphase=absent killpid=
05:37:21.975715130 pdns=5467/0/active/running/ named=0/inactive/dead/ agent=5573/active/ jphase=absent killpid=
05:37:22.287554152 pdns=5467/0/active/running/ named=0/inactive/dead/ agent=5573/active/ jphase=absent killpid=
05:37:22.584445893 pdns=5467/0/active/running/ named=0/inactive/dead/ agent=5573/active/ jphase=absent killpid=
05:37:22.873600329 pdns=5467/0/active/running/ named=0/inactive/dead/ agent=5573/active/ jphase=absent killpid=
05:37:23.161613539 pdns=5467/0/active/running/ named=0/inactive/dead/ agent=5573/active/ jphase=absent killpid=
05:37:23.454588601 pdns=5467/0/active/running/ named=0/inactive/dead/ agent=5573/active/ jphase=absent killpid=
05:37:23.741391750 pdns=5467/0/active/running/ named=0/inactive/dead/ agent=5573/active/ jphase=absent killpid=
05:37:24.027346337 pdns=5467/0/active/running/ named=0/inactive/dead/ agent=5573/active/ jphase=absent killpid=
05:37:24.320546772 pdns=5467/0/active/running/ named=0/inactive/dead/ agent=5573/active/ jphase=absent killpid=
05:37:24.629503838 pdns=5467/0/active/running/ named=0/inactive/dead/ agent=5573/active/ jphase=absent killpid=
05:37:24.928326821 pdns=5467/0/active/running/ named=0/inactive/dead/ agent=5573/active/ jphase=absent killpid=
05:37:25.251839065 pdns=5467/0/active/running/ named=0/inactive/dead/ agent=5573/active/ jphase=absent killpid=
05:37:25.540471620 pdns=5467/0/active/running/ named=0/inactive/dead/ agent=5573/active/ jphase=absent killpid=
05:37:25.831851191 pdns=5467/0/active/running/ named=0/inactive/dead/ agent=5573/active/ jphase=absent killpid=
05:37:26.131906463 pdns=5467/0/active/running/ named=0/inactive/dead/ agent=5573/active/ jphase=absent killpid=
05:37:26.431010150 pdns=5467/0/active/running/ named=0/inactive/dead/ agent=5573/active/ jphase=absent killpid=
05:37:26.729255915 pdns=5467/0/active/running/ named=0/inactive/dead/ agent=5573/active/ jphase=absent killpid=
05:37:27.034683799 pdns=5467/0/active/running/ named=0/inactive/dead/ agent=5573/active/ jphase=absent killpid=
05:37:27.351517656 pdns=5467/0/active/running/ named=0/inactive/dead/ agent=5573/active/ jphase=absent killpid=
05:37:27.657081206 pdns=5467/0/active/running/ named=0/inactive/dead/ agent=5573/active/ jphase=absent killpid=
05:37:27.965881611 pdns=5467/0/active/running/ named=0/inactive/dead/ agent=5573/active/ jphase=absent killpid=
05:37:28.302432250 pdns=5467/0/active/running/ named=0/inactive/dead/ agent=5573/active/ jphase=absent killpid=
05:37:28.649252333 pdns=5467/0/active/running/ named=0/inactive/dead/ agent=5573/active/ jphase=absent killpid=
05:37:28.938331795 pdns=5467/0/active/running/ named=0/inactive/dead/ agent=5573/active/ jphase=absent killpid=
05:37:29.229221630 pdns=5467/0/active/running/ named=0/inactive/dead/ agent=5573/active/ jphase=absent killpid=
05:37:29.513457161 pdns=5467/0/active/running/ named=0/inactive/dead/ agent=5573/active/ jphase=absent killpid=
05:37:29.803874595 pdns=5467/0/active/running/ named=0/inactive/dead/ agent=5573/active/ jphase=absent killpid=
05:37:30.092182693 pdns=5467/0/active/running/ named=0/inactive/dead/ agent=5573/active/ jphase=absent killpid=
05:37:30.379596347 pdns=5467/0/active/running/ named=0/inactive/dead/ agent=5573/active/ jphase=absent killpid=
05:37:30.666215588 pdns=5467/0/active/running/ named=0/inactive/dead/ agent=5573/active/ jphase=absent killpid=
05:37:30.951364221 pdns=5467/0/active/running/ named=0/inactive/dead/ agent=5573/active/ jphase=absent killpid=
05:37:31.245820321 pdns=5467/0/active/running/ named=0/inactive/dead/ agent=5573/active/ jphase=absent killpid=
05:37:31.534297856 pdns=5467/0/active/running/ named=0/inactive/dead/ agent=5573/active/ jphase=absent killpid=
05:37:31.821954563 pdns=5467/0/active/running/ named=0/inactive/dead/ agent=5573/active/ jphase=absent killpid=
05:37:32.123471944 pdns=5467/0/active/running/ named=0/inactive/dead/ agent=5573/active/ jphase=absent killpid=
05:37:32.429272623 pdns=5467/0/active/running/ named=0/inactive/dead/ agent=5573/active/ jphase=absent killpid=
05:37:32.729794623 pdns=5467/0/active/running/ named=0/inactive/dead/ agent=5573/active/ jphase=absent killpid=
05:37:33.013593030 pdns=5467/0/active/running/ named=0/inactive/dead/ agent=5573/active/ jphase=absent killpid=
05:37:33.303318226 pdns=5467/0/active/running/ named=0/inactive/dead/ agent=5573/active/ jphase=absent killpid=
05:37:33.586169708 pdns=5467/0/active/running/ named=0/inactive/dead/ agent=5573/active/ jphase=absent killpid=
05:37:33.870812509 pdns=5467/0/active/running/ named=0/inactive/dead/ agent=5573/active/ jphase=absent killpid=
05:37:34.154077916 pdns=5467/0/active/running/ named=0/inactive/dead/ agent=5573/active/ jphase=absent killpid=
05:37:34.441462228 pdns=5467/0/active/running/ named=0/inactive/dead/ agent=5573/active/ jphase=absent killpid=
05:37:34.729771761 pdns=5467/0/active/running/ named=0/inactive/dead/ agent=5573/active/ jphase=absent killpid=
05:37:35.019445828 pdns=5467/0/active/running/ named=0/inactive/dead/ agent=5573/active/ jphase=absent killpid=
05:37:35.304170793 pdns=5467/0/active/running/ named=0/inactive/dead/ agent=5573/active/ jphase=absent killpid=
05:37:35.587184910 pdns=5467/0/active/running/ named=0/inactive/dead/ agent=5573/active/ jphase=absent killpid=
05:37:35.870493997 pdns=5467/0/active/running/ named=0/inactive/dead/ agent=5573/active/ jphase=absent killpid=
05:37:36.156776571 pdns=5467/0/active/running/ named=0/inactive/dead/ agent=5573/active/ jphase=absent killpid=
05:37:36.449526594 pdns=5467/0/active/running/ named=0/inactive/dead/ agent=5573/active/ jphase=absent killpid=
05:37:36.732216022 pdns=5467/0/active/running/ named=0/inactive/dead/ agent=5573/active/ jphase=absent killpid=
05:37:37.020752117 pdns=5467/0/active/running/ named=0/inactive/dead/ agent=5573/active/ jphase=absent killpid=
05:37:37.311035911 pdns=5467/0/active/running/ named=0/inactive/dead/ agent=5573/active/ jphase=absent killpid=
05:37:37.609500060 pdns=5467/0/active/running/ named=0/inactive/dead/ agent=5573/active/ jphase=absent killpid=
05:37:37.897702863 pdns=5467/0/active/running/ named=0/inactive/dead/ agent=5573/active/ jphase=absent killpid=
05:37:38.181951306 pdns=5467/0/active/running/ named=0/inactive/dead/ agent=5573/active/ jphase=absent killpid=
05:37:38.465285470 pdns=5467/0/active/running/ named=0/inactive/dead/ agent=5573/active/ jphase=absent killpid=
05:37:38.749203999 pdns=5467/0/active/running/ named=0/inactive/dead/ agent=5573/active/ jphase=absent killpid=
05:37:39.034261850 pdns=5467/0/active/running/ named=0/inactive/dead/ agent=5573/active/ jphase=absent killpid=
05:37:39.318769015 pdns=5467/0/active/running/ named=0/inactive/dead/ agent=5573/active/ jphase=absent killpid=
05:37:39.602613338 pdns=5467/0/active/running/ named=0/inactive/dead/ agent=5573/active/ jphase=absent killpid=
05:37:39.891795851 pdns=5467/0/active/running/ named=0/inactive/dead/ agent=5573/active/ jphase=absent killpid=
05:37:40.179944624 pdns=5467/0/active/running/ named=0/inactive/dead/ agent=5573/active/ jphase=absent killpid=
05:37:40.463973470 pdns=5467/0/active/running/ named=0/inactive/dead/ agent=5573/active/ jphase=absent killpid=
05:37:40.747974945 pdns=5467/0/active/running/ named=0/inactive/dead/ agent=5573/active/ jphase=absent killpid=
05:37:41.033052277 pdns=5467/0/active/running/ named=0/inactive/dead/ agent=5573/active/ jphase=absent killpid=
05:37:41.317445012 pdns=5467/0/active/running/ named=0/inactive/dead/ agent=5573/active/ jphase=absent killpid=
05:37:41.601573870 pdns=5467/0/active/running/ named=0/inactive/dead/ agent=5573/active/ jphase=absent killpid=
05:37:41.884657092 pdns=5467/0/active/running/ named=0/inactive/dead/ agent=5573/active/ jphase=absent killpid=
05:37:42.167007480 pdns=5467/0/active/running/ named=0/inactive/dead/ agent=5573/active/ jphase=absent killpid=
05:37:42.452208928 pdns=5467/0/active/running/ named=0/inactive/dead/ agent=5573/active/ jphase=absent killpid=
05:37:42.741185833 pdns=5467/0/active/running/ named=0/inactive/dead/ agent=5573/active/ jphase=absent killpid=
05:37:43.060422973 pdns=5467/0/active/running/ named=0/inactive/dead/ agent=5573/active/ jphase=absent killpid=
05:37:43.353277526 pdns=5467/0/active/running/ named=0/inactive/dead/ agent=5573/active/ jphase=absent killpid=
05:37:43.638980683 pdns=5467/0/active/running/ named=0/inactive/dead/ agent=5573/active/ jphase=absent killpid=
05:37:43.926716705 pdns=5467/0/active/running/ named=0/inactive/dead/ agent=5573/active/ jphase=absent killpid=
05:37:44.209904993 pdns=5467/0/active/running/ named=0/inactive/dead/ agent=5573/active/ jphase=absent killpid=
05:37:44.511497574 pdns=5467/0/active/running/ named=0/inactive/dead/ agent=5573/active/ jphase=absent killpid=
05:37:44.795204201 pdns=5467/0/active/running/ named=0/inactive/dead/ agent=5573/active/ jphase=absent killpid=
05:37:45.087474360 pdns=5467/0/active/running/ named=0/inactive/dead/ agent=5573/active/ jphase=absent killpid=
05:37:45.383776857 pdns=5467/0/active/running/ named=0/inactive/dead/ agent=5573/active/ jphase=absent killpid=
05:37:45.670764107 pdns=5467/0/active/running/ named=0/inactive/dead/ agent=5573/active/ jphase=absent killpid=
05:37:45.960194647 pdns=5467/0/active/running/ named=0/inactive/dead/ agent=5573/active/ jphase=absent killpid=
05:37:46.264344630 pdns=5467/0/active/running/ named=0/inactive/dead/ agent=5573/active/ jphase=absent killpid=
05:37:46.554818511 pdns=5467/0/active/running/ named=0/inactive/dead/ agent=5573/active/ jphase=absent killpid=
05:37:46.842193951 pdns=5467/0/active/running/ named=0/inactive/dead/ agent=5573/active/ jphase=absent killpid=
05:37:47.135122866 pdns=5467/0/active/running/ named=0/inactive/dead/ agent=5573/active/ jphase=absent killpid=
05:37:47.450584076 pdns=5467/0/active/running/ named=0/inactive/dead/ agent=5573/active/ jphase=absent killpid=
05:37:47.751530452 pdns=5467/0/active/running/ named=0/inactive/dead/ agent=5573/active/ jphase=absent killpid=
05:37:48.051486059 pdns=5467/0/active/running/ named=0/inactive/dead/ agent=5573/active/ jphase=absent killpid=
05:37:48.347522148 pdns=5467/0/active/running/ named=0/inactive/dead/ agent=5573/active/ jphase=absent killpid=
05:37:48.635670425 pdns=5467/0/active/running/ named=0/inactive/dead/ agent=5573/active/ jphase=absent killpid=
05:37:48.920738557 pdns=5467/0/active/running/ named=0/inactive/dead/ agent=5573/active/ jphase=absent killpid=
05:37:49.206415949 pdns=5467/0/active/running/ named=0/inactive/dead/ agent=5573/active/ jphase=absent killpid=
05:37:49.499131588 pdns=5467/0/active/running/ named=0/inactive/dead/ agent=5573/active/ jphase=absent killpid=
05:37:49.783379306 pdns=5467/0/active/running/ named=0/inactive/dead/ agent=5573/active/ jphase=absent killpid=
05:37:50.066727661 pdns=5467/0/active/running/ named=0/inactive/dead/ agent=5573/active/ jphase=absent killpid=
05:37:50.358590127 pdns=5467/0/active/running/ named=0/inactive/dead/ agent=5573/active/ jphase=absent killpid=
