03:05:30.993192810 CHANGE journal none -> absent
03:05:31.005332223 CHANGE ledger none -> 177f61d12ed0bb85e6ea535b807b376e26bbe0871405a13867c0b3cb6ea4b211
03:05:31.008915429 CHANGE state none -> absent
03:05:31.012582852 CHANGE pdnsdb none -> absent
03:05:31.016628493 POINTER 
03:05:31.018497124 pdns=0/0/inactive/dead/ named=0/inactive/dead/ agent=0/inactive/ jphase=absent killpid=
03:05:31.301845932 pdns=0/0/inactive/dead/ named=0/inactive/dead/ agent=0/inactive/ jphase=absent killpid=
03:05:31.588502405 pdns=0/0/inactive/dead/ named=0/inactive/dead/ agent=0/inactive/ jphase=absent killpid=
03:05:31.868673249 pdns=0/0/inactive/dead/ named=0/inactive/dead/ agent=0/inactive/ jphase=absent killpid=
03:05:32.144595245 pdns=0/0/inactive/dead/ named=0/inactive/dead/ agent=0/inactive/ jphase=absent killpid=
03:05:32.425095649 pdns=0/0/inactive/dead/ named=0/inactive/dead/ agent=0/inactive/ jphase=absent killpid=
03:05:32.703721876 pdns=0/0/inactive/dead/ named=0/inactive/dead/ agent=0/inactive/ jphase=absent killpid=
03:05:33.016897716 pdns=0/0/inactive/dead/ named=0/inactive/dead/ agent=0/inactive/ jphase=absent killpid=
03:05:33.307450995 pdns=0/0/inactive/dead/ named=0/inactive/dead/ agent=0/inactive/ jphase=absent killpid=
03:05:33.589647690 pdns=0/0/inactive/dead/ named=0/inactive/dead/ agent=0/inactive/ jphase=absent killpid=2090,
03:05:33.862548443 pdns=0/0/inactive/dead/ named=0/inactive/dead/ agent=0/inactive/ jphase=absent killpid=2090,
03:05:34.135967795 pdns=0/0/inactive/dead/ named=0/inactive/dead/ agent=0/inactive/ jphase=absent killpid=2090,
03:05:34.408680138 pdns=0/0/inactive/dead/ named=0/inactive/dead/ agent=0/inactive/ jphase=absent killpid=2090,
03:05:34.690035548 CHANGE ledger 177f61d12ed0bb85e6ea535b807b376e26bbe0871405a13867c0b3cb6ea4b211 -> 19a3a9c232ca423e8f7777534ba68fb953c0ef0db9b3caabfb5e7ebe5783c9c3
03:05:34.694301676 pdns=0/0/inactive/dead/ named=0/inactive/dead/ agent=0/inactive/ jphase=absent killpid=2090,2373,
03:05:35.002807133 CHANGE ledger 19a3a9c232ca423e8f7777534ba68fb953c0ef0db9b3caabfb5e7ebe5783c9c3 -> 04279a043a085218b8114fbe028188ce9a06ffa0aae2e91e7c3a6657c6fe86cf
03:05:35.006996871 pdns=0/0/inactive/dead/ named=0/inactive/dead/ agent=0/inactive/ jphase=absent killpid=2090,2384,
03:05:35.296567975 pdns=0/0/inactive/dead/ named=0/inactive/dead/ agent=0/inactive/ jphase=absent killpid=2090,2384,
03:05:35.583432379 pdns=0/0/inactive/dead/ named=0/inactive/dead/ agent=0/inactive/ jphase=absent killpid=2090,2384,
03:05:35.868506752 pdns=0/0/inactive/dead/ named=0/inactive/dead/ agent=0/inactive/ jphase=absent killpid=2090,2384,
03:05:36.154081423 pdns=0/0/inactive/dead/ named=0/inactive/dead/ agent=0/inactive/ jphase=absent killpid=2090,2384,
03:05:36.437729983 pdns=0/0/inactive/dead/ named=0/inactive/dead/ agent=0/inactive/ jphase=absent killpid=2090,2384,
03:05:36.740547081 pdns=0/0/inactive/dead/ named=0/inactive/dead/ agent=0/inactive/ jphase=absent killpid=2090,2384,
03:05:37.028342743 pdns=0/0/inactive/dead/ named=0/inactive/dead/ agent=0/inactive/ jphase=absent killpid=2090,2384,
03:05:37.307446992 pdns=0/0/inactive/dead/ named=0/inactive/dead/ agent=0/inactive/ jphase=absent killpid=2090,2384,
03:05:37.591327472 pdns=0/0/inactive/dead/ named=0/inactive/dead/ agent=0/inactive/ jphase=absent killpid=2090,2384,
03:05:37.896256381 pdns=0/0/inactive/dead/ named=0/inactive/dead/ agent=0/inactive/ jphase=absent killpid=2090,2384,
03:05:38.196200422 pdns=0/0/inactive/dead/ named=0/inactive/dead/ agent=0/inactive/ jphase=absent killpid=2090,2384,
03:05:38.478579682 pdns=0/0/inactive/dead/ named=0/inactive/dead/ agent=0/inactive/ jphase=absent killpid=2090,2384,
03:05:38.779697498 pdns=0/0/inactive/dead/ named=0/inactive/dead/ agent=0/inactive/ jphase=absent killpid=2090,2384,
03:05:39.113682404 pdns=0/0/inactive/dead/ named=0/inactive/dead/ agent=0/inactive/ jphase=absent killpid=2090,2384,
03:05:39.397518426 pdns=0/0/inactive/dead/ named=0/inactive/dead/ agent=0/inactive/ jphase=absent killpid=2090,2384,
03:05:39.693648330 CHANGE ledger 04279a043a085218b8114fbe028188ce9a06ffa0aae2e91e7c3a6657c6fe86cf -> 5211169fc8b75b93c0fe65302a01d295735847919b05168150dba357190d73d2
03:05:39.698855791 pdns=0/0/inactive/dead/ named=0/inactive/dead/ agent=0/inactive/ jphase=absent killpid=2090,2384,
03:05:39.991967818 pdns=0/0/inactive/dead/ named=0/inactive/dead/ agent=0/inactive/ jphase=absent killpid=2090,2384,
03:05:40.330356705 pdns=0/0/inactive/dead/ named=0/inactive/dead/ agent=0/inactive/ jphase=absent killpid=2090,2384,
03:05:40.737165473 pdns=0/0/inactive/dead/ named=0/inactive/dead/ agent=0/inactive/ jphase=absent killpid=2090,2384,
03:05:41.020761102 pdns=0/0/inactive/dead/ named=0/inactive/dead/ agent=0/inactive/ jphase=absent killpid=2090,2384,
03:05:41.318921275 pdns=0/0/inactive/dead/ named=0/inactive/dead/ agent=0/inactive/ jphase=absent killpid=2090,2384,
03:05:41.613730740 CHANGE ledger 5211169fc8b75b93c0fe65302a01d295735847919b05168150dba357190d73d2 -> a08b24d5cb622482ad3335c5e1a85af73c56b0b7df107b41c102e46a10039544
03:05:41.625783749 pdns=0/0/inactive/dead/ named=0/inactive/dead/ agent=0/inactive/ jphase=absent killpid=2090,3367,
03:05:41.926680821 CHANGE ledger a08b24d5cb622482ad3335c5e1a85af73c56b0b7df107b41c102e46a10039544 -> fc18c394e20e6adcd73da655221ba234dd9d8394025c0fc8e5031b7755df977b
03:05:41.931483663 pdns=0/0/inactive/dead/ named=0/inactive/dead/ agent=0/inactive/ jphase=absent killpid=2090,
03:05:42.232731000 CHANGE ledger fc18c394e20e6adcd73da655221ba234dd9d8394025c0fc8e5031b7755df977b -> a8c9e6f90bac2e5ceb1d31576c3e9738cef283872a9e1c362775d4e9c85a2725
03:05:42.237558109 pdns=0/0/inactive/dead/ named=0/inactive/dead/ agent=0/inactive/ jphase=absent killpid=2090,3516,
03:05:42.519388951 pdns=0/0/inactive/dead/ named=0/inactive/dead/ agent=0/inactive/ jphase=absent killpid=2090,3516,
03:05:42.806399638 pdns=0/0/inactive/dead/ named=0/inactive/dead/ agent=0/inactive/ jphase=absent killpid=2090,3516,
03:05:43.090442398 pdns=0/0/inactive/dead/ named=0/inactive/dead/ agent=0/inactive/ jphase=absent killpid=2090,3516,
03:05:43.381128630 pdns=0/0/inactive/dead/ named=0/inactive/dead/ agent=0/inactive/ jphase=absent killpid=2090,3516,
03:05:43.671088195 pdns=0/0/inactive/dead/ named=0/inactive/dead/ agent=0/inactive/ jphase=absent killpid=2090,3516,
03:05:43.971476518 pdns=0/0/inactive/dead/ named=0/inactive/dead/ agent=0/inactive/ jphase=absent killpid=2090,3516,
03:05:44.259425518 pdns=0/0/inactive/dead/ named=0/inactive/dead/ agent=0/inactive/ jphase=absent killpid=2090,3516,
03:05:44.543169098 pdns=0/0/inactive/dead/ named=0/inactive/dead/ agent=0/inactive/ jphase=absent killpid=2090,3516,
03:05:44.840112207 CHANGE ledger a8c9e6f90bac2e5ceb1d31576c3e9738cef283872a9e1c362775d4e9c85a2725 -> 72762c276a06fb5d07ebb68fe343dc6c5f77979485abf29055149c76a5a3d8b6
03:05:44.844373509 pdns=0/0/inactive/dead/ named=0/inactive/dead/ agent=0/inactive/ jphase=absent killpid=2090,3516,
03:05:45.152611586 pdns=0/0/inactive/dead/ named=0/inactive/dead/ agent=0/inactive/ jphase=absent killpid=2090,3516,
03:05:45.442627647 pdns=0/0/inactive/dead/ named=0/inactive/dead/ agent=0/inactive/ jphase=absent killpid=2090,3516,
03:05:45.725988881 pdns=0/0/inactive/dead/ named=0/inactive/dead/ agent=0/inactive/ jphase=absent killpid=2090,3516,
03:05:46.011865918 pdns=0/0/inactive/dead/ named=0/inactive/dead/ agent=0/inactive/ jphase=absent killpid=2090,4255,
03:05:46.530673694 CHANGE ledger 72762c276a06fb5d07ebb68fe343dc6c5f77979485abf29055149c76a5a3d8b6 -> 58af027c20aafb2d293075e6c425dbec26a5f676419f43c6a22691e704e40e91
03:05:46.535604983 pdns=0/0/inactive/dead/ named=0/inactive/dead/ agent=0/inactive/ jphase=absent killpid=2090,
03:05:46.840864820 CHANGE ledger 58af027c20aafb2d293075e6c425dbec26a5f676419f43c6a22691e704e40e91 -> 796fdc5d9f8a7916ab7ff455f8c5ab058a7caa14934e6f3c4dc9712c694733ea
03:05:46.845144541 pdns=0/0/inactive/dead/ named=0/inactive/dead/ agent=0/inactive/ jphase=absent killpid=2090,
03:05:47.138959893 CHANGE journal absent -> d6a9ee2f774d0af09b7e30e72b253c63589b1cdfc63a5f74cbdb66b8568fe685
03:05:47.148798900 CHANGE ledger 796fdc5d9f8a7916ab7ff455f8c5ab058a7caa14934e6f3c4dc9712c694733ea -> 84c8f34b44b1c7023097351078972a79a44ce9cf1ff40a213b60008097bcc2b7
03:05:47.152720163 pdns=0/0/inactive/dead/ named=0/inactive/dead/ agent=0/inactive/ jphase=intent killpid=2090,
03:05:47.436745551 CHANGE journal d6a9ee2f774d0af09b7e30e72b253c63589b1cdfc63a5f74cbdb66b8568fe685 -> 0235c1ad2bddb82c13fc672b81ae61e0511fc57aaca306e045ab54da0d64df4a
03:05:47.445859379 CHANGE ledger 84c8f34b44b1c7023097351078972a79a44ce9cf1ff40a213b60008097bcc2b7 -> ca424d288673bacff1a6009849b670c68b5d7d735cf2aa3bdcbb6e9a0d540c5f
03:05:47.457724496 CHANGE pdnsdb absent -> 35cdac176becb2d04628c971b5e5a7fea0c406daa97f4f841fffb5c170b17ece
03:05:47.462107841 pdns=0/0/inactive/dead/ named=0/inactive/dead/ agent=0/inactive/ jphase=target-enable-intent killpid=2090,4699,
03:05:47.783507632 CHANGE ledger ca424d288673bacff1a6009849b670c68b5d7d735cf2aa3bdcbb6e9a0d540c5f -> 5fdf238f5364bc3eb994512e4652a56151f09d1775c411fd0987964a35d91002
03:05:47.794565910 pdns=0/0/inactive/dead/ named=0/inactive/dead/ agent=0/inactive/ jphase=target-enable-intent killpid=2090,4894,
03:05:48.452010777 CHANGE ledger 5fdf238f5364bc3eb994512e4652a56151f09d1775c411fd0987964a35d91002 -> f7c40611b100d70162227b045105a2a4c8fab68eda85cec54fbafde78adc3b75
03:05:48.472694471 pdns=0/0/inactive/dead/ named=0/inactive/dead/ agent=0/inactive/ jphase=target-enable-intent killpid=2090,5012,
03:05:48.789585059 CHANGE ledger f7c40611b100d70162227b045105a2a4c8fab68eda85cec54fbafde78adc3b75 -> 0d6d7bdd42b78651cae7eba47f9acf19cbd23f9d0b7e292433f554fc268f4423
03:05:48.800883876 pdns=0/0/inactive/dead/ named=0/inactive/dead/ agent=0/inactive/ jphase=target-enable-intent killpid=2090,5176,
03:05:49.409725666 CHANGE ledger 0d6d7bdd42b78651cae7eba47f9acf19cbd23f9d0b7e292433f554fc268f4423 -> 4d12433bca09176702a6b8c668be4b529ed6b7dcba6c0dbad06418df7f5b9855
03:05:49.423883057 pdns=0/0/inactive/dead/ named=0/inactive/dead/ agent=0/inactive/ jphase=target-enable-intent killpid=2090,5332,
03:05:49.756352541 CHANGE ledger 4d12433bca09176702a6b8c668be4b529ed6b7dcba6c0dbad06418df7f5b9855 -> 6ddab52656f86742a0320f49125165b5b963027d26209051a1d08a0b34564264
03:05:49.777972943 CHANGE pdnsdb 35cdac176becb2d04628c971b5e5a7fea0c406daa97f4f841fffb5c170b17ece -> 395ddb82afa7572056a81050a4540ff63c0a9fa30cacb45a51834b6441b4e02c
03:05:49.782508911 pdns=5370/0/active/running/ named=0/inactive/dead/ agent=0/inactive/ jphase=target-started killpid=
03:05:50.190068357 CHANGE journal 0235c1ad2bddb82c13fc672b81ae61e0511fc57aaca306e045ab54da0d64df4a -> bbaf51e6a4a6fcd8d8e6a194895c9f60b2e68635dc3df60767e3b476b702ca62
03:05:50.207388145 CHANGE pdnsdb 395ddb82afa7572056a81050a4540ff63c0a9fa30cacb45a51834b6441b4e02c -> 2b6f5e1ae2d984dcf455e5f5b1aba9fdbeb80ea35770e97c394f247b399c6a47
03:05:50.211207839 pdns=5370/0/active/running/ named=0/inactive/dead/ agent=5462/active/ jphase=target-started killpid=
03:05:50.501899224 pdns=5370/0/active/running/ named=0/inactive/dead/ agent=5462/active/ jphase=target-started killpid=
03:05:50.811402013 pdns=5370/0/active/running/ named=0/inactive/dead/ agent=5462/active/ jphase=target-started killpid=
03:05:51.145365474 pdns=5370/0/active/running/ named=0/inactive/dead/ agent=5462/active/ jphase=target-started killpid=
03:05:51.442822767 CHANGE journal bbaf51e6a4a6fcd8d8e6a194895c9f60b2e68635dc3df60767e3b476b702ca62 -> 709e1082a50cd804047ebb72372bb16c9e1a96987f30c5c9a28367c350b6fe6a
03:05:51.457262658 pdns=5370/0/active/running/ named=0/inactive/dead/ agent=5462/active/ jphase=target-started killpid=
03:05:51.748163923 pdns=5370/0/active/running/ named=0/inactive/dead/ agent=5462/active/ jphase=target-started killpid=
03:05:52.040237863 pdns=5370/0/active/running/ named=0/inactive/dead/ agent=5462/active/ jphase=target-started killpid=
03:05:52.357833360 pdns=5370/0/active/running/ named=0/inactive/dead/ agent=5462/active/ jphase=target-started killpid=
03:05:52.658858321 pdns=5370/0/active/running/ named=0/inactive/dead/ agent=5462/active/ jphase=target-started killpid=
03:05:52.962202848 pdns=5370/0/active/running/ named=0/inactive/dead/ agent=5462/active/ jphase=target-started killpid=
03:05:53.253664567 pdns=5370/0/active/running/ named=0/inactive/dead/ agent=5462/active/ jphase=target-started killpid=
03:05:53.553249298 pdns=5370/0/active/running/ named=0/inactive/dead/ agent=5462/active/ jphase=target-started killpid=
03:05:53.851449916 pdns=5370/0/active/running/ named=0/inactive/dead/ agent=5462/active/ jphase=target-started killpid=
03:05:54.163869396 CHANGE state absent -> a71e4501815c1f40fa0d067797b331653b2607d76ef65c4de46ee161ec1efa91
03:05:54.174780859 pdns=5370/0/active/running/ named=0/inactive/dead/ agent=5462/active/ jphase=target-started killpid=
03:05:54.516934402 pdns=5370/0/active/running/ named=0/inactive/dead/ agent=5462/active/ jphase=target-started killpid=
03:05:54.819051244 pdns=5370/0/active/running/ named=0/inactive/dead/ agent=5462/active/ jphase=target-started killpid=
03:05:55.122301479 pdns=5370/0/active/running/ named=0/inactive/dead/ agent=5462/active/ jphase=target-started killpid=
03:05:55.446583756 pdns=5370/0/active/running/ named=0/inactive/dead/ agent=5462/active/ jphase=target-started killpid=
03:05:55.784697302 pdns=5370/0/active/running/ named=0/inactive/dead/ agent=5462/active/ jphase=target-started killpid=
03:05:56.130241304 pdns=5370/0/active/running/ named=0/inactive/dead/ agent=5462/active/ jphase=target-started killpid=
03:05:56.434525350 pdns=5370/0/active/running/ named=0/inactive/dead/ agent=5462/active/ jphase=target-started killpid=
03:05:56.744190114 CHANGE journal 709e1082a50cd804047ebb72372bb16c9e1a96987f30c5c9a28367c350b6fe6a -> 3bb2e900771591d833b3c079738ba32a8bde0e5457cface5376540fd57d579a2
03:05:56.772404060 pdns=5370/0/active/running/ named=0/inactive/dead/ agent=5462/active/ jphase=target-verified killpid=
03:05:57.098122820 pdns=5370/0/active/running/ named=0/inactive/dead/ agent=5462/active/ jphase=target-verified killpid=
03:05:57.412247596 pdns=5370/0/active/running/ named=0/inactive/dead/ agent=5462/active/ jphase=target-verified killpid=
03:05:57.707691535 pdns=5370/0/active/running/ named=0/inactive/dead/ agent=5462/active/ jphase=target-verified killpid=
03:05:58.025685945 pdns=5370/0/active/running/ named=0/inactive/dead/ agent=5462/active/ jphase=target-verified killpid=
03:05:58.341386942 pdns=5370/0/active/running/ named=0/inactive/dead/ agent=5462/active/ jphase=target-verified killpid=
03:05:58.646317823 pdns=5370/0/active/running/ named=0/inactive/dead/ agent=5462/active/ jphase=target-verified killpid=
03:05:58.952797157 pdns=5370/0/active/running/ named=0/inactive/dead/ agent=5462/active/ jphase=target-verified killpid=
03:05:59.259318352 pdns=5370/0/active/running/ named=0/inactive/dead/ agent=5462/active/ jphase=committed killpid=
03:05:59.554255903 CHANGE journal 3bb2e900771591d833b3c079738ba32a8bde0e5457cface5376540fd57d579a2 -> 287f55d28aad0c60fef6658f0b606327e369282148ba660414496c7648f018d3
03:05:59.572787864 pdns=5370/0/active/running/ named=0/inactive/dead/ agent=5462/active/ jphase=committed killpid=
03:05:59.913672415 pdns=5370/0/active/running/ named=0/inactive/dead/ agent=5462/active/ jphase=committed killpid=
03:06:00.239475078 pdns=5370/0/active/running/ named=0/inactive/dead/ agent=5462/active/ jphase=committed killpid=
03:06:00.546766448 pdns=5370/0/active/running/ named=0/inactive/dead/ agent=5462/active/ jphase=committed killpid=
03:06:00.853582923 pdns=5370/0/active/running/ named=0/inactive/dead/ agent=5462/active/ jphase=committed killpid=
03:06:01.153970942 pdns=5370/0/active/running/ named=0/inactive/dead/ agent=5462/active/ jphase=committed killpid=
03:06:01.458289050 pdns=5370/0/active/running/ named=0/inactive/dead/ agent=5462/active/ jphase=committed killpid=
03:06:01.785492104 pdns=5370/0/active/running/ named=0/inactive/dead/ agent=5462/active/ jphase=committed killpid=
03:06:02.104381648 pdns=5370/0/active/running/ named=0/inactive/dead/ agent=5462/active/ jphase=committed killpid=
03:06:02.421182121 pdns=5370/0/active/running/ named=0/inactive/dead/ agent=5462/active/ jphase=committed killpid=
03:06:02.723074861 pdns=5370/0/active/running/ named=0/inactive/dead/ agent=5462/active/ jphase=committed killpid=
03:06:03.003460702 CHANGE journal 287f55d28aad0c60fef6658f0b606327e369282148ba660414496c7648f018d3 -> absent
03:06:03.022871355 pdns=5370/0/active/running/ named=0/inactive/dead/ agent=5462/active/ jphase=absent killpid=
03:06:03.335036640 pdns=5370/0/active/running/ named=0/inactive/dead/ agent=5462/active/ jphase=absent killpid=
03:06:03.652085402 CHANGE ledger 6ddab52656f86742a0320f49125165b5b963027d26209051a1d08a0b34564264 -> 5f7db220ffe8e911c24525ac98c127a881321dd1abd75af3a3e41a07a1360e3a
03:06:03.664473397 pdns=5370/0/active/running/ named=0/inactive/dead/ agent=5462/active/ jphase=absent killpid=
03:06:03.974379281 pdns=5370/0/active/running/ named=0/inactive/dead/ agent=5462/active/ jphase=absent killpid=
03:06:04.287381777 pdns=5370/0/active/running/ named=0/inactive/dead/ agent=5462/active/ jphase=absent killpid=
03:06:04.574702124 pdns=5370/0/active/running/ named=0/inactive/dead/ agent=5462/active/ jphase=absent killpid=
03:06:04.855724642 pdns=5370/0/active/running/ named=0/inactive/dead/ agent=5462/active/ jphase=absent killpid=
03:06:05.167318694 pdns=5370/0/active/running/ named=0/inactive/dead/ agent=5462/active/ jphase=absent killpid=
03:06:05.516054408 pdns=5370/0/active/running/ named=0/inactive/dead/ agent=5462/active/ jphase=absent killpid=
03:06:05.803858066 pdns=5370/0/active/running/ named=0/inactive/dead/ agent=5462/active/ jphase=absent killpid=
03:06:06.090106422 pdns=5370/0/active/running/ named=0/inactive/dead/ agent=5462/active/ jphase=absent killpid=
03:06:06.372899296 pdns=5370/0/active/running/ named=0/inactive/dead/ agent=5462/active/ jphase=absent killpid=
03:06:06.656117467 pdns=5370/0/active/running/ named=0/inactive/dead/ agent=5462/active/ jphase=absent killpid=
03:06:06.943405898 pdns=5370/0/active/running/ named=0/inactive/dead/ agent=5462/active/ jphase=absent killpid=
03:06:07.241679838 pdns=5370/0/active/running/ named=0/inactive/dead/ agent=5462/active/ jphase=absent killpid=
03:06:07.532126981 pdns=5370/0/active/running/ named=0/inactive/dead/ agent=5462/active/ jphase=absent killpid=
03:06:07.816061181 pdns=5370/0/active/running/ named=0/inactive/dead/ agent=5462/active/ jphase=absent killpid=
03:06:08.101546849 pdns=5370/0/active/running/ named=0/inactive/dead/ agent=5462/active/ jphase=absent killpid=
03:06:08.388386237 pdns=5370/0/active/running/ named=0/inactive/dead/ agent=5462/active/ jphase=absent killpid=
03:06:08.674953174 pdns=5370/0/active/running/ named=0/inactive/dead/ agent=5462/active/ jphase=absent killpid=
03:06:08.960221552 pdns=5370/0/active/running/ named=0/inactive/dead/ agent=5462/active/ jphase=absent killpid=
03:06:09.244204040 pdns=5370/0/active/running/ named=0/inactive/dead/ agent=5462/active/ jphase=absent killpid=
03:06:09.540627252 pdns=5370/0/active/running/ named=0/inactive/dead/ agent=5462/active/ jphase=absent killpid=
03:06:09.834863312 pdns=5370/0/active/running/ named=0/inactive/dead/ agent=5462/active/ jphase=absent killpid=
03:06:10.117701663 pdns=5370/0/active/running/ named=0/inactive/dead/ agent=5462/active/ jphase=absent killpid=
03:06:10.402528267 pdns=5370/0/active/running/ named=0/inactive/dead/ agent=5462/active/ jphase=absent killpid=
03:06:10.689608877 pdns=5370/0/active/running/ named=0/inactive/dead/ agent=5462/active/ jphase=absent killpid=
03:06:10.973894162 pdns=5370/0/active/running/ named=0/inactive/dead/ agent=5462/active/ jphase=absent killpid=
03:06:11.260445624 pdns=5370/0/active/running/ named=0/inactive/dead/ agent=5462/active/ jphase=absent killpid=
03:06:11.541456548 pdns=5370/0/active/running/ named=0/inactive/dead/ agent=5462/active/ jphase=absent killpid=
03:06:11.831744370 pdns=5370/0/active/running/ named=0/inactive/dead/ agent=5462/active/ jphase=absent killpid=
03:06:12.122001092 pdns=5370/0/active/running/ named=0/inactive/dead/ agent=5462/active/ jphase=absent killpid=
03:06:12.404981764 pdns=5370/0/active/running/ named=0/inactive/dead/ agent=5462/active/ jphase=absent killpid=
03:06:12.686559036 pdns=5370/0/active/running/ named=0/inactive/dead/ agent=5462/active/ jphase=absent killpid=
03:06:12.968877722 pdns=5370/0/active/running/ named=0/inactive/dead/ agent=5462/active/ jphase=absent killpid=
03:06:13.253885489 pdns=5370/0/active/running/ named=0/inactive/dead/ agent=5462/active/ jphase=absent killpid=
03:06:13.535938930 pdns=5370/0/active/running/ named=0/inactive/dead/ agent=5462/active/ jphase=absent killpid=
03:06:13.821793104 pdns=5370/0/active/running/ named=0/inactive/dead/ agent=5462/active/ jphase=absent killpid=
03:06:14.103615450 pdns=5370/0/active/running/ named=0/inactive/dead/ agent=5462/active/ jphase=absent killpid=
03:06:14.384911009 pdns=5370/0/active/running/ named=0/inactive/dead/ agent=5462/active/ jphase=absent killpid=
03:06:14.664527199 pdns=5370/0/active/running/ named=0/inactive/dead/ agent=5462/active/ jphase=absent killpid=
03:06:14.945627015 pdns=5370/0/active/running/ named=0/inactive/dead/ agent=5462/active/ jphase=absent killpid=
03:06:15.244290090 pdns=5370/0/active/running/ named=0/inactive/dead/ agent=5462/active/ jphase=absent killpid=
03:06:15.526211849 pdns=5370/0/active/running/ named=0/inactive/dead/ agent=5462/active/ jphase=absent killpid=
03:06:15.813617052 pdns=5370/0/active/running/ named=0/inactive/dead/ agent=5462/active/ jphase=absent killpid=
03:06:16.101855317 pdns=5370/0/active/running/ named=0/inactive/dead/ agent=5462/active/ jphase=absent killpid=
03:06:16.384528668 pdns=5370/0/active/running/ named=0/inactive/dead/ agent=5462/active/ jphase=absent killpid=
03:06:16.665975367 pdns=5370/0/active/running/ named=0/inactive/dead/ agent=5462/active/ jphase=absent killpid=
03:06:16.961947807 pdns=5370/0/active/running/ named=0/inactive/dead/ agent=5462/active/ jphase=absent killpid=
03:06:17.242022994 pdns=5370/0/active/running/ named=0/inactive/dead/ agent=5462/active/ jphase=absent killpid=
03:06:17.524707465 pdns=5370/0/active/running/ named=0/inactive/dead/ agent=5462/active/ jphase=absent killpid=
03:06:17.806071615 pdns=5370/0/active/running/ named=0/inactive/dead/ agent=5462/active/ jphase=absent killpid=
03:06:18.093563369 pdns=5370/0/active/running/ named=0/inactive/dead/ agent=5462/active/ jphase=absent killpid=
03:06:18.386009367 pdns=5370/0/active/running/ named=0/inactive/dead/ agent=5462/active/ jphase=absent killpid=
03:06:18.670659918 pdns=5370/0/active/running/ named=0/inactive/dead/ agent=5462/active/ jphase=absent killpid=
03:06:18.963219819 pdns=5370/0/active/running/ named=0/inactive/dead/ agent=5462/active/ jphase=absent killpid=
03:06:19.295143730 pdns=5370/0/active/running/ named=0/inactive/dead/ agent=5462/active/ jphase=absent killpid=
03:06:19.575814777 pdns=5370/0/active/running/ named=0/inactive/dead/ agent=5462/active/ jphase=absent killpid=
03:06:19.866571742 pdns=5370/0/active/running/ named=0/inactive/dead/ agent=5462/active/ jphase=absent killpid=
03:06:20.153387559 pdns=5370/0/active/running/ named=0/inactive/dead/ agent=5462/active/ jphase=absent killpid=
03:06:20.437405192 pdns=5370/0/active/running/ named=0/inactive/dead/ agent=5462/active/ jphase=absent killpid=
03:06:20.718334188 pdns=5370/0/active/running/ named=0/inactive/dead/ agent=5462/active/ jphase=absent killpid=
03:06:21.000993365 pdns=5370/0/active/running/ named=0/inactive/dead/ agent=5462/active/ jphase=absent killpid=
03:06:21.282762017 pdns=5370/0/active/running/ named=0/inactive/dead/ agent=5462/active/ jphase=absent killpid=
03:06:21.562405118 pdns=5370/0/active/running/ named=0/inactive/dead/ agent=5462/active/ jphase=absent killpid=
03:06:21.844710554 pdns=5370/0/active/running/ named=0/inactive/dead/ agent=5462/active/ jphase=absent killpid=
03:06:22.125893401 pdns=5370/0/active/running/ named=0/inactive/dead/ agent=5462/active/ jphase=absent killpid=
03:06:22.410375740 pdns=5370/0/active/running/ named=0/inactive/dead/ agent=5462/active/ jphase=absent killpid=
03:06:22.693473624 pdns=5370/0/active/running/ named=0/inactive/dead/ agent=5462/active/ jphase=absent killpid=
03:06:22.986265812 pdns=5370/0/active/running/ named=0/inactive/dead/ agent=5462/active/ jphase=absent killpid=
03:06:23.275821205 pdns=5370/0/active/running/ named=0/inactive/dead/ agent=5462/active/ jphase=absent killpid=
03:06:23.556204050 pdns=5370/0/active/running/ named=0/inactive/dead/ agent=5462/active/ jphase=absent killpid=
03:06:23.836961578 pdns=5370/0/active/running/ named=0/inactive/dead/ agent=5462/active/ jphase=absent killpid=
03:06:24.121200152 pdns=5370/0/active/running/ named=0/inactive/dead/ agent=5462/active/ jphase=absent killpid=
03:06:24.401311709 pdns=5370/0/active/running/ named=0/inactive/dead/ agent=5462/active/ jphase=absent killpid=
03:06:24.683598906 pdns=5370/0/active/running/ named=0/inactive/dead/ agent=5462/active/ jphase=absent killpid=
03:06:24.967440134 pdns=5370/0/active/running/ named=0/inactive/dead/ agent=5462/active/ jphase=absent killpid=
03:06:25.253742500 pdns=5370/0/active/running/ named=0/inactive/dead/ agent=5462/active/ jphase=absent killpid=
03:06:25.536559451 pdns=5370/0/active/running/ named=0/inactive/dead/ agent=5462/active/ jphase=absent killpid=
03:06:25.822974516 pdns=5370/0/active/running/ named=0/inactive/dead/ agent=5462/active/ jphase=absent killpid=
03:06:26.108602840 pdns=5370/0/active/running/ named=0/inactive/dead/ agent=5462/active/ jphase=absent killpid=
03:06:26.400908178 pdns=5370/0/active/running/ named=0/inactive/dead/ agent=5462/active/ jphase=absent killpid=
03:06:26.690754618 pdns=5370/0/active/running/ named=0/inactive/dead/ agent=5462/active/ jphase=absent killpid=
03:06:27.016983642 pdns=5370/0/active/running/ named=0/inactive/dead/ agent=5462/active/ jphase=absent killpid=
03:06:27.296949541 pdns=5370/0/active/running/ named=0/inactive/dead/ agent=5462/active/ jphase=absent killpid=
03:06:27.578602261 pdns=5370/0/active/running/ named=0/inactive/dead/ agent=5462/active/ jphase=absent killpid=
03:06:27.862323900 pdns=5370/0/active/running/ named=0/inactive/dead/ agent=5462/active/ jphase=absent killpid=
03:06:28.142752784 pdns=5370/0/active/running/ named=0/inactive/dead/ agent=5462/active/ jphase=absent killpid=
03:06:28.424767849 pdns=5370/0/active/running/ named=0/inactive/dead/ agent=5462/active/ jphase=absent killpid=
03:06:28.714340978 pdns=5370/0/active/running/ named=0/inactive/dead/ agent=5462/active/ jphase=absent killpid=
03:06:28.996644856 pdns=5370/0/active/running/ named=0/inactive/dead/ agent=5462/active/ jphase=absent killpid=
03:06:29.280091245 pdns=5370/0/active/running/ named=0/inactive/dead/ agent=5462/active/ jphase=absent killpid=
03:06:29.562365541 pdns=5370/0/active/running/ named=0/inactive/dead/ agent=5462/active/ jphase=absent killpid=
03:06:29.844549019 pdns=5370/0/active/running/ named=0/inactive/dead/ agent=5462/active/ jphase=absent killpid=
03:06:30.129552177 pdns=5370/0/active/running/ named=0/inactive/dead/ agent=5462/active/ jphase=absent killpid=
03:06:30.410550128 pdns=5370/0/active/running/ named=0/inactive/dead/ agent=5462/active/ jphase=absent killpid=
03:06:30.694422831 pdns=5370/0/active/running/ named=0/inactive/dead/ agent=5462/active/ jphase=absent killpid=
03:06:30.974274481 pdns=5370/0/active/running/ named=0/inactive/dead/ agent=5462/active/ jphase=absent killpid=
03:06:31.267308444 pdns=5370/0/active/running/ named=0/inactive/dead/ agent=5462/active/ jphase=absent killpid=
03:06:31.587890187 pdns=5370/0/active/running/ named=0/inactive/dead/ agent=5462/active/ jphase=absent killpid=
03:06:31.904647759 pdns=5370/0/active/running/ named=0/inactive/dead/ agent=5462/active/ jphase=absent killpid=
03:06:32.187888409 pdns=5370/0/active/running/ named=0/inactive/dead/ agent=5462/active/ jphase=absent killpid=
03:06:32.474562101 pdns=5370/0/active/running/ named=0/inactive/dead/ agent=5462/active/ jphase=absent killpid=
03:06:32.757736340 pdns=5370/0/active/running/ named=0/inactive/dead/ agent=5462/active/ jphase=absent killpid=
03:06:33.041598848 pdns=5370/0/active/running/ named=0/inactive/dead/ agent=5462/active/ jphase=absent killpid=
03:06:33.325672842 pdns=5370/0/active/running/ named=0/inactive/dead/ agent=5462/active/ jphase=absent killpid=
03:06:33.608461319 pdns=5370/0/active/running/ named=0/inactive/dead/ agent=5462/active/ jphase=absent killpid=
03:06:33.892095895 pdns=5370/0/active/running/ named=0/inactive/dead/ agent=5462/active/ jphase=absent killpid=
03:06:34.175361657 pdns=5370/0/active/running/ named=0/inactive/dead/ agent=5462/active/ jphase=absent killpid=
03:06:34.460831919 pdns=5370/0/active/running/ named=0/inactive/dead/ agent=5462/active/ jphase=absent killpid=
03:06:34.760625152 pdns=5370/0/active/running/ named=0/inactive/dead/ agent=5462/active/ jphase=absent killpid=
03:06:35.045240672 pdns=5370/0/active/running/ named=0/inactive/dead/ agent=5462/active/ jphase=absent killpid=
03:06:35.329761320 pdns=5370/0/active/running/ named=0/inactive/dead/ agent=5462/active/ jphase=absent killpid=
03:06:35.618745918 pdns=5370/0/active/running/ named=0/inactive/dead/ agent=5462/active/ jphase=absent killpid=
03:06:35.922112396 pdns=5370/0/active/running/ named=0/inactive/dead/ agent=5462/active/ jphase=absent killpid=
03:06:36.201874378 CHANGE ledger 5f7db220ffe8e911c24525ac98c127a881321dd1abd75af3a3e41a07a1360e3a -> 4401b7d0d410a776396c44e5cf148714e1e38f880b52a776c69c348cfc5ebb97
03:06:36.224122499 pdns=5370/0/active/running/ named=0/inactive/dead/ agent=5462/active/ jphase=absent killpid=
03:06:36.560591068 CHANGE ledger 4401b7d0d410a776396c44e5cf148714e1e38f880b52a776c69c348cfc5ebb97 -> 092bff41f82e767d1089693e51d46bf4fb6e2b855042c52246334c31a058b297
03:06:36.592507444 pdns=5370/0/active/running/ named=0/inactive/dead/ agent=5462/active/ jphase=absent killpid=
03:06:36.942008594 CHANGE ledger 092bff41f82e767d1089693e51d46bf4fb6e2b855042c52246334c31a058b297 -> f667efa66103800e87ac89b5a32a253dc508d90c2c6577e6aea7408fd901dfa3
03:06:36.975898204 pdns=5370/0/active/running/ named=0/inactive/dead/ agent=5462/active/ jphase=absent killpid=
03:06:37.332609745 CHANGE ledger f667efa66103800e87ac89b5a32a253dc508d90c2c6577e6aea7408fd901dfa3 -> 0c897eaf7af5c066e0f51f96299abf0faa3f4d64cf013149dfc9e8ee6ea570c1
03:06:37.348758402 pdns=5370/0/active/running/ named=0/inactive/dead/ agent=5462/active/ jphase=absent killpid=
03:06:37.663174777 CHANGE ledger 0c897eaf7af5c066e0f51f96299abf0faa3f4d64cf013149dfc9e8ee6ea570c1 -> 28e1ab1ef90df66d6fd724d9dffdf4aba5e3a73d64aec969ed49dcb14195221b
03:06:37.685610119 CHANGE pdnsdb 2b6f5e1ae2d984dcf455e5f5b1aba9fdbeb80ea35770e97c394f247b399c6a47 -> 8fed318ab75cd1ef065d13fae9c2af5010e3bc0870bda504323cef6bc847d202
03:06:37.689439850 pdns=5370/0/active/running/ named=0/inactive/dead/ agent=5462/active/ jphase=absent killpid=
03:06:38.017839970 CHANGE ledger 28e1ab1ef90df66d6fd724d9dffdf4aba5e3a73d64aec969ed49dcb14195221b -> ef3d8d18f409015eb98d1f7c6aa77e38aa3ce274f57577622725086cd44c15fc
03:06:38.032820921 pdns=5370/0/active/running/ named=0/inactive/dead/ agent=5462/active/ jphase=absent killpid=
03:06:38.347026215 CHANGE ledger ef3d8d18f409015eb98d1f7c6aa77e38aa3ce274f57577622725086cd44c15fc -> 79689a623cd4d6fe1648322d73bc626d36679ae2d87762b942e382f5886ae62f
03:06:38.360559767 pdns=5370/0/active/running/ named=0/inactive/dead/ agent=5462/active/ jphase=absent killpid=
03:06:38.671841909 CHANGE ledger 79689a623cd4d6fe1648322d73bc626d36679ae2d87762b942e382f5886ae62f -> 6860fc67b714b17bdf5f1660ba2f1a01ef911eee2d1b8072a5d834057f919aa4
03:06:38.687427895 pdns=5370/0/active/running/ named=0/inactive/dead/ agent=5462/active/ jphase=absent killpid=
03:06:39.003516957 CHANGE ledger 6860fc67b714b17bdf5f1660ba2f1a01ef911eee2d1b8072a5d834057f919aa4 -> 27fbc94b931679be3fbb13b22e335ea0ae05d89f3147143ca8a82fe75cc736e5
03:06:39.015365436 pdns=5370/0/active/running/ named=0/inactive/dead/ agent=5462/active/ jphase=absent killpid=
03:06:39.340190051 CHANGE ledger 27fbc94b931679be3fbb13b22e335ea0ae05d89f3147143ca8a82fe75cc736e5 -> 87e83c3224057e1ba3c2f9d5f6254fad12846f2be48d648169dc32fca4aa483e
03:06:39.356406283 pdns=5370/0/active/running/ named=0/inactive/dead/ agent=5462/active/ jphase=absent killpid=
03:06:39.650885659 pdns=5370/0/active/running/ named=0/inactive/dead/ agent=5462/active/ jphase=absent killpid=
03:06:39.932737524 pdns=5370/0/active/running/ named=0/inactive/dead/ agent=5462/active/ jphase=absent killpid=
03:06:40.222496642 pdns=5370/0/active/running/ named=0/inactive/dead/ agent=5462/active/ jphase=absent killpid=
03:06:40.512128895 pdns=5370/0/active/running/ named=0/inactive/dead/ agent=5462/active/ jphase=absent killpid=
03:06:40.804643754 pdns=5370/0/active/running/ named=0/inactive/dead/ agent=5462/active/ jphase=absent killpid=
03:06:41.102291002 pdns=5370/0/active/running/ named=0/inactive/dead/ agent=5462/active/ jphase=absent killpid=
03:06:41.385193010 pdns=5370/0/active/running/ named=0/inactive/dead/ agent=5462/active/ jphase=absent killpid=
03:06:41.666188830 pdns=5370/0/active/running/ named=0/inactive/dead/ agent=5462/active/ jphase=absent killpid=
03:06:41.948106975 pdns=5370/0/active/running/ named=0/inactive/dead/ agent=5462/active/ jphase=absent killpid=
03:06:42.228218773 pdns=5370/0/active/running/ named=0/inactive/dead/ agent=5462/active/ jphase=absent killpid=
03:06:42.513301513 pdns=5370/0/active/running/ named=0/inactive/dead/ agent=5462/active/ jphase=absent killpid=
03:06:42.824122205 CHANGE ledger 87e83c3224057e1ba3c2f9d5f6254fad12846f2be48d648169dc32fca4aa483e -> ca5d1cf8ef6738c03d13f5f8a2dbdea31061ab81c7f5aa96b6707047d1b412b0
03:06:42.840149704 pdns=5370/0/active/running/ named=0/inactive/dead/ agent=5462/active/ jphase=absent killpid=
03:06:43.149196379 CHANGE ledger ca5d1cf8ef6738c03d13f5f8a2dbdea31061ab81c7f5aa96b6707047d1b412b0 -> fdb0e422166ecae2f6a9b939367e566fbd5b9a0f87627a0f7a8d0986c80f8c1d
03:06:43.164552289 pdns=5370/0/active/running/ named=0/inactive/dead/ agent=5462/active/ jphase=absent killpid=
03:06:43.508648269 CHANGE ledger fdb0e422166ecae2f6a9b939367e566fbd5b9a0f87627a0f7a8d0986c80f8c1d -> 3f1595d90ba37a6929668828067d11cadbc702b1cef657f0cda294604b7f1bf7
03:06:43.527737291 pdns=5370/0/active/running/ named=0/inactive/dead/ agent=5462/active/ jphase=absent killpid=
03:06:43.826983185 CHANGE ledger 3f1595d90ba37a6929668828067d11cadbc702b1cef657f0cda294604b7f1bf7 -> 3594693672ddef461eb05857a1a931b52595c0d87e2e4323f75758f82432cb26
03:06:43.860811962 CHANGE pdnsdb 8fed318ab75cd1ef065d13fae9c2af5010e3bc0870bda504323cef6bc847d202 -> fc3f087691c6a9fab0e9dd4fccc1294cce42f02f02974273d6a8f5cf3536f67b
03:06:43.866364698 pdns=5370/0/active/running/ named=0/inactive/dead/ agent=5462/active/ jphase=absent killpid=
03:06:44.192942078 CHANGE ledger 3594693672ddef461eb05857a1a931b52595c0d87e2e4323f75758f82432cb26 -> a40d5e17e452e308f40f4ccfdb54a9ae29bba86fbb18b19e7f09c72927c86c41
03:06:44.214707080 pdns=5370/0/active/running/ named=0/inactive/dead/ agent=5462/active/ jphase=absent killpid=
03:06:44.522168116 CHANGE ledger a40d5e17e452e308f40f4ccfdb54a9ae29bba86fbb18b19e7f09c72927c86c41 -> db04212a3a7471ae393aaf2ebed64ccaaecf031a75c24aecb9124f53bc948ac6
03:06:44.541865079 pdns=5370/0/active/running/ named=0/inactive/dead/ agent=5462/active/ jphase=absent killpid=
03:06:44.859896008 CHANGE ledger db04212a3a7471ae393aaf2ebed64ccaaecf031a75c24aecb9124f53bc948ac6 -> c7fa7aa98ca51b2c2c5f6e589290e9c0789eae84998c4b6d0e3a5a906b875500
03:06:44.881831855 pdns=5370/0/active/running/ named=0/inactive/dead/ agent=5462/active/ jphase=absent killpid=
03:06:45.186890916 CHANGE ledger c7fa7aa98ca51b2c2c5f6e589290e9c0789eae84998c4b6d0e3a5a906b875500 -> 5c9fbcf7de958c44e55edbc3449baa440227a6f061a37d934852ca33b451e22f
03:06:45.198274016 pdns=5370/0/active/running/ named=0/inactive/dead/ agent=5462/active/ jphase=absent killpid=
03:06:45.490429571 pdns=5370/0/active/running/ named=0/inactive/dead/ agent=5462/active/ jphase=absent killpid=
03:06:45.770715870 CHANGE ledger 5c9fbcf7de958c44e55edbc3449baa440227a6f061a37d934852ca33b451e22f -> c98a964858d092152bf880c28508ceea7a1a2b72e98b58697264058de06ee76b
03:06:45.782561649 pdns=5370/0/active/running/ named=0/inactive/dead/ agent=5462/active/ jphase=absent killpid=
03:06:46.064223564 pdns=5370/0/active/running/ named=0/inactive/dead/ agent=5462/active/ jphase=absent killpid=
03:06:46.344247860 pdns=5370/0/active/running/ named=0/inactive/dead/ agent=5462/active/ jphase=absent killpid=
03:06:46.626707836 pdns=5370/0/active/running/ named=0/inactive/dead/ agent=5462/active/ jphase=absent killpid=
03:06:46.910968803 pdns=5370/0/active/running/ named=0/inactive/dead/ agent=5462/active/ jphase=absent killpid=
03:06:47.238960933 pdns=5370/0/active/running/ named=0/inactive/dead/ agent=5462/active/ jphase=absent killpid=
03:06:47.543236194 pdns=5370/0/active/running/ named=0/inactive/dead/ agent=5462/active/ jphase=absent killpid=
03:06:47.834178716 pdns=5370/0/active/running/ named=0/inactive/dead/ agent=5462/active/ jphase=absent killpid=
03:06:48.129827992 pdns=5370/0/active/running/ named=0/inactive/dead/ agent=5462/active/ jphase=absent killpid=
03:06:48.418826096 pdns=5370/0/active/running/ named=0/inactive/dead/ agent=5462/active/ jphase=absent killpid=
03:06:48.700605281 pdns=5370/0/active/running/ named=0/inactive/dead/ agent=5462/active/ jphase=absent killpid=
03:06:48.989925443 CHANGE ledger c98a964858d092152bf880c28508ceea7a1a2b72e98b58697264058de06ee76b -> 37a41db280d87a87216f7f22636524f80dc031219ffbe088e089a8ffb9faa3cc
03:06:49.007486947 pdns=5370/0/active/running/ named=0/inactive/dead/ agent=5462/active/ jphase=absent killpid=
03:06:49.317467562 CHANGE ledger 37a41db280d87a87216f7f22636524f80dc031219ffbe088e089a8ffb9faa3cc -> 3d0705acc292b3aecfbc4a7ca932bb624b170304add0de62672783450720969c
03:06:49.339757297 pdns=5370/0/active/running/ named=0/inactive/dead/ agent=5462/active/ jphase=absent killpid=
03:06:49.650050666 CHANGE ledger 3d0705acc292b3aecfbc4a7ca932bb624b170304add0de62672783450720969c -> ce16de3a28ed9ef83e8e31c191f74d39ae27212c04f6ecc0b190a5044746735b
03:06:49.681345336 pdns=5370/0/active/running/ named=0/inactive/dead/ agent=5462/active/ jphase=absent killpid=
03:06:50.027469611 CHANGE ledger ce16de3a28ed9ef83e8e31c191f74d39ae27212c04f6ecc0b190a5044746735b -> 515d1bdefd7c9635642dcfc60a3a62d07279f11ae5d0a8cd98eeac31797899b9
03:06:50.118435611 CHANGE pdnsdb fc3f087691c6a9fab0e9dd4fccc1294cce42f02f02974273d6a8f5cf3536f67b -> d17e6187ffad1562bd2b139fa3d9b69229e7c37dd8f89822c8ce5d3c7d2f3e68
03:06:50.128644265 pdns=5370/0/active/running/ named=0/inactive/dead/ agent=5462/active/ jphase=absent killpid=
03:06:50.486658290 CHANGE ledger 515d1bdefd7c9635642dcfc60a3a62d07279f11ae5d0a8cd98eeac31797899b9 -> 40b64d3bee345f582c9813c0bb0d6ffe10d33c182dd29fe6a8f4db8e2175c254
03:06:50.510630510 CHANGE pdnsdb d17e6187ffad1562bd2b139fa3d9b69229e7c37dd8f89822c8ce5d3c7d2f3e68 -> d91625ef4c5049d7577b6ac219a9c244b4c925b66faf10594c68972c9e390157
03:06:50.515947366 pdns=5370/0/active/running/ named=0/inactive/dead/ agent=5462/active/ jphase=absent killpid=
03:06:50.828643421 CHANGE ledger 40b64d3bee345f582c9813c0bb0d6ffe10d33c182dd29fe6a8f4db8e2175c254 -> c2a7445a8d5ef65b2e82a8d962386807dd03b746ed50330090e04d3e9808ee58
03:06:50.845542696 pdns=5370/0/active/running/ named=0/inactive/dead/ agent=5462/active/ jphase=absent killpid=
03:06:51.190367084 CHANGE ledger c2a7445a8d5ef65b2e82a8d962386807dd03b746ed50330090e04d3e9808ee58 -> b53325f77d174a83aff4c2a8dc769f213fcdbb405676a86b130e9258bf4b80f0
03:06:51.224325091 pdns=5370/0/active/running/ named=0/inactive/dead/ agent=5462/active/ jphase=absent killpid=
03:06:51.560442372 CHANGE ledger b53325f77d174a83aff4c2a8dc769f213fcdbb405676a86b130e9258bf4b80f0 -> 147beab9c6321002194d278549561de77516424de60f7e3e25d2ee2111ed64fc
03:06:51.574460100 pdns=5370/0/active/running/ named=0/inactive/dead/ agent=5462/active/ jphase=absent killpid=
03:06:51.864008655 CHANGE ledger 147beab9c6321002194d278549561de77516424de60f7e3e25d2ee2111ed64fc -> 93eb2522a8328ad69fc15b3f26ecd2be3999e0841c1e716615025cfcdc32d03f
03:06:51.875777814 pdns=5370/0/active/running/ named=0/inactive/dead/ agent=5462/active/ jphase=absent killpid=
03:06:52.161315760 pdns=5370/0/active/running/ named=0/inactive/dead/ agent=5462/active/ jphase=absent killpid=
03:06:52.442716453 pdns=5370/0/active/running/ named=0/inactive/dead/ agent=5462/active/ jphase=absent killpid=
03:06:52.726121222 pdns=5370/0/active/running/ named=0/inactive/dead/ agent=5462/active/ jphase=absent killpid=
03:06:53.010683342 pdns=5370/0/active/running/ named=0/inactive/dead/ agent=5462/active/ jphase=absent killpid=
03:06:53.292268479 pdns=5370/0/active/running/ named=0/inactive/dead/ agent=5462/active/ jphase=absent killpid=
03:06:53.573627063 pdns=5370/0/active/running/ named=0/inactive/dead/ agent=5462/active/ jphase=absent killpid=
03:06:53.859913663 pdns=5370/0/active/running/ named=0/inactive/dead/ agent=5462/active/ jphase=absent killpid=
03:06:54.148488611 CHANGE ledger 93eb2522a8328ad69fc15b3f26ecd2be3999e0841c1e716615025cfcdc32d03f -> e4ae10a49fb968172a17dfc7bd1994bad7862924193285c10e34ea4914951415
03:06:54.163017939 pdns=5370/0/active/running/ named=0/inactive/dead/ agent=5462/active/ jphase=absent killpid=
03:06:54.451735494 pdns=5370/0/active/running/ named=0/inactive/dead/ agent=5462/active/ jphase=absent killpid=
03:06:54.740223485 pdns=5370/0/active/running/ named=0/inactive/dead/ agent=5462/active/ jphase=absent killpid=
03:06:55.024796346 pdns=5370/0/active/running/ named=0/inactive/dead/ agent=5462/active/ jphase=absent killpid=
03:06:55.337465439 pdns=5370/0/active/running/ named=0/inactive/dead/ agent=5462/active/ jphase=absent killpid=
03:06:55.633558332 pdns=5370/0/active/running/ named=0/inactive/dead/ agent=5462/active/ jphase=absent killpid=
03:06:55.918507254 pdns=5370/0/active/running/ named=0/inactive/dead/ agent=5462/active/ jphase=absent killpid=
03:06:56.202449923 pdns=5370/0/active/running/ named=0/inactive/dead/ agent=5462/active/ jphase=absent killpid=
03:06:56.481982166 CHANGE ledger e4ae10a49fb968172a17dfc7bd1994bad7862924193285c10e34ea4914951415 -> 300d7dfe1d17f377919ff0044eb86681f7a16b6cc2e90fa54f34a3e18ef5ec3c
03:06:56.500045520 pdns=5370/0/active/running/ named=0/inactive/dead/ agent=5462/active/ jphase=absent killpid=
03:06:56.781196543 pdns=5370/0/active/running/ named=0/inactive/dead/ agent=5462/active/ jphase=absent killpid=
03:06:57.062592701 pdns=5370/0/active/running/ named=0/inactive/dead/ agent=5462/active/ jphase=absent killpid=
03:06:57.341538600 pdns=5370/0/active/running/ named=0/inactive/dead/ agent=5462/active/ jphase=absent killpid=
03:06:57.622166058 pdns=5370/0/active/running/ named=0/inactive/dead/ agent=5462/active/ jphase=absent killpid=
03:06:57.902190851 pdns=5370/0/active/running/ named=0/inactive/dead/ agent=5462/active/ jphase=absent killpid=
03:06:58.184371990 pdns=5370/0/active/running/ named=0/inactive/dead/ agent=5462/active/ jphase=absent killpid=
03:06:58.466872119 pdns=5370/0/active/running/ named=0/inactive/dead/ agent=5462/active/ jphase=absent killpid=
03:06:58.748344879 pdns=5370/0/active/running/ named=0/inactive/dead/ agent=5462/active/ jphase=absent killpid=
03:06:59.052332059 pdns=5370/0/active/running/ named=0/inactive/dead/ agent=5462/active/ jphase=absent killpid=
03:06:59.349308405 pdns=5370/0/active/running/ named=0/inactive/dead/ agent=5462/active/ jphase=absent killpid=
03:06:59.632256831 pdns=5370/0/active/running/ named=0/inactive/dead/ agent=5462/active/ jphase=absent killpid=
03:06:59.913018668 pdns=5370/0/active/running/ named=0/inactive/dead/ agent=5462/active/ jphase=absent killpid=
03:07:00.197889076 pdns=5370/0/active/running/ named=0/inactive/dead/ agent=5462/active/ jphase=absent killpid=
03:07:00.506681336 pdns=5370/0/active/running/ named=0/inactive/dead/ agent=5462/active/ jphase=absent killpid=
03:07:00.812720432 pdns=5370/0/active/running/ named=0/inactive/dead/ agent=5462/active/ jphase=absent killpid=
03:07:01.099513899 pdns=5370/0/active/running/ named=0/inactive/dead/ agent=5462/active/ jphase=absent killpid=
03:07:01.384114123 pdns=5370/0/active/running/ named=0/inactive/dead/ agent=5462/active/ jphase=absent killpid=
03:07:01.668548371 pdns=5370/0/active/running/ named=0/inactive/dead/ agent=5462/active/ jphase=absent killpid=
03:07:01.950106146 pdns=5370/0/active/running/ named=0/inactive/dead/ agent=5462/active/ jphase=absent killpid=
03:07:02.233280825 pdns=5370/0/active/running/ named=0/inactive/dead/ agent=5462/active/ jphase=absent killpid=
03:07:02.516464792 pdns=5370/0/active/running/ named=0/inactive/dead/ agent=5462/active/ jphase=absent killpid=
03:07:02.795682460 pdns=5370/0/active/running/ named=0/inactive/dead/ agent=5462/active/ jphase=absent killpid=
03:07:03.073984146 pdns=5370/0/active/running/ named=0/inactive/dead/ agent=5462/active/ jphase=absent killpid=
03:07:03.366454156 pdns=5370/0/active/running/ named=0/inactive/dead/ agent=5462/active/ jphase=absent killpid=
03:07:03.650544313 pdns=5370/0/active/running/ named=0/inactive/dead/ agent=5462/active/ jphase=absent killpid=
03:07:03.932864307 pdns=5370/0/active/running/ named=0/inactive/dead/ agent=5462/active/ jphase=absent killpid=
03:07:04.214299601 pdns=5370/0/active/running/ named=0/inactive/dead/ agent=5462/active/ jphase=absent killpid=
03:07:04.500173807 pdns=5370/0/active/running/ named=0/inactive/dead/ agent=5462/active/ jphase=absent killpid=
03:07:04.780347375 pdns=5370/0/active/running/ named=0/inactive/dead/ agent=5462/active/ jphase=absent killpid=
03:07:05.059956426 pdns=5370/0/active/running/ named=0/inactive/dead/ agent=5462/active/ jphase=absent killpid=
03:07:05.353804110 pdns=5370/0/active/running/ named=0/inactive/dead/ agent=5462/active/ jphase=absent killpid=
03:07:05.634562329 pdns=5370/0/active/running/ named=0/inactive/dead/ agent=5462/active/ jphase=absent killpid=
03:07:05.920546849 pdns=5370/0/active/running/ named=0/inactive/dead/ agent=5462/active/ jphase=absent killpid=
03:07:06.209807580 pdns=5370/0/active/running/ named=0/inactive/dead/ agent=5462/active/ jphase=absent killpid=
03:07:06.494587192 pdns=5370/0/active/running/ named=0/inactive/dead/ agent=5462/active/ jphase=absent killpid=
03:07:06.794361864 pdns=5370/0/active/running/ named=0/inactive/dead/ agent=5462/active/ jphase=absent killpid=
03:07:07.099558554 pdns=5370/0/active/running/ named=0/inactive/dead/ agent=5462/active/ jphase=absent killpid=
03:07:07.377769133 pdns=5370/0/active/running/ named=0/inactive/dead/ agent=5462/active/ jphase=absent killpid=
03:07:07.660400509 pdns=5370/0/active/running/ named=0/inactive/dead/ agent=5462/active/ jphase=absent killpid=
03:07:07.948629088 pdns=5370/0/active/running/ named=0/inactive/dead/ agent=5462/active/ jphase=absent killpid=
03:07:08.231914303 pdns=5370/0/active/running/ named=0/inactive/dead/ agent=5462/active/ jphase=absent killpid=
03:07:08.513261172 pdns=5370/0/active/running/ named=0/inactive/dead/ agent=5462/active/ jphase=absent killpid=
03:07:08.796559632 pdns=5370/0/active/running/ named=0/inactive/dead/ agent=5462/active/ jphase=absent killpid=
03:07:09.082718069 pdns=5370/0/active/running/ named=0/inactive/dead/ agent=5462/active/ jphase=absent killpid=
03:07:09.367158486 pdns=5370/0/active/running/ named=0/inactive/dead/ agent=5462/active/ jphase=absent killpid=
03:07:09.646663908 pdns=5370/0/active/running/ named=0/inactive/dead/ agent=5462/active/ jphase=absent killpid=
03:07:09.925839858 pdns=5370/0/active/running/ named=0/inactive/dead/ agent=5462/active/ jphase=absent killpid=
03:07:10.206860058 pdns=5370/0/active/running/ named=0/inactive/dead/ agent=5462/active/ jphase=absent killpid=
03:07:10.501076009 pdns=5370/0/active/running/ named=0/inactive/dead/ agent=5462/active/ jphase=absent killpid=
03:07:10.793255610 pdns=5370/0/active/running/ named=0/inactive/dead/ agent=5462/active/ jphase=absent killpid=
03:07:11.075500019 pdns=5370/0/active/running/ named=0/inactive/dead/ agent=5462/active/ jphase=absent killpid=
03:07:11.387973174 pdns=5370/0/active/running/ named=0/inactive/dead/ agent=5462/active/ jphase=absent killpid=
03:07:11.677933415 pdns=5370/0/active/running/ named=0/inactive/dead/ agent=5462/active/ jphase=absent killpid=
03:07:11.960179946 pdns=5370/0/active/running/ named=0/inactive/dead/ agent=5462/active/ jphase=absent killpid=
03:07:12.252277078 pdns=5370/0/active/running/ named=0/inactive/dead/ agent=5462/active/ jphase=absent killpid=
03:07:12.605721336 pdns=5370/0/active/running/ named=0/inactive/dead/ agent=5462/active/ jphase=absent killpid=
03:07:12.899263184 pdns=5370/0/active/running/ named=0/inactive/dead/ agent=5462/active/ jphase=absent killpid=
03:07:13.177678091 pdns=5370/0/active/running/ named=0/inactive/dead/ agent=5462/active/ jphase=absent killpid=
03:07:13.458343969 pdns=5370/0/active/running/ named=0/inactive/dead/ agent=5462/active/ jphase=absent killpid=
03:07:13.743343113 pdns=5370/0/active/running/ named=0/inactive/dead/ agent=5462/active/ jphase=absent killpid=
03:07:14.028671724 pdns=5370/0/active/running/ named=0/inactive/dead/ agent=5462/active/ jphase=absent killpid=
03:07:14.312128329 pdns=5370/0/active/running/ named=0/inactive/dead/ agent=5462/active/ jphase=absent killpid=
03:07:14.597443144 pdns=5370/0/active/running/ named=0/inactive/dead/ agent=5462/active/ jphase=absent killpid=
03:07:14.880999816 pdns=5370/0/active/running/ named=0/inactive/dead/ agent=5462/active/ jphase=absent killpid=
03:07:15.165532600 pdns=5370/0/active/running/ named=0/inactive/dead/ agent=5462/active/ jphase=absent killpid=
03:07:15.445725112 pdns=5370/0/active/running/ named=0/inactive/dead/ agent=5462/active/ jphase=absent killpid=
03:07:15.727575098 pdns=5370/0/active/running/ named=0/inactive/dead/ agent=5462/active/ jphase=absent killpid=
03:07:16.007003902 pdns=5370/0/active/running/ named=0/inactive/dead/ agent=5462/active/ jphase=absent killpid=
03:07:16.293570813 pdns=5370/0/active/running/ named=0/inactive/dead/ agent=5462/active/ jphase=absent killpid=
03:07:16.572482776 pdns=5370/0/active/running/ named=0/inactive/dead/ agent=5462/active/ jphase=absent killpid=
03:07:16.852330283 pdns=5370/0/active/running/ named=0/inactive/dead/ agent=5462/active/ jphase=absent killpid=
03:07:17.139907734 pdns=5370/0/active/running/ named=0/inactive/dead/ agent=5462/active/ jphase=absent killpid=
03:07:17.418607849 pdns=5370/0/active/running/ named=0/inactive/dead/ agent=5462/active/ jphase=absent killpid=
03:07:17.701594905 pdns=5370/0/active/running/ named=0/inactive/dead/ agent=5462/active/ jphase=absent killpid=
03:07:17.980556871 pdns=5370/0/active/running/ named=0/inactive/dead/ agent=5462/active/ jphase=absent killpid=
03:07:18.263589301 pdns=5370/0/active/running/ named=0/inactive/dead/ agent=5462/active/ jphase=absent killpid=
03:07:18.553187652 pdns=5370/0/active/running/ named=0/inactive/dead/ agent=5462/active/ jphase=absent killpid=
03:07:18.850402917 pdns=5370/0/active/running/ named=0/inactive/dead/ agent=5462/active/ jphase=absent killpid=
03:07:19.188961152 pdns=5370/0/active/running/ named=0/inactive/dead/ agent=5462/active/ jphase=absent killpid=
03:07:19.470355090 pdns=5370/0/active/running/ named=0/inactive/dead/ agent=5462/active/ jphase=absent killpid=
03:07:19.752196291 pdns=5370/0/active/running/ named=0/inactive/dead/ agent=5462/active/ jphase=absent killpid=
03:07:20.032809862 pdns=5370/0/active/running/ named=0/inactive/dead/ agent=5462/active/ jphase=absent killpid=
03:07:20.314473341 pdns=5370/0/active/running/ named=0/inactive/dead/ agent=5462/active/ jphase=absent killpid=
03:07:20.601006808 pdns=5370/0/active/running/ named=0/inactive/dead/ agent=5462/active/ jphase=absent killpid=
03:07:20.882980684 pdns=5370/0/active/running/ named=0/inactive/dead/ agent=5462/active/ jphase=absent killpid=
03:07:21.167520558 pdns=5370/0/active/running/ named=0/inactive/dead/ agent=5462/active/ jphase=absent killpid=
03:07:21.461954992 pdns=5370/0/active/running/ named=0/inactive/dead/ agent=5462/active/ jphase=absent killpid=
03:07:21.767445793 pdns=5370/0/active/running/ named=0/inactive/dead/ agent=5462/active/ jphase=absent killpid=
03:07:22.058385111 pdns=5370/0/active/running/ named=0/inactive/dead/ agent=5462/active/ jphase=absent killpid=
03:07:22.342561155 pdns=5370/0/active/running/ named=0/inactive/dead/ agent=5462/active/ jphase=absent killpid=
03:07:22.647818340 pdns=5370/0/active/running/ named=0/inactive/dead/ agent=5462/active/ jphase=absent killpid=
03:07:22.956801929 pdns=5370/0/active/running/ named=0/inactive/dead/ agent=5462/active/ jphase=absent killpid=
03:07:23.238739419 pdns=5370/0/active/running/ named=0/inactive/dead/ agent=5462/active/ jphase=absent killpid=
03:07:23.527118750 pdns=5370/0/active/running/ named=0/inactive/dead/ agent=5462/active/ jphase=absent killpid=
03:07:23.818092586 pdns=5370/0/active/running/ named=0/inactive/dead/ agent=5462/active/ jphase=absent killpid=
03:07:24.107234229 pdns=5370/0/active/running/ named=0/inactive/dead/ agent=5462/active/ jphase=absent killpid=
03:07:24.389403974 pdns=5370/0/active/running/ named=0/inactive/dead/ agent=5462/active/ jphase=absent killpid=
03:07:24.670567755 pdns=5370/0/active/running/ named=0/inactive/dead/ agent=5462/active/ jphase=absent killpid=
03:07:24.952654348 pdns=5370/0/active/running/ named=0/inactive/dead/ agent=5462/active/ jphase=absent killpid=
03:07:25.233306558 pdns=5370/0/active/running/ named=0/inactive/dead/ agent=5462/active/ jphase=absent killpid=
03:07:25.514748412 pdns=5370/0/active/running/ named=0/inactive/dead/ agent=5462/active/ jphase=absent killpid=
03:07:25.800239502 pdns=5370/0/active/running/ named=0/inactive/dead/ agent=5462/active/ jphase=absent killpid=
03:07:26.080645873 pdns=5370/0/active/running/ named=0/inactive/dead/ agent=5462/active/ jphase=absent killpid=
03:07:26.365756892 pdns=5370/0/active/running/ named=0/inactive/dead/ agent=5462/active/ jphase=absent killpid=
03:07:26.646154985 pdns=5370/0/active/running/ named=0/inactive/dead/ agent=5462/active/ jphase=absent killpid=
03:07:26.928942366 pdns=5370/0/active/running/ named=0/inactive/dead/ agent=5462/active/ jphase=absent killpid=
03:07:27.221981223 pdns=5370/0/active/running/ named=0/inactive/dead/ agent=5462/active/ jphase=absent killpid=
03:07:27.502906025 pdns=5370/0/active/running/ named=0/inactive/dead/ agent=5462/active/ jphase=absent killpid=
03:07:27.782534023 pdns=5370/0/active/running/ named=0/inactive/dead/ agent=5462/active/ jphase=absent killpid=
03:07:28.063774005 pdns=5370/0/active/running/ named=0/inactive/dead/ agent=5462/active/ jphase=absent killpid=
03:07:28.352879213 pdns=5370/0/active/running/ named=0/inactive/dead/ agent=5462/active/ jphase=absent killpid=
03:07:28.641067847 pdns=5370/0/active/running/ named=0/inactive/dead/ agent=5462/active/ jphase=absent killpid=
03:07:28.921142108 pdns=5370/0/active/running/ named=0/inactive/dead/ agent=5462/active/ jphase=absent killpid=
03:07:29.211086472 pdns=5370/0/active/running/ named=0/inactive/dead/ agent=5462/active/ jphase=absent killpid=
03:07:29.496587936 pdns=5370/0/active/running/ named=0/inactive/dead/ agent=5462/active/ jphase=absent killpid=
03:07:29.779202040 pdns=5370/0/active/running/ named=0/inactive/dead/ agent=5462/active/ jphase=absent killpid=
03:07:30.072448977 pdns=5370/0/active/running/ named=0/inactive/dead/ agent=5462/active/ jphase=absent killpid=
03:07:30.364772128 pdns=5370/0/active/running/ named=0/inactive/dead/ agent=5462/active/ jphase=absent killpid=
03:07:30.654202388 pdns=5370/0/active/running/ named=0/inactive/dead/ agent=5462/active/ jphase=absent killpid=
03:07:30.936111290 pdns=5370/0/active/running/ named=0/inactive/dead/ agent=5462/active/ jphase=absent killpid=
03:07:31.221466309 pdns=5370/0/active/running/ named=0/inactive/dead/ agent=5462/active/ jphase=absent killpid=
03:07:31.518020694 pdns=5370/0/active/running/ named=0/inactive/dead/ agent=5462/active/ jphase=absent killpid=
03:07:31.808607998 pdns=5370/0/active/running/ named=0/inactive/dead/ agent=5462/active/ jphase=absent killpid=
03:07:32.098196777 pdns=5370/0/active/running/ named=0/inactive/dead/ agent=5462/active/ jphase=absent killpid=
03:07:32.391959772 pdns=5370/0/active/running/ named=0/inactive/dead/ agent=5462/active/ jphase=absent killpid=
03:07:32.696058718 pdns=5370/0/active/running/ named=0/inactive/dead/ agent=5462/active/ jphase=absent killpid=
03:07:32.989528437 pdns=5370/0/active/running/ named=0/inactive/dead/ agent=5462/active/ jphase=absent killpid=
03:07:33.268837346 pdns=5370/0/active/running/ named=0/inactive/dead/ agent=5462/active/ jphase=absent killpid=
03:07:33.558055031 pdns=5370/0/active/running/ named=0/inactive/dead/ agent=5462/active/ jphase=absent killpid=
03:07:33.859704423 pdns=5370/0/active/running/ named=0/inactive/dead/ agent=5462/active/ jphase=absent killpid=
03:07:34.146457955 pdns=5370/0/active/running/ named=0/inactive/dead/ agent=5462/active/ jphase=absent killpid=
03:07:34.439071128 pdns=5370/0/active/running/ named=0/inactive/dead/ agent=5462/active/ jphase=absent killpid=
03:07:34.742907430 pdns=5370/0/active/running/ named=0/inactive/dead/ agent=5462/active/ jphase=absent killpid=
03:07:35.029496632 pdns=5370/0/active/running/ named=0/inactive/dead/ agent=5462/active/ jphase=absent killpid=
03:07:35.316045394 pdns=5370/0/active/running/ named=0/inactive/dead/ agent=5462/active/ jphase=absent killpid=
03:07:35.600903174 pdns=5370/0/active/running/ named=0/inactive/dead/ agent=5462/active/ jphase=absent killpid=
03:07:35.883194879 pdns=5370/0/active/running/ named=0/inactive/dead/ agent=5462/active/ jphase=absent killpid=
03:07:36.168022661 pdns=5370/0/active/running/ named=0/inactive/dead/ agent=5462/active/ jphase=absent killpid=
03:07:36.459945914 pdns=5370/0/active/running/ named=0/inactive/dead/ agent=5462/active/ jphase=absent killpid=
03:07:36.756456848 pdns=5370/0/active/running/ named=0/inactive/dead/ agent=5462/active/ jphase=absent killpid=
03:07:37.050960384 pdns=5370/0/active/running/ named=0/inactive/dead/ agent=5462/active/ jphase=absent killpid=
03:07:37.345488855 pdns=5370/0/active/running/ named=0/inactive/dead/ agent=5462/active/ jphase=absent killpid=
03:07:37.635781700 pdns=5370/0/active/running/ named=0/inactive/dead/ agent=5462/active/ jphase=absent killpid=
03:07:37.946180044 pdns=5370/0/active/running/ named=0/inactive/dead/ agent=5462/active/ jphase=absent killpid=
03:07:38.272903704 pdns=5370/0/active/running/ named=0/inactive/dead/ agent=5462/active/ jphase=absent killpid=
03:07:38.693757993 pdns=5370/0/active/running/ named=0/inactive/dead/ agent=5462/active/ jphase=absent killpid=
03:07:38.994797302 pdns=5370/0/active/running/ named=0/inactive/dead/ agent=5462/active/ jphase=absent killpid=
03:07:39.285133487 pdns=5370/0/active/running/ named=0/inactive/dead/ agent=5462/active/ jphase=absent killpid=
03:07:39.608859851 pdns=5370/0/active/running/ named=0/inactive/dead/ agent=5462/active/ jphase=absent killpid=
03:07:39.966729189 pdns=5370/0/active/running/ named=0/inactive/dead/ agent=5462/active/ jphase=absent killpid=
03:07:40.246674990 pdns=5370/0/active/running/ named=0/inactive/dead/ agent=5462/active/ jphase=absent killpid=
03:07:40.533261130 pdns=5370/0/active/running/ named=0/inactive/dead/ agent=5462/active/ jphase=absent killpid=
03:07:40.815591218 pdns=5370/0/active/running/ named=0/inactive/dead/ agent=5462/active/ jphase=absent killpid=
03:07:41.098919252 pdns=5370/0/active/running/ named=0/inactive/dead/ agent=5462/active/ jphase=absent killpid=
03:07:41.384768470 pdns=5370/0/active/running/ named=0/inactive/dead/ agent=5462/active/ jphase=absent killpid=
03:07:41.665824047 pdns=5370/0/active/running/ named=0/inactive/dead/ agent=5462/active/ jphase=absent killpid=
03:07:41.946426587 pdns=5370/0/active/running/ named=0/inactive/dead/ agent=5462/active/ jphase=absent killpid=
03:07:42.235042372 pdns=5370/0/active/running/ named=0/inactive/dead/ agent=5462/active/ jphase=absent killpid=
03:07:42.522952823 pdns=5370/0/active/running/ named=0/inactive/dead/ agent=5462/active/ jphase=absent killpid=
03:07:42.805253970 pdns=5370/0/active/running/ named=0/inactive/dead/ agent=5462/active/ jphase=absent killpid=
03:07:43.089194557 pdns=5370/0/active/running/ named=0/inactive/dead/ agent=5462/active/ jphase=absent killpid=
03:07:43.374433403 pdns=5370/0/active/running/ named=0/inactive/dead/ agent=5462/active/ jphase=absent killpid=
03:07:43.679793205 pdns=5370/0/active/running/ named=0/inactive/dead/ agent=5462/active/ jphase=absent killpid=
03:07:43.972884335 pdns=5370/0/active/running/ named=0/inactive/dead/ agent=5462/active/ jphase=absent killpid=
03:07:44.254526163 pdns=5370/0/active/running/ named=0/inactive/dead/ agent=5462/active/ jphase=absent killpid=
03:07:44.533761920 pdns=5370/0/active/running/ named=0/inactive/dead/ agent=5462/active/ jphase=absent killpid=
03:07:44.816952829 pdns=5370/0/active/running/ named=0/inactive/dead/ agent=5462/active/ jphase=absent killpid=
03:07:45.102887535 pdns=5370/0/active/running/ named=0/inactive/dead/ agent=5462/active/ jphase=absent killpid=
03:07:45.385430734 pdns=5370/0/active/running/ named=0/inactive/dead/ agent=5462/active/ jphase=absent killpid=
03:07:45.668218856 pdns=5370/0/active/running/ named=0/inactive/dead/ agent=5462/active/ jphase=absent killpid=
03:07:45.961746314 pdns=5370/0/active/running/ named=0/inactive/dead/ agent=5462/active/ jphase=absent killpid=
03:07:46.249425703 pdns=5370/0/active/running/ named=0/inactive/dead/ agent=5462/active/ jphase=absent killpid=
03:07:46.534675491 pdns=5370/0/active/running/ named=0/inactive/dead/ agent=5462/active/ jphase=absent killpid=
03:07:46.817431470 pdns=5370/0/active/running/ named=0/inactive/dead/ agent=5462/active/ jphase=absent killpid=
03:07:47.099047032 pdns=5370/0/active/running/ named=0/inactive/dead/ agent=5462/active/ jphase=absent killpid=
03:07:47.378965685 pdns=5370/0/active/running/ named=0/inactive/dead/ agent=5462/active/ jphase=absent killpid=
03:07:47.660166794 pdns=5370/0/active/running/ named=0/inactive/dead/ agent=5462/active/ jphase=absent killpid=
03:07:47.948786761 pdns=5370/0/active/running/ named=0/inactive/dead/ agent=5462/active/ jphase=absent killpid=
03:07:48.234684037 pdns=5370/0/active/running/ named=0/inactive/dead/ agent=5462/active/ jphase=absent killpid=
03:07:48.535150231 pdns=5370/0/active/running/ named=0/inactive/dead/ agent=5462/active/ jphase=absent killpid=
03:07:48.836974652 pdns=5370/0/active/running/ named=0/inactive/dead/ agent=5462/active/ jphase=absent killpid=
03:07:49.122316203 pdns=5370/0/active/running/ named=0/inactive/dead/ agent=5462/active/ jphase=absent killpid=
03:07:49.406510493 pdns=5370/0/active/running/ named=0/inactive/dead/ agent=5462/active/ jphase=absent killpid=
03:07:49.695254268 pdns=5370/0/active/running/ named=0/inactive/dead/ agent=5462/active/ jphase=absent killpid=
03:07:50.006615427 CHANGE ledger 300d7dfe1d17f377919ff0044eb86681f7a16b6cc2e90fa54f34a3e18ef5ec3c -> e392533be3589cda973708a0805cabc51350042b299ccff5beede7ea6985fd41
03:07:50.026345822 CHANGE pdnsdb d91625ef4c5049d7577b6ac219a9c244b4c925b66faf10594c68972c9e390157 -> e3500019d2bbebc28cdb7fc3990e8169ec1a71fd6bb45d2e71775c683178c5c5
03:07:50.030443530 pdns=5370/0/active/running/ named=0/inactive/dead/ agent=5462/active/ jphase=absent killpid=
03:07:50.368566724 CHANGE ledger e392533be3589cda973708a0805cabc51350042b299ccff5beede7ea6985fd41 -> 4f85ce3f27055794235847b1b843b1d0e5e049fd663a43982210c0ecdd2e81f7
03:07:50.386034322 pdns=5370/0/active/running/ named=0/inactive/dead/ agent=5462/active/ jphase=absent killpid=
03:07:50.717648470 CHANGE ledger 4f85ce3f27055794235847b1b843b1d0e5e049fd663a43982210c0ecdd2e81f7 -> bd3f3b633d370439edf26821dc5f8760fff32df352004d0e4a2bba981c337237
03:07:50.734921365 pdns=5370/0/active/running/ named=0/inactive/dead/ agent=5462/active/ jphase=absent killpid=
03:07:51.067656185 CHANGE ledger bd3f3b633d370439edf26821dc5f8760fff32df352004d0e4a2bba981c337237 -> c3c147e122ef585e5b246d06916cb0fd8137139b0a34dcc90d454d5c90b16aa6
03:07:51.083891051 pdns=5370/0/active/running/ named=0/inactive/dead/ agent=5462/active/ jphase=absent killpid=
03:07:51.385644267 CHANGE ledger c3c147e122ef585e5b246d06916cb0fd8137139b0a34dcc90d454d5c90b16aa6 -> fd4d1728e5ddb661923107fb21c171f4193b5925c4349adb3f5a7920aa9b4708
03:07:51.398138092 pdns=5370/0/active/running/ named=0/inactive/dead/ agent=5462/active/ jphase=absent killpid=
03:07:51.696191781 CHANGE ledger fd4d1728e5ddb661923107fb21c171f4193b5925c4349adb3f5a7920aa9b4708 -> 6241669fcf0af7341ec3861902750a7fca8b7fd3de1876755dff824dcfd7d8cd
03:07:51.718232246 pdns=5370/0/active/running/ named=0/inactive/dead/ agent=5462/active/ jphase=absent killpid=
03:07:52.027190375 CHANGE ledger 6241669fcf0af7341ec3861902750a7fca8b7fd3de1876755dff824dcfd7d8cd -> d7df0f2b106db7ce900b89fafa9765907bda440c2ea544ca08f8c454d885158e
03:07:52.048009214 pdns=5370/0/active/running/ named=0/inactive/dead/ agent=5462/active/ jphase=absent killpid=
03:07:52.346193268 CHANGE ledger d7df0f2b106db7ce900b89fafa9765907bda440c2ea544ca08f8c454d885158e -> ab5069f3ab7c98afda14b0e18ad7b3e52592badce592c21a7e0f7156e4af0f3e
03:07:52.379084049 pdns=5370/0/active/running/ named=0/inactive/dead/ agent=5462/active/ jphase=absent killpid=
03:07:52.686935511 CHANGE ledger ab5069f3ab7c98afda14b0e18ad7b3e52592badce592c21a7e0f7156e4af0f3e -> 846523d5ca7e33cbb04ff7ae273177279318c5e0c8a02b1993275a57acc747f3
03:07:52.724317743 pdns=5370/0/active/running/ named=0/inactive/dead/ agent=5462/active/ jphase=absent killpid=
03:07:53.142183641 CHANGE ledger 846523d5ca7e33cbb04ff7ae273177279318c5e0c8a02b1993275a57acc747f3 -> 715b8523f9be875cd768878c1000652dd6359eadeee68f32f5717468497bbef5
03:07:53.160149224 pdns=5370/0/active/running/ named=0/inactive/dead/ agent=5462/active/ jphase=absent killpid=
03:07:53.505541717 CHANGE ledger 715b8523f9be875cd768878c1000652dd6359eadeee68f32f5717468497bbef5 -> d2756b036f471af300010ba61e3078f5aaa2b488635833c1b226881c06ee5008
03:07:53.522320382 pdns=5370/0/active/running/ named=0/inactive/dead/ agent=5462/active/ jphase=absent killpid=
03:07:53.871456895 CHANGE ledger d2756b036f471af300010ba61e3078f5aaa2b488635833c1b226881c06ee5008 -> 1621007f0fffa582be3a0cd8ed020a4c11d3b16a0e5a3d4fb4de08fa2c23b4f3
03:07:53.892634621 pdns=5370/0/active/running/ named=0/inactive/dead/ agent=5462/active/ jphase=absent killpid=
03:07:54.227816854 CHANGE ledger 1621007f0fffa582be3a0cd8ed020a4c11d3b16a0e5a3d4fb4de08fa2c23b4f3 -> 4d7f786d722aee0cdcc65f57d235670cd86b299b9b61300a410233fca686430c
03:07:54.247391891 pdns=5370/0/active/running/ named=0/inactive/dead/ agent=5462/active/ jphase=absent killpid=
03:07:54.551918822 CHANGE ledger 4d7f786d722aee0cdcc65f57d235670cd86b299b9b61300a410233fca686430c -> 76d1fe2507b0018bb5f2c9ec276d1379e6f1d0f83a13224bafc74d456e5e931f
03:07:54.566139339 pdns=5370/0/active/running/ named=0/inactive/dead/ agent=5462/active/ jphase=absent killpid=
03:07:54.898293783 CHANGE ledger 76d1fe2507b0018bb5f2c9ec276d1379e6f1d0f83a13224bafc74d456e5e931f -> 414398bf773badcabd0758b7d1f6f842777106b3dec6a3be4e96b2848874f1f8
03:07:54.918693454 pdns=5370/0/active/running/ named=0/inactive/dead/ agent=5462/active/ jphase=absent killpid=
03:07:55.249716987 CHANGE ledger 414398bf773badcabd0758b7d1f6f842777106b3dec6a3be4e96b2848874f1f8 -> 2677c773a6171150f96b279a09250d34437399d4f51e749096478eb1000efc1f
03:07:55.284004558 pdns=5370/0/active/running/ named=0/inactive/dead/ agent=5462/active/ jphase=absent killpid=
03:07:55.603216433 CHANGE ledger 2677c773a6171150f96b279a09250d34437399d4f51e749096478eb1000efc1f -> d6a20832c54fd745fa56463c7f865d3608069f9f7dff5a884dc9e2a63a75f243
03:07:55.627988059 pdns=5370/0/active/running/ named=0/inactive/dead/ agent=5462/active/ jphase=absent killpid=
03:07:55.958710331 CHANGE ledger d6a20832c54fd745fa56463c7f865d3608069f9f7dff5a884dc9e2a63a75f243 -> 28dbf9aa7689f5948859c1dd2dca39941c42e9c93afe5a90e6827d2b4f84a488
03:07:55.991001654 pdns=5370/0/active/running/ named=0/inactive/dead/ agent=5462/active/ jphase=absent killpid=
03:07:56.350636906 CHANGE ledger 28dbf9aa7689f5948859c1dd2dca39941c42e9c93afe5a90e6827d2b4f84a488 -> e89e5c4c53e8df8ab3883116ca66adf1c488cc2d21c1d62d805ee38c1b9d103a
03:07:56.371788970 pdns=5370/0/active/running/ named=0/inactive/dead/ agent=5462/active/ jphase=absent killpid=
03:07:56.735733430 CHANGE ledger e89e5c4c53e8df8ab3883116ca66adf1c488cc2d21c1d62d805ee38c1b9d103a -> 92251a7c2e034b903607405db07a70a51753b6d182ef6d5e3d3f0d6b745ff6ff
03:07:56.763908527 pdns=5370/0/active/running/ named=0/inactive/dead/ agent=5462/active/ jphase=absent killpid=
03:07:57.097677164 CHANGE ledger 92251a7c2e034b903607405db07a70a51753b6d182ef6d5e3d3f0d6b745ff6ff -> 1ed36b0a147cf5b9089cfe04504f623cb52309ed9ab96e2e8280548f6dbf2561
03:07:57.118677241 pdns=5370/0/active/running/ named=0/inactive/dead/ agent=5462/active/ jphase=absent killpid=
03:07:57.457715559 CHANGE ledger 1ed36b0a147cf5b9089cfe04504f623cb52309ed9ab96e2e8280548f6dbf2561 -> 981109fd7420f95d43a3be2dc6e7c600ef2ab22fb77cceeedc0e1d181a199d88
03:07:57.473718925 pdns=5370/0/active/running/ named=0/inactive/dead/ agent=5462/active/ jphase=absent killpid=
03:07:57.794626947 CHANGE ledger 981109fd7420f95d43a3be2dc6e7c600ef2ab22fb77cceeedc0e1d181a199d88 -> 246a10416908549ded5698ef6b263e5fee10e640e6ef498c5ea8fbc3c065d185
03:07:57.806419874 pdns=5370/0/active/running/ named=0/inactive/dead/ agent=5462/active/ jphase=absent killpid=
03:07:58.097494494 pdns=5370/0/active/running/ named=0/inactive/dead/ agent=5462/active/ jphase=absent killpid=
03:07:58.387084860 CHANGE ledger 246a10416908549ded5698ef6b263e5fee10e640e6ef498c5ea8fbc3c065d185 -> 4d9d2242dd6fc836bac3019e8316016622c484221af8babc561ed666e62836c1
03:07:58.403872061 pdns=5370/0/active/running/ named=0/inactive/dead/ agent=5462/active/ jphase=absent killpid=
03:07:58.712612920 pdns=5370/0/active/running/ named=0/inactive/dead/ agent=5462/active/ jphase=absent killpid=
03:07:58.993565178 pdns=5370/0/active/running/ named=0/inactive/dead/ agent=5462/active/ jphase=absent killpid=
03:07:59.274633617 pdns=5370/0/active/running/ named=0/inactive/dead/ agent=5462/active/ jphase=absent killpid=
03:07:59.564139983 pdns=5370/0/active/running/ named=0/inactive/dead/ agent=5462/active/ jphase=absent killpid=
03:07:59.850674123 pdns=5370/0/active/running/ named=0/inactive/dead/ agent=5462/active/ jphase=absent killpid=
03:08:00.156967715 pdns=5370/0/active/running/ named=0/inactive/dead/ agent=5462/active/ jphase=absent killpid=
03:08:00.477218315 pdns=5370/0/active/running/ named=0/inactive/dead/ agent=5462/active/ jphase=absent killpid=
03:08:00.836456367 pdns=5370/0/active/running/ named=0/inactive/dead/ agent=5462/active/ jphase=absent killpid=
03:08:01.122008940 pdns=5370/0/active/running/ named=0/inactive/dead/ agent=5462/active/ jphase=absent killpid=
03:08:01.401951278 pdns=5370/0/active/running/ named=0/inactive/dead/ agent=5462/active/ jphase=absent killpid=
03:08:01.685643326 pdns=5370/0/active/running/ named=0/inactive/dead/ agent=5462/active/ jphase=absent killpid=
03:08:01.966202016 pdns=5370/0/active/running/ named=0/inactive/dead/ agent=5462/active/ jphase=absent killpid=
03:08:02.247734195 pdns=5370/0/active/running/ named=0/inactive/dead/ agent=5462/active/ jphase=absent killpid=
03:08:02.528048184 pdns=5370/0/active/running/ named=0/inactive/dead/ agent=5462/active/ jphase=absent killpid=
03:08:02.809428549 pdns=5370/0/active/running/ named=0/inactive/dead/ agent=5462/active/ jphase=absent killpid=
03:08:03.090055574 pdns=5370/0/active/running/ named=0/inactive/dead/ agent=5462/active/ jphase=absent killpid=
03:08:03.373839634 pdns=5370/0/active/running/ named=0/inactive/dead/ agent=5462/active/ jphase=absent killpid=
03:08:03.665630568 pdns=5370/0/active/running/ named=0/inactive/dead/ agent=5462/active/ jphase=absent killpid=
03:08:03.956472417 pdns=5370/0/active/running/ named=0/inactive/dead/ agent=5462/active/ jphase=absent killpid=
03:08:04.250673930 pdns=5370/0/active/running/ named=0/inactive/dead/ agent=5462/active/ jphase=absent killpid=
03:08:04.533697539 pdns=5370/0/active/running/ named=0/inactive/dead/ agent=5462/active/ jphase=absent killpid=
03:08:04.826075686 pdns=5370/0/active/running/ named=0/inactive/dead/ agent=5462/active/ jphase=absent killpid=
03:08:05.106600906 pdns=5370/0/active/running/ named=0/inactive/dead/ agent=5462/active/ jphase=absent killpid=
03:08:05.396776412 pdns=5370/0/active/running/ named=0/inactive/dead/ agent=5462/active/ jphase=absent killpid=
03:08:05.677914920 pdns=5370/0/active/running/ named=0/inactive/dead/ agent=5462/active/ jphase=absent killpid=
03:08:05.960668397 pdns=5370/0/active/running/ named=0/inactive/dead/ agent=5462/active/ jphase=absent killpid=
03:08:06.248631248 pdns=5370/0/active/running/ named=0/inactive/dead/ agent=5462/active/ jphase=absent killpid=
03:08:06.535079501 pdns=5370/0/active/running/ named=0/inactive/dead/ agent=5462/active/ jphase=absent killpid=
03:08:06.813863604 pdns=5370/0/active/running/ named=0/inactive/dead/ agent=5462/active/ jphase=absent killpid=
03:08:07.094346592 pdns=5370/0/active/running/ named=0/inactive/dead/ agent=5462/active/ jphase=absent killpid=
03:08:07.376264293 pdns=5370/0/active/running/ named=0/inactive/dead/ agent=5462/active/ jphase=absent killpid=
03:08:07.654970566 pdns=5370/0/active/running/ named=0/inactive/dead/ agent=5462/active/ jphase=absent killpid=
03:08:07.942011123 pdns=5370/0/active/running/ named=0/inactive/dead/ agent=5462/active/ jphase=absent killpid=
03:08:08.224310201 pdns=5370/0/active/running/ named=0/inactive/dead/ agent=5462/active/ jphase=absent killpid=
03:08:08.516860268 pdns=5370/0/active/running/ named=0/inactive/dead/ agent=5462/active/ jphase=absent killpid=
03:08:08.798932629 pdns=5370/0/active/running/ named=0/inactive/dead/ agent=5462/active/ jphase=absent killpid=
03:08:09.086576040 pdns=5370/0/active/running/ named=0/inactive/dead/ agent=5462/active/ jphase=absent killpid=
03:08:09.366470567 pdns=5370/0/active/running/ named=0/inactive/dead/ agent=5462/active/ jphase=absent killpid=
03:08:09.649647535 pdns=5370/0/active/running/ named=0/inactive/dead/ agent=5462/active/ jphase=absent killpid=
03:08:09.934273496 pdns=5370/0/active/running/ named=0/inactive/dead/ agent=5462/active/ jphase=absent killpid=
03:08:10.218025153 pdns=5370/0/active/running/ named=0/inactive/dead/ agent=5462/active/ jphase=absent killpid=
03:08:10.500087533 pdns=5370/0/active/running/ named=0/inactive/dead/ agent=5462/active/ jphase=absent killpid=
03:08:10.783000912 pdns=5370/0/active/running/ named=0/inactive/dead/ agent=5462/active/ jphase=absent killpid=
03:08:11.064035935 pdns=5370/0/active/running/ named=0/inactive/dead/ agent=5462/active/ jphase=absent killpid=
03:08:11.350777456 pdns=5370/0/active/running/ named=0/inactive/dead/ agent=5462/active/ jphase=absent killpid=
03:08:11.633836022 pdns=5370/0/active/running/ named=0/inactive/dead/ agent=5462/active/ jphase=absent killpid=
03:08:11.914463198 pdns=5370/0/active/running/ named=0/inactive/dead/ agent=5462/active/ jphase=absent killpid=
03:08:12.196032313 pdns=5370/0/active/running/ named=0/inactive/dead/ agent=5462/active/ jphase=absent killpid=
03:08:12.478038924 pdns=5370/0/active/running/ named=0/inactive/dead/ agent=5462/active/ jphase=absent killpid=
03:08:12.755854632 pdns=5370/0/active/running/ named=0/inactive/dead/ agent=5462/active/ jphase=absent killpid=
03:08:13.034374744 pdns=5370/0/active/running/ named=0/inactive/dead/ agent=5462/active/ jphase=absent killpid=
03:08:13.313996873 pdns=5370/0/active/running/ named=0/inactive/dead/ agent=5462/active/ jphase=absent killpid=
03:08:13.593985833 pdns=5370/0/active/running/ named=0/inactive/dead/ agent=5462/active/ jphase=absent killpid=
03:08:13.876924963 pdns=5370/0/active/running/ named=0/inactive/dead/ agent=5462/active/ jphase=absent killpid=
03:08:14.158346250 pdns=5370/0/active/running/ named=0/inactive/dead/ agent=5462/active/ jphase=absent killpid=
03:08:14.446502852 pdns=5370/0/active/running/ named=0/inactive/dead/ agent=5462/active/ jphase=absent killpid=
03:08:14.728725008 pdns=5370/0/active/running/ named=0/inactive/dead/ agent=5462/active/ jphase=absent killpid=
03:08:15.014448949 pdns=5370/0/active/running/ named=0/inactive/dead/ agent=5462/active/ jphase=absent killpid=
03:08:15.301880926 pdns=5370/0/active/running/ named=0/inactive/dead/ agent=5462/active/ jphase=absent killpid=
03:08:15.593228481 pdns=5370/0/active/running/ named=0/inactive/dead/ agent=5462/active/ jphase=absent killpid=
03:08:15.876384075 pdns=5370/0/active/running/ named=0/inactive/dead/ agent=5462/active/ jphase=absent killpid=
03:08:16.159374394 pdns=5370/0/active/running/ named=0/inactive/dead/ agent=5462/active/ jphase=absent killpid=
03:08:16.442363924 pdns=5370/0/active/running/ named=0/inactive/dead/ agent=5462/active/ jphase=absent killpid=
03:08:16.725802275 pdns=5370/0/active/running/ named=0/inactive/dead/ agent=5462/active/ jphase=absent killpid=
03:08:17.009715778 pdns=5370/0/active/running/ named=0/inactive/dead/ agent=5462/active/ jphase=absent killpid=
03:08:17.292111474 pdns=5370/0/active/running/ named=0/inactive/dead/ agent=5462/active/ jphase=absent killpid=
03:08:17.594803627 pdns=5370/0/active/running/ named=0/inactive/dead/ agent=5462/active/ jphase=absent killpid=
03:08:17.878053098 pdns=5370/0/active/running/ named=0/inactive/dead/ agent=5462/active/ jphase=absent killpid=
03:08:18.159152140 pdns=5370/0/active/running/ named=0/inactive/dead/ agent=5462/active/ jphase=absent killpid=
03:08:18.441761578 pdns=5370/0/active/running/ named=0/inactive/dead/ agent=5462/active/ jphase=absent killpid=
03:08:18.732442460 pdns=5370/0/active/running/ named=0/inactive/dead/ agent=5462/active/ jphase=absent killpid=
03:08:19.013951180 pdns=5370/0/active/running/ named=0/inactive/dead/ agent=5462/active/ jphase=absent killpid=
03:08:19.293292557 pdns=5370/0/active/running/ named=0/inactive/dead/ agent=5462/active/ jphase=absent killpid=
03:08:19.572568908 pdns=5370/0/active/running/ named=0/inactive/dead/ agent=5462/active/ jphase=absent killpid=
03:08:19.856271622 pdns=5370/0/active/running/ named=0/inactive/dead/ agent=5462/active/ jphase=absent killpid=
03:08:20.136625979 pdns=5370/0/active/running/ named=0/inactive/dead/ agent=5462/active/ jphase=absent killpid=
03:08:20.415931535 pdns=5370/0/active/running/ named=0/inactive/dead/ agent=5462/active/ jphase=absent killpid=
03:08:20.704045911 pdns=5370/0/active/running/ named=0/inactive/dead/ agent=5462/active/ jphase=absent killpid=
03:08:20.991079113 pdns=5370/0/active/running/ named=0/inactive/dead/ agent=5462/active/ jphase=absent killpid=
03:08:21.276947133 pdns=5370/0/active/running/ named=0/inactive/dead/ agent=5462/active/ jphase=absent killpid=
03:08:21.559412825 pdns=5370/0/active/running/ named=0/inactive/dead/ agent=5462/active/ jphase=absent killpid=
03:08:21.839167058 pdns=5370/0/active/running/ named=0/inactive/dead/ agent=5462/active/ jphase=absent killpid=
03:08:22.121119263 pdns=5370/0/active/running/ named=0/inactive/dead/ agent=5462/active/ jphase=absent killpid=
03:08:22.400858219 pdns=5370/0/active/running/ named=0/inactive/dead/ agent=5462/active/ jphase=absent killpid=
03:08:22.679554737 pdns=5370/0/active/running/ named=0/inactive/dead/ agent=5462/active/ jphase=absent killpid=
03:08:22.963903071 pdns=5370/0/active/running/ named=0/inactive/dead/ agent=5462/active/ jphase=absent killpid=
03:08:23.243829487 pdns=5370/0/active/running/ named=0/inactive/dead/ agent=5462/active/ jphase=absent killpid=
03:08:23.525936427 pdns=5370/0/active/running/ named=0/inactive/dead/ agent=5462/active/ jphase=absent killpid=
03:08:23.814164719 pdns=5370/0/active/running/ named=0/inactive/dead/ agent=5462/active/ jphase=absent killpid=
03:08:24.097324803 pdns=5370/0/active/running/ named=0/inactive/dead/ agent=5462/active/ jphase=absent killpid=
03:08:24.379022263 pdns=5370/0/active/running/ named=0/inactive/dead/ agent=5462/active/ jphase=absent killpid=
03:08:24.661458906 pdns=5370/0/active/running/ named=0/inactive/dead/ agent=5462/active/ jphase=absent killpid=
03:08:24.943028514 pdns=5370/0/active/running/ named=0/inactive/dead/ agent=5462/active/ jphase=absent killpid=
03:08:25.247864145 pdns=5370/0/active/running/ named=0/inactive/dead/ agent=5462/active/ jphase=absent killpid=
03:08:25.562210064 pdns=5370/0/active/running/ named=0/inactive/dead/ agent=5462/active/ jphase=absent killpid=
03:08:25.873395084 pdns=5370/0/active/running/ named=0/inactive/dead/ agent=5462/active/ jphase=absent killpid=
03:08:26.192968800 pdns=5370/0/active/running/ named=0/inactive/dead/ agent=5462/active/ jphase=absent killpid=
03:08:26.480484612 pdns=5370/0/active/running/ named=0/inactive/dead/ agent=5462/active/ jphase=absent killpid=
03:08:26.760570823 pdns=5370/0/active/running/ named=0/inactive/dead/ agent=5462/active/ jphase=absent killpid=
03:08:27.043292288 pdns=5370/0/active/running/ named=0/inactive/dead/ agent=5462/active/ jphase=absent killpid=
03:08:27.328310496 pdns=5370/0/active/running/ named=0/inactive/dead/ agent=5462/active/ jphase=absent killpid=
03:08:27.622809924 pdns=5370/0/active/running/ named=0/inactive/dead/ agent=5462/active/ jphase=absent killpid=
03:08:27.930378951 pdns=5370/0/active/running/ named=0/inactive/dead/ agent=5462/active/ jphase=absent killpid=
03:08:28.275294243 pdns=5370/0/active/running/ named=0/inactive/dead/ agent=5462/active/ jphase=absent killpid=
03:08:28.632501501 pdns=5370/0/active/running/ named=0/inactive/dead/ agent=5462/active/ jphase=absent killpid=
03:08:28.990341424 pdns=5370/0/active/running/ named=0/inactive/dead/ agent=5462/active/ jphase=absent killpid=
03:08:29.300380010 pdns=5370/0/active/running/ named=0/inactive/dead/ agent=5462/active/ jphase=absent killpid=
03:08:29.610551795 pdns=5370/0/active/running/ named=0/inactive/dead/ agent=5462/active/ jphase=absent killpid=
03:08:29.896470529 pdns=5370/0/active/running/ named=0/inactive/dead/ agent=5462/active/ jphase=absent killpid=
03:08:30.185369704 pdns=5370/0/active/running/ named=0/inactive/dead/ agent=5462/active/ jphase=absent killpid=
03:08:30.476007918 pdns=5370/0/active/running/ named=0/inactive/dead/ agent=5462/active/ jphase=absent killpid=
03:08:30.758362303 pdns=5370/0/active/running/ named=0/inactive/dead/ agent=5462/active/ jphase=absent killpid=
03:08:31.038511907 pdns=5370/0/active/running/ named=0/inactive/dead/ agent=5462/active/ jphase=absent killpid=
03:08:31.324118041 pdns=5370/0/active/running/ named=0/inactive/dead/ agent=5462/active/ jphase=absent killpid=
03:08:31.610832069 pdns=5370/0/active/running/ named=0/inactive/dead/ agent=5462/active/ jphase=absent killpid=
03:08:31.900224812 pdns=5370/0/active/running/ named=0/inactive/dead/ agent=5462/active/ jphase=absent killpid=
03:08:32.182153378 pdns=5370/0/active/running/ named=0/inactive/dead/ agent=5462/active/ jphase=absent killpid=
03:08:32.466120277 pdns=5370/0/active/running/ named=0/inactive/dead/ agent=5462/active/ jphase=absent killpid=
03:08:32.758108744 pdns=5370/0/active/running/ named=0/inactive/dead/ agent=5462/active/ jphase=absent killpid=
03:08:33.048899673 pdns=5370/0/active/running/ named=0/inactive/dead/ agent=5462/active/ jphase=absent killpid=
03:08:33.330834360 pdns=5370/0/active/running/ named=0/inactive/dead/ agent=5462/active/ jphase=absent killpid=
03:08:33.611840058 pdns=5370/0/active/running/ named=0/inactive/dead/ agent=5462/active/ jphase=absent killpid=
03:08:33.894243071 pdns=5370/0/active/running/ named=0/inactive/dead/ agent=5462/active/ jphase=absent killpid=
03:08:34.177126730 pdns=5370/0/active/running/ named=0/inactive/dead/ agent=5462/active/ jphase=absent killpid=
03:08:34.457350858 pdns=5370/0/active/running/ named=0/inactive/dead/ agent=5462/active/ jphase=absent killpid=
03:08:34.736513570 pdns=5370/0/active/running/ named=0/inactive/dead/ agent=5462/active/ jphase=absent killpid=
03:08:35.017019530 pdns=5370/0/active/running/ named=0/inactive/dead/ agent=5462/active/ jphase=absent killpid=
03:08:35.298664785 pdns=5370/0/active/running/ named=0/inactive/dead/ agent=5462/active/ jphase=absent killpid=
03:08:35.590050976 pdns=5370/0/active/running/ named=0/inactive/dead/ agent=5462/active/ jphase=absent killpid=
03:08:35.870485415 pdns=5370/0/active/running/ named=0/inactive/dead/ agent=5462/active/ jphase=absent killpid=
03:08:36.239297938 pdns=5370/0/active/running/ named=0/inactive/dead/ agent=5462/active/ jphase=absent killpid=
03:08:36.536214785 pdns=5370/0/active/running/ named=0/inactive/dead/ agent=5462/active/ jphase=absent killpid=
03:08:36.822500807 pdns=5370/0/active/running/ named=0/inactive/dead/ agent=5462/active/ jphase=absent killpid=
03:08:37.101865902 pdns=5370/0/active/running/ named=0/inactive/dead/ agent=5462/active/ jphase=absent killpid=
03:08:37.383771748 pdns=5370/0/active/running/ named=0/inactive/dead/ agent=5462/active/ jphase=absent killpid=
03:08:37.665692661 pdns=5370/0/active/running/ named=0/inactive/dead/ agent=5462/active/ jphase=absent killpid=
03:08:37.951371303 pdns=5370/0/active/running/ named=0/inactive/dead/ agent=5462/active/ jphase=absent killpid=
03:08:38.238290674 pdns=5370/0/active/running/ named=0/inactive/dead/ agent=5462/active/ jphase=absent killpid=
03:08:38.523382191 pdns=5370/0/active/running/ named=0/inactive/dead/ agent=5462/active/ jphase=absent killpid=
03:08:38.815949453 pdns=5370/0/active/running/ named=0/inactive/dead/ agent=5462/active/ jphase=absent killpid=
03:08:39.096703795 pdns=5370/0/active/running/ named=0/inactive/dead/ agent=5462/active/ jphase=absent killpid=
03:08:39.377650951 pdns=5370/0/active/running/ named=0/inactive/dead/ agent=5462/active/ jphase=absent killpid=
03:08:39.669002448 pdns=5370/0/active/running/ named=0/inactive/dead/ agent=5462/active/ jphase=absent killpid=
03:08:39.947056949 pdns=5370/0/active/running/ named=0/inactive/dead/ agent=5462/active/ jphase=absent killpid=
03:08:40.231083395 pdns=5370/0/active/running/ named=0/inactive/dead/ agent=5462/active/ jphase=absent killpid=
03:08:40.512829382 pdns=5370/0/active/running/ named=0/inactive/dead/ agent=5462/active/ jphase=absent killpid=
03:08:40.795707980 pdns=5370/0/active/running/ named=0/inactive/dead/ agent=5462/active/ jphase=absent killpid=
03:08:41.082682328 pdns=5370/0/active/running/ named=0/inactive/dead/ agent=5462/active/ jphase=absent killpid=
03:08:41.366430023 pdns=5370/0/active/running/ named=0/inactive/dead/ agent=5462/active/ jphase=absent killpid=
03:08:41.663018861 pdns=5370/0/active/running/ named=0/inactive/dead/ agent=5462/active/ jphase=absent killpid=
03:08:41.945280092 pdns=5370/0/active/running/ named=0/inactive/dead/ agent=5462/active/ jphase=absent killpid=
03:08:42.226886040 pdns=5370/0/active/running/ named=0/inactive/dead/ agent=5462/active/ jphase=absent killpid=
03:08:42.510718903 pdns=5370/0/active/running/ named=0/inactive/dead/ agent=5462/active/ jphase=absent killpid=
03:08:42.791714649 pdns=5370/0/active/running/ named=0/inactive/dead/ agent=5462/active/ jphase=absent killpid=
03:08:43.071337203 pdns=5370/0/active/running/ named=0/inactive/dead/ agent=5462/active/ jphase=absent killpid=
03:08:43.352252211 pdns=5370/0/active/running/ named=0/inactive/dead/ agent=5462/active/ jphase=absent killpid=
03:08:43.637337053 pdns=5370/0/active/running/ named=0/inactive/dead/ agent=5462/active/ jphase=absent killpid=
03:08:43.921953485 pdns=5370/0/active/running/ named=0/inactive/dead/ agent=5462/active/ jphase=absent killpid=
03:08:44.206434045 pdns=5370/0/active/running/ named=0/inactive/dead/ agent=5462/active/ jphase=absent killpid=
03:08:44.489728194 pdns=5370/0/active/running/ named=0/inactive/dead/ agent=5462/active/ jphase=absent killpid=
03:08:44.767330723 pdns=5370/0/active/running/ named=0/inactive/dead/ agent=5462/active/ jphase=absent killpid=
03:08:45.046505303 pdns=5370/0/active/running/ named=0/inactive/dead/ agent=5462/active/ jphase=absent killpid=
03:08:45.341233068 pdns=5370/0/active/running/ named=0/inactive/dead/ agent=5462/active/ jphase=absent killpid=
03:08:45.670522941 pdns=5370/0/active/running/ named=0/inactive/dead/ agent=5462/active/ jphase=absent killpid=
03:08:45.960751209 pdns=5370/0/active/running/ named=0/inactive/dead/ agent=5462/active/ jphase=absent killpid=
03:08:46.244567409 pdns=5370/0/active/running/ named=0/inactive/dead/ agent=5462/active/ jphase=absent killpid=
03:08:46.526111131 pdns=5370/0/active/running/ named=0/inactive/dead/ agent=5462/active/ jphase=absent killpid=
03:08:46.807809350 pdns=5370/0/active/running/ named=0/inactive/dead/ agent=5462/active/ jphase=absent killpid=
03:08:47.094340946 pdns=5370/0/active/running/ named=0/inactive/dead/ agent=5462/active/ jphase=absent killpid=
03:08:47.394475501 pdns=5370/0/active/running/ named=0/inactive/dead/ agent=5462/active/ jphase=absent killpid=
03:08:47.688694865 pdns=5370/0/active/running/ named=0/inactive/dead/ agent=5462/active/ jphase=absent killpid=
03:08:47.971720768 pdns=5370/0/active/running/ named=0/inactive/dead/ agent=5462/active/ jphase=absent killpid=
03:08:48.254854498 pdns=5370/0/active/running/ named=0/inactive/dead/ agent=5462/active/ jphase=absent killpid=
03:08:48.548808849 pdns=5370/0/active/running/ named=0/inactive/dead/ agent=5462/active/ jphase=absent killpid=
03:08:48.842746913 pdns=5370/0/active/running/ named=0/inactive/dead/ agent=5462/active/ jphase=absent killpid=
03:08:49.124146552 pdns=5370/0/active/running/ named=0/inactive/dead/ agent=5462/active/ jphase=absent killpid=
03:08:49.401835973 pdns=5370/0/active/running/ named=0/inactive/dead/ agent=5462/active/ jphase=absent killpid=
03:08:49.682138480 pdns=5370/0/active/running/ named=0/inactive/dead/ agent=5462/active/ jphase=absent killpid=
03:08:49.961365976 pdns=5370/0/active/running/ named=0/inactive/dead/ agent=5462/active/ jphase=absent killpid=
03:08:50.240531922 pdns=5370/0/active/running/ named=0/inactive/dead/ agent=5462/active/ jphase=absent killpid=
03:08:50.523426303 pdns=5370/0/active/running/ named=0/inactive/dead/ agent=5462/active/ jphase=absent killpid=
03:08:50.804327192 pdns=5370/0/active/running/ named=0/inactive/dead/ agent=5462/active/ jphase=absent killpid=
03:08:51.090880578 pdns=5370/0/active/running/ named=0/inactive/dead/ agent=5462/active/ jphase=absent killpid=
03:08:51.373559356 pdns=5370/0/active/running/ named=0/inactive/dead/ agent=5462/active/ jphase=absent killpid=
03:08:51.655486932 pdns=5370/0/active/running/ named=0/inactive/dead/ agent=5462/active/ jphase=absent killpid=
03:08:51.936639949 pdns=5370/0/active/running/ named=0/inactive/dead/ agent=5462/active/ jphase=absent killpid=
03:08:52.217619901 pdns=5370/0/active/running/ named=0/inactive/dead/ agent=5462/active/ jphase=absent killpid=
03:08:52.496534326 pdns=5370/0/active/running/ named=0/inactive/dead/ agent=5462/active/ jphase=absent killpid=
03:08:52.784652526 pdns=5370/0/active/running/ named=0/inactive/dead/ agent=5462/active/ jphase=absent killpid=
03:08:53.076415442 pdns=5370/0/active/running/ named=0/inactive/dead/ agent=5462/active/ jphase=absent killpid=
03:08:53.357853214 pdns=5370/0/active/running/ named=0/inactive/dead/ agent=5462/active/ jphase=absent killpid=
03:08:53.637255803 pdns=5370/0/active/running/ named=0/inactive/dead/ agent=5462/active/ jphase=absent killpid=
03:08:53.919281181 pdns=5370/0/active/running/ named=0/inactive/dead/ agent=5462/active/ jphase=absent killpid=
03:08:54.203396330 pdns=5370/0/active/running/ named=0/inactive/dead/ agent=5462/active/ jphase=absent killpid=
03:08:54.491630484 pdns=5370/0/active/running/ named=0/inactive/dead/ agent=5462/active/ jphase=absent killpid=
03:08:54.771867209 pdns=5370/0/active/running/ named=0/inactive/dead/ agent=5462/active/ jphase=absent killpid=
03:08:55.050513371 pdns=5370/0/active/running/ named=0/inactive/dead/ agent=5462/active/ jphase=absent killpid=
03:08:55.329500342 pdns=5370/0/active/running/ named=0/inactive/dead/ agent=5462/active/ jphase=absent killpid=
03:08:55.620376108 pdns=5370/0/active/running/ named=0/inactive/dead/ agent=5462/active/ jphase=absent killpid=
03:08:55.905822900 pdns=5370/0/active/running/ named=0/inactive/dead/ agent=5462/active/ jphase=absent killpid=
03:08:56.186520909 pdns=5370/0/active/running/ named=0/inactive/dead/ agent=5462/active/ jphase=absent killpid=
03:08:56.471040854 pdns=5370/0/active/running/ named=0/inactive/dead/ agent=5462/active/ jphase=absent killpid=
03:08:56.756648318 pdns=5370/0/active/running/ named=0/inactive/dead/ agent=5462/active/ jphase=absent killpid=
03:08:57.034035895 pdns=5370/0/active/running/ named=0/inactive/dead/ agent=5462/active/ jphase=absent killpid=
03:08:57.313199008 pdns=5370/0/active/running/ named=0/inactive/dead/ agent=5462/active/ jphase=absent killpid=
03:08:57.594044464 pdns=5370/0/active/running/ named=0/inactive/dead/ agent=5462/active/ jphase=absent killpid=
03:08:57.887405834 pdns=5370/0/active/running/ named=0/inactive/dead/ agent=5462/active/ jphase=absent killpid=
03:08:58.177511428 pdns=5370/0/active/running/ named=0/inactive/dead/ agent=5462/active/ jphase=absent killpid=
03:08:58.465805186 pdns=5370/0/active/running/ named=0/inactive/dead/ agent=5462/active/ jphase=absent killpid=
03:08:58.745810467 pdns=5370/0/active/running/ named=0/inactive/dead/ agent=5462/active/ jphase=absent killpid=
03:08:59.028164301 pdns=5370/0/active/running/ named=0/inactive/dead/ agent=5462/active/ jphase=absent killpid=
03:08:59.308254059 pdns=5370/0/active/running/ named=0/inactive/dead/ agent=5462/active/ jphase=absent killpid=
03:08:59.589434715 pdns=5370/0/active/running/ named=0/inactive/dead/ agent=5462/active/ jphase=absent killpid=
03:08:59.870237199 pdns=5370/0/active/running/ named=0/inactive/dead/ agent=5462/active/ jphase=absent killpid=
03:09:00.149244830 pdns=5370/0/active/running/ named=0/inactive/dead/ agent=5462/active/ jphase=absent killpid=
03:09:00.459412499 pdns=5370/0/active/running/ named=0/inactive/dead/ agent=5462/active/ jphase=absent killpid=
03:09:00.764219090 pdns=5370/0/active/running/ named=0/inactive/dead/ agent=5462/active/ jphase=absent killpid=
03:09:01.046545356 pdns=5370/0/active/running/ named=0/inactive/dead/ agent=5462/active/ jphase=absent killpid=
03:09:01.328467731 pdns=5370/0/active/running/ named=0/inactive/dead/ agent=5462/active/ jphase=absent killpid=
03:09:01.608403342 pdns=5370/0/active/running/ named=0/inactive/dead/ agent=5462/active/ jphase=absent killpid=
03:09:01.887864987 pdns=5370/0/active/running/ named=0/inactive/dead/ agent=5462/active/ jphase=absent killpid=
03:09:02.170225455 pdns=5370/0/active/running/ named=0/inactive/dead/ agent=5462/active/ jphase=absent killpid=
03:09:02.448822037 pdns=5370/0/active/running/ named=0/inactive/dead/ agent=5462/active/ jphase=absent killpid=
03:09:02.729651987 pdns=5370/0/active/running/ named=0/inactive/dead/ agent=5462/active/ jphase=absent killpid=
03:09:03.011374136 pdns=5370/0/active/running/ named=0/inactive/dead/ agent=5462/active/ jphase=absent killpid=
03:09:03.295836091 pdns=5370/0/active/running/ named=0/inactive/dead/ agent=5462/active/ jphase=absent killpid=
03:09:03.574778596 pdns=5370/0/active/running/ named=0/inactive/dead/ agent=5462/active/ jphase=absent killpid=
03:09:03.863430605 pdns=5370/0/active/running/ named=0/inactive/dead/ agent=5462/active/ jphase=absent killpid=
03:09:04.144158887 pdns=5370/0/active/running/ named=0/inactive/dead/ agent=5462/active/ jphase=absent killpid=
03:09:04.421791897 pdns=5370/0/active/running/ named=0/inactive/dead/ agent=5462/active/ jphase=absent killpid=
03:09:04.705716055 pdns=5370/0/active/running/ named=0/inactive/dead/ agent=5462/active/ jphase=absent killpid=
03:09:04.984137033 pdns=5370/0/active/running/ named=0/inactive/dead/ agent=5462/active/ jphase=absent killpid=
03:09:05.265444991 pdns=5370/0/active/running/ named=0/inactive/dead/ agent=5462/active/ jphase=absent killpid=
03:09:05.545752647 pdns=5370/0/active/running/ named=0/inactive/dead/ agent=5462/active/ jphase=absent killpid=
03:09:05.826699394 pdns=5370/0/active/running/ named=0/inactive/dead/ agent=5462/active/ jphase=absent killpid=
03:09:06.109760715 pdns=5370/0/active/running/ named=0/inactive/dead/ agent=5462/active/ jphase=absent killpid=
03:09:06.388243423 pdns=5370/0/active/running/ named=0/inactive/dead/ agent=5462/active/ jphase=absent killpid=
03:09:06.666321212 pdns=5370/0/active/running/ named=0/inactive/dead/ agent=5462/active/ jphase=absent killpid=
03:09:06.947725463 pdns=5370/0/active/running/ named=0/inactive/dead/ agent=5462/active/ jphase=absent killpid=
03:09:07.229061662 pdns=5370/0/active/running/ named=0/inactive/dead/ agent=5462/active/ jphase=absent killpid=
03:09:07.510385447 pdns=5370/0/active/running/ named=0/inactive/dead/ agent=5462/active/ jphase=absent killpid=
03:09:07.793340466 pdns=5370/0/active/running/ named=0/inactive/dead/ agent=5462/active/ jphase=absent killpid=
03:09:08.073989553 pdns=5370/0/active/running/ named=0/inactive/dead/ agent=5462/active/ jphase=absent killpid=
03:09:08.364897814 pdns=5370/0/active/running/ named=0/inactive/dead/ agent=5462/active/ jphase=absent killpid=
03:09:08.652342316 pdns=5370/0/active/running/ named=0/inactive/dead/ agent=5462/active/ jphase=absent killpid=
03:09:08.939935257 pdns=5370/0/active/running/ named=0/inactive/dead/ agent=5462/active/ jphase=absent killpid=
03:09:09.223698553 pdns=5370/0/active/running/ named=0/inactive/dead/ agent=5462/active/ jphase=absent killpid=
03:09:09.502541111 pdns=5370/0/active/running/ named=0/inactive/dead/ agent=5462/active/ jphase=absent killpid=
03:09:09.787239158 pdns=5370/0/active/running/ named=0/inactive/dead/ agent=5462/active/ jphase=absent killpid=
03:09:10.067381468 pdns=5370/0/active/running/ named=0/inactive/dead/ agent=5462/active/ jphase=absent killpid=
03:09:10.346336297 pdns=5370/0/active/running/ named=0/inactive/dead/ agent=5462/active/ jphase=absent killpid=
03:09:10.628454110 pdns=5370/0/active/running/ named=0/inactive/dead/ agent=5462/active/ jphase=absent killpid=
03:09:10.912846293 pdns=5370/0/active/running/ named=0/inactive/dead/ agent=5462/active/ jphase=absent killpid=
03:09:11.194979537 pdns=5370/0/active/running/ named=0/inactive/dead/ agent=5462/active/ jphase=absent killpid=
03:09:11.474622833 pdns=5370/0/active/running/ named=0/inactive/dead/ agent=5462/active/ jphase=absent killpid=
03:09:11.754354476 pdns=5370/0/active/running/ named=0/inactive/dead/ agent=5462/active/ jphase=absent killpid=
03:09:12.036622817 pdns=5370/0/active/running/ named=0/inactive/dead/ agent=5462/active/ jphase=absent killpid=
03:09:12.318815122 pdns=5370/0/active/running/ named=0/inactive/dead/ agent=5462/active/ jphase=absent killpid=
03:09:12.599794595 pdns=5370/0/active/running/ named=0/inactive/dead/ agent=5462/active/ jphase=absent killpid=
03:09:12.881095610 pdns=5370/0/active/running/ named=0/inactive/dead/ agent=5462/active/ jphase=absent killpid=
03:09:13.166997831 pdns=5370/0/active/running/ named=0/inactive/dead/ agent=5462/active/ jphase=absent killpid=
03:09:13.449668802 pdns=5370/0/active/running/ named=0/inactive/dead/ agent=5462/active/ jphase=absent killpid=
03:09:13.729914573 pdns=5370/0/active/running/ named=0/inactive/dead/ agent=5462/active/ jphase=absent killpid=
03:09:14.007568711 pdns=5370/0/active/running/ named=0/inactive/dead/ agent=5462/active/ jphase=absent killpid=
03:09:14.291071243 pdns=5370/0/active/running/ named=0/inactive/dead/ agent=5462/active/ jphase=absent killpid=
03:09:14.578459186 pdns=5370/0/active/running/ named=0/inactive/dead/ agent=5462/active/ jphase=absent killpid=
03:09:14.862049908 pdns=5370/0/active/running/ named=0/inactive/dead/ agent=5462/active/ jphase=absent killpid=
03:09:15.146076333 pdns=5370/0/active/running/ named=0/inactive/dead/ agent=5462/active/ jphase=absent killpid=
03:09:15.430184720 pdns=5370/0/active/running/ named=0/inactive/dead/ agent=5462/active/ jphase=absent killpid=
03:09:15.744335607 pdns=5370/0/active/running/ named=0/inactive/dead/ agent=5462/active/ jphase=absent killpid=
03:09:16.026428981 pdns=5370/0/active/running/ named=0/inactive/dead/ agent=5462/active/ jphase=absent killpid=
03:09:16.306840560 pdns=5370/0/active/running/ named=0/inactive/dead/ agent=5462/active/ jphase=absent killpid=
03:09:16.586651714 pdns=5370/0/active/running/ named=0/inactive/dead/ agent=5462/active/ jphase=absent killpid=
03:09:16.868941431 pdns=5370/0/active/running/ named=0/inactive/dead/ agent=5462/active/ jphase=absent killpid=
03:09:17.154248844 pdns=5370/0/active/running/ named=0/inactive/dead/ agent=5462/active/ jphase=absent killpid=
03:09:17.434049753 pdns=5370/0/active/running/ named=0/inactive/dead/ agent=5462/active/ jphase=absent killpid=
03:09:17.713521439 pdns=5370/0/active/running/ named=0/inactive/dead/ agent=5462/active/ jphase=absent killpid=
03:09:17.997543401 pdns=5370/0/active/running/ named=0/inactive/dead/ agent=5462/active/ jphase=absent killpid=
03:09:18.276855279 pdns=5370/0/active/running/ named=0/inactive/dead/ agent=5462/active/ jphase=absent killpid=
03:09:18.558436411 pdns=5370/0/active/running/ named=0/inactive/dead/ agent=5462/active/ jphase=absent killpid=
03:09:18.842183295 pdns=5370/0/active/running/ named=0/inactive/dead/ agent=5462/active/ jphase=absent killpid=
03:09:19.125519027 pdns=5370/0/active/running/ named=0/inactive/dead/ agent=5462/active/ jphase=absent killpid=
03:09:19.407461998 pdns=5370/0/active/running/ named=0/inactive/dead/ agent=5462/active/ jphase=absent killpid=
03:09:19.686702260 pdns=5370/0/active/running/ named=0/inactive/dead/ agent=5462/active/ jphase=absent killpid=
03:09:19.966366851 pdns=5370/0/active/running/ named=0/inactive/dead/ agent=5462/active/ jphase=absent killpid=
03:09:20.250712611 pdns=5370/0/active/running/ named=0/inactive/dead/ agent=5462/active/ jphase=absent killpid=
03:09:20.531037158 pdns=5370/0/active/running/ named=0/inactive/dead/ agent=5462/active/ jphase=absent killpid=
03:09:20.813539250 pdns=5370/0/active/running/ named=0/inactive/dead/ agent=5462/active/ jphase=absent killpid=
03:09:21.098482075 pdns=5370/0/active/running/ named=0/inactive/dead/ agent=5462/active/ jphase=absent killpid=
03:09:21.379425993 pdns=5370/0/active/running/ named=0/inactive/dead/ agent=5462/active/ jphase=absent killpid=
03:09:21.664528997 pdns=5370/0/active/running/ named=0/inactive/dead/ agent=5462/active/ jphase=absent killpid=
03:09:21.942762832 pdns=5370/0/active/running/ named=0/inactive/dead/ agent=5462/active/ jphase=absent killpid=
03:09:22.223086750 pdns=5370/0/active/running/ named=0/inactive/dead/ agent=5462/active/ jphase=absent killpid=
03:09:22.505199230 pdns=5370/0/active/running/ named=0/inactive/dead/ agent=5462/active/ jphase=absent killpid=
03:09:22.785303082 pdns=5370/0/active/running/ named=0/inactive/dead/ agent=5462/active/ jphase=absent killpid=
03:09:23.065747930 pdns=5370/0/active/running/ named=0/inactive/dead/ agent=5462/active/ jphase=absent killpid=
03:09:23.344722181 pdns=5370/0/active/running/ named=0/inactive/dead/ agent=5462/active/ jphase=absent killpid=
03:09:23.627688979 pdns=5370/0/active/running/ named=0/inactive/dead/ agent=5462/active/ jphase=absent killpid=
03:09:23.916400826 pdns=5370/0/active/running/ named=0/inactive/dead/ agent=5462/active/ jphase=absent killpid=
03:09:24.196909599 pdns=5370/0/active/running/ named=0/inactive/dead/ agent=5462/active/ jphase=absent killpid=
03:09:24.486955643 pdns=5370/0/active/running/ named=0/inactive/dead/ agent=5462/active/ jphase=absent killpid=
03:09:24.766877590 pdns=5370/0/active/running/ named=0/inactive/dead/ agent=5462/active/ jphase=absent killpid=
03:09:25.046286423 pdns=5370/0/active/running/ named=0/inactive/dead/ agent=5462/active/ jphase=absent killpid=
03:09:25.327862800 pdns=5370/0/active/running/ named=0/inactive/dead/ agent=5462/active/ jphase=absent killpid=
03:09:25.614505441 pdns=5370/0/active/running/ named=0/inactive/dead/ agent=5462/active/ jphase=absent killpid=
03:09:25.894532370 pdns=5370/0/active/running/ named=0/inactive/dead/ agent=5462/active/ jphase=absent killpid=
03:09:26.178080313 pdns=5370/0/active/running/ named=0/inactive/dead/ agent=5462/active/ jphase=absent killpid=
03:09:26.456891570 pdns=5370/0/active/running/ named=0/inactive/dead/ agent=5462/active/ jphase=absent killpid=
03:09:26.735410695 pdns=5370/0/active/running/ named=0/inactive/dead/ agent=5462/active/ jphase=absent killpid=
03:09:27.016561484 pdns=5370/0/active/running/ named=0/inactive/dead/ agent=5462/active/ jphase=absent killpid=
03:09:27.296388667 pdns=5370/0/active/running/ named=0/inactive/dead/ agent=5462/active/ jphase=absent killpid=
03:09:27.580309338 pdns=5370/0/active/running/ named=0/inactive/dead/ agent=5462/active/ jphase=absent killpid=
03:09:27.870759237 pdns=5370/0/active/running/ named=0/inactive/dead/ agent=5462/active/ jphase=absent killpid=
03:09:28.151125354 pdns=5370/0/active/running/ named=0/inactive/dead/ agent=5462/active/ jphase=absent killpid=
03:09:28.430236065 pdns=5370/0/active/running/ named=0/inactive/dead/ agent=5462/active/ jphase=absent killpid=
03:09:28.716382478 pdns=5370/0/active/running/ named=0/inactive/dead/ agent=5462/active/ jphase=absent killpid=
03:09:29.007495525 pdns=5370/0/active/running/ named=0/inactive/dead/ agent=5462/active/ jphase=absent killpid=
03:09:29.321364293 pdns=5370/0/active/running/ named=0/inactive/dead/ agent=5462/active/ jphase=absent killpid=
03:09:29.604503726 pdns=5370/0/active/running/ named=0/inactive/dead/ agent=5462/active/ jphase=absent killpid=
03:09:29.887386201 pdns=5370/0/active/running/ named=0/inactive/dead/ agent=5462/active/ jphase=absent killpid=
03:09:30.170647083 pdns=5370/0/active/running/ named=0/inactive/dead/ agent=5462/active/ jphase=absent killpid=
03:09:30.451266469 pdns=5370/0/active/running/ named=0/inactive/dead/ agent=5462/active/ jphase=absent killpid=
03:09:30.730769812 pdns=5370/0/active/running/ named=0/inactive/dead/ agent=5462/active/ jphase=absent killpid=
03:09:31.013448751 pdns=5370/0/active/running/ named=0/inactive/dead/ agent=5462/active/ jphase=absent killpid=
03:09:31.294434226 pdns=5370/0/active/running/ named=0/inactive/dead/ agent=5462/active/ jphase=absent killpid=
03:09:31.578947393 pdns=5370/0/active/running/ named=0/inactive/dead/ agent=5462/active/ jphase=absent killpid=
03:09:31.860027718 pdns=5370/0/active/running/ named=0/inactive/dead/ agent=5462/active/ jphase=absent killpid=
03:09:32.138140260 pdns=5370/0/active/running/ named=0/inactive/dead/ agent=5462/active/ jphase=absent killpid=
03:09:32.417717651 pdns=5370/0/active/running/ named=0/inactive/dead/ agent=5462/active/ jphase=absent killpid=
03:09:32.697914341 pdns=5370/0/active/running/ named=0/inactive/dead/ agent=5462/active/ jphase=absent killpid=
03:09:32.977639063 pdns=5370/0/active/running/ named=0/inactive/dead/ agent=5462/active/ jphase=absent killpid=
03:09:33.256850470 pdns=5370/0/active/running/ named=0/inactive/dead/ agent=5462/active/ jphase=absent killpid=
03:09:33.538397983 pdns=5370/0/active/running/ named=0/inactive/dead/ agent=5462/active/ jphase=absent killpid=
03:09:33.819807910 pdns=5370/0/active/running/ named=0/inactive/dead/ agent=5462/active/ jphase=absent killpid=
03:09:34.099258568 pdns=5370/0/active/running/ named=0/inactive/dead/ agent=5462/active/ jphase=absent killpid=
03:09:34.378163404 pdns=5370/0/active/running/ named=0/inactive/dead/ agent=5462/active/ jphase=absent killpid=
03:09:34.658693390 pdns=5370/0/active/running/ named=0/inactive/dead/ agent=5462/active/ jphase=absent killpid=
03:09:34.939617275 pdns=5370/0/active/running/ named=0/inactive/dead/ agent=5462/active/ jphase=absent killpid=
03:09:35.218412202 pdns=5370/0/active/running/ named=0/inactive/dead/ agent=5462/active/ jphase=absent killpid=
03:09:35.497899684 pdns=5370/0/active/running/ named=0/inactive/dead/ agent=5462/active/ jphase=absent killpid=
03:09:35.779982204 pdns=5370/0/active/running/ named=0/inactive/dead/ agent=5462/active/ jphase=absent killpid=
03:09:36.060603354 pdns=5370/0/active/running/ named=0/inactive/dead/ agent=5462/active/ jphase=absent killpid=
03:09:36.347234512 pdns=5370/0/active/running/ named=0/inactive/dead/ agent=5462/active/ jphase=absent killpid=
03:09:36.626549852 pdns=5370/0/active/running/ named=0/inactive/dead/ agent=5462/active/ jphase=absent killpid=
03:09:36.906516172 pdns=5370/0/active/running/ named=0/inactive/dead/ agent=5462/active/ jphase=absent killpid=
03:09:37.187284656 pdns=5370/0/active/running/ named=0/inactive/dead/ agent=5462/active/ jphase=absent killpid=
03:09:37.466381012 pdns=5370/0/active/running/ named=0/inactive/dead/ agent=5462/active/ jphase=absent killpid=
03:09:37.762832564 pdns=5370/0/active/running/ named=0/inactive/dead/ agent=5462/active/ jphase=absent killpid=
03:09:38.042830974 pdns=5370/0/active/running/ named=0/inactive/dead/ agent=5462/active/ jphase=absent killpid=
03:09:38.321823277 pdns=5370/0/active/running/ named=0/inactive/dead/ agent=5462/active/ jphase=absent killpid=
03:09:38.604489950 pdns=5370/0/active/running/ named=0/inactive/dead/ agent=5462/active/ jphase=absent killpid=
03:09:38.887301805 pdns=5370/0/active/running/ named=0/inactive/dead/ agent=5462/active/ jphase=absent killpid=
03:09:39.167432914 pdns=5370/0/active/running/ named=0/inactive/dead/ agent=5462/active/ jphase=absent killpid=
03:09:39.449842307 pdns=5370/0/active/running/ named=0/inactive/dead/ agent=5462/active/ jphase=absent killpid=
03:09:39.728134038 pdns=5370/0/active/running/ named=0/inactive/dead/ agent=5462/active/ jphase=absent killpid=
03:09:40.010587835 pdns=5370/0/active/running/ named=0/inactive/dead/ agent=5462/active/ jphase=absent killpid=
03:09:40.293122206 pdns=5370/0/active/running/ named=0/inactive/dead/ agent=5462/active/ jphase=absent killpid=
03:09:40.579653149 pdns=5370/0/active/running/ named=0/inactive/dead/ agent=5462/active/ jphase=absent killpid=
03:09:40.867849966 pdns=5370/0/active/running/ named=0/inactive/dead/ agent=5462/active/ jphase=absent killpid=
03:09:41.148267581 pdns=5370/0/active/running/ named=0/inactive/dead/ agent=5462/active/ jphase=absent killpid=
03:09:41.432187398 pdns=5370/0/active/running/ named=0/inactive/dead/ agent=5462/active/ jphase=absent killpid=
03:09:41.713760845 pdns=5370/0/active/running/ named=0/inactive/dead/ agent=5462/active/ jphase=absent killpid=
03:09:41.995964467 pdns=5370/0/active/running/ named=0/inactive/dead/ agent=5462/active/ jphase=absent killpid=
03:09:42.278578035 pdns=5370/0/active/running/ named=0/inactive/dead/ agent=5462/active/ jphase=absent killpid=
03:09:42.565542755 pdns=5370/0/active/running/ named=0/inactive/dead/ agent=5462/active/ jphase=absent killpid=
03:09:42.846430226 pdns=5370/0/active/running/ named=0/inactive/dead/ agent=5462/active/ jphase=absent killpid=
03:09:43.127671799 pdns=5370/0/active/running/ named=0/inactive/dead/ agent=5462/active/ jphase=absent killpid=
03:09:43.409120664 pdns=5370/0/active/running/ named=0/inactive/dead/ agent=5462/active/ jphase=absent killpid=
03:09:43.690895879 pdns=5370/0/active/running/ named=0/inactive/dead/ agent=5462/active/ jphase=absent killpid=
03:09:43.984938160 pdns=5370/0/active/running/ named=0/inactive/dead/ agent=5462/active/ jphase=absent killpid=
03:09:44.264615876 pdns=5370/0/active/running/ named=0/inactive/dead/ agent=5462/active/ jphase=absent killpid=
03:09:44.546779664 pdns=5370/0/active/running/ named=0/inactive/dead/ agent=5462/active/ jphase=absent killpid=
03:09:44.831623550 pdns=5370/0/active/running/ named=0/inactive/dead/ agent=5462/active/ jphase=absent killpid=
03:09:45.109607546 pdns=5370/0/active/running/ named=0/inactive/dead/ agent=5462/active/ jphase=absent killpid=
03:09:45.393889749 pdns=5370/0/active/running/ named=0/inactive/dead/ agent=5462/active/ jphase=absent killpid=
03:09:45.729227395 pdns=5370/0/active/running/ named=0/inactive/dead/ agent=5462/active/ jphase=absent killpid=
03:09:46.012034068 pdns=5370/0/active/running/ named=0/inactive/dead/ agent=5462/active/ jphase=absent killpid=
03:09:46.289757273 pdns=5370/0/active/running/ named=0/inactive/dead/ agent=5462/active/ jphase=absent killpid=
03:09:46.569470529 pdns=5370/0/active/running/ named=0/inactive/dead/ agent=5462/active/ jphase=absent killpid=
03:09:46.847775854 pdns=5370/0/active/running/ named=0/inactive/dead/ agent=5462/active/ jphase=absent killpid=
03:09:47.127828211 pdns=5370/0/active/running/ named=0/inactive/dead/ agent=5462/active/ jphase=absent killpid=
03:09:47.412735613 pdns=5370/0/active/running/ named=0/inactive/dead/ agent=5462/active/ jphase=absent killpid=
03:09:47.693312118 pdns=5370/0/active/running/ named=0/inactive/dead/ agent=5462/active/ jphase=absent killpid=
03:09:47.972972553 pdns=5370/0/active/running/ named=0/inactive/dead/ agent=5462/active/ jphase=absent killpid=
03:09:48.256244823 pdns=5370/0/active/running/ named=0/inactive/dead/ agent=5462/active/ jphase=absent killpid=
03:09:48.545858520 pdns=5370/0/active/running/ named=0/inactive/dead/ agent=5462/active/ jphase=absent killpid=
03:09:48.824363172 pdns=5370/0/active/running/ named=0/inactive/dead/ agent=5462/active/ jphase=absent killpid=
03:09:49.109007408 pdns=5370/0/active/running/ named=0/inactive/dead/ agent=5462/active/ jphase=absent killpid=
03:09:49.387442134 pdns=5370/0/active/running/ named=0/inactive/dead/ agent=5462/active/ jphase=absent killpid=
03:09:49.673452519 pdns=5370/0/active/running/ named=0/inactive/dead/ agent=5462/active/ jphase=absent killpid=
03:09:49.959655063 pdns=5370/0/active/running/ named=0/inactive/dead/ agent=5462/active/ jphase=absent killpid=
03:09:50.237572479 pdns=5370/0/active/running/ named=0/inactive/dead/ agent=5462/active/ jphase=absent killpid=
03:09:50.516222018 pdns=5370/0/active/running/ named=0/inactive/dead/ agent=5462/active/ jphase=absent killpid=
03:09:50.799011963 pdns=5370/0/active/running/ named=0/inactive/dead/ agent=5462/active/ jphase=absent killpid=
03:09:51.088694363 pdns=5370/0/active/running/ named=0/inactive/dead/ agent=5462/active/ jphase=absent killpid=
03:09:51.383610967 pdns=5370/0/active/running/ named=0/inactive/dead/ agent=5462/active/ jphase=absent killpid=
03:09:51.665593395 pdns=5370/0/active/running/ named=0/inactive/dead/ agent=5462/active/ jphase=absent killpid=
03:09:51.954021650 pdns=5370/0/active/running/ named=0/inactive/dead/ agent=5462/active/ jphase=absent killpid=
03:09:52.232244177 pdns=5370/0/active/running/ named=0/inactive/dead/ agent=5462/active/ jphase=absent killpid=
03:09:52.510825870 pdns=5370/0/active/running/ named=0/inactive/dead/ agent=5462/active/ jphase=absent killpid=
03:09:52.790618189 pdns=5370/0/active/running/ named=0/inactive/dead/ agent=5462/active/ jphase=absent killpid=
03:09:53.084403705 pdns=5370/0/active/running/ named=0/inactive/dead/ agent=5462/active/ jphase=absent killpid=
03:09:53.366193331 pdns=5370/0/active/running/ named=0/inactive/dead/ agent=5462/active/ jphase=absent killpid=
03:09:53.646145972 pdns=5370/0/active/running/ named=0/inactive/dead/ agent=5462/active/ jphase=absent killpid=
03:09:53.925786659 pdns=5370/0/active/running/ named=0/inactive/dead/ agent=5462/active/ jphase=absent killpid=
03:09:54.208063595 pdns=5370/0/active/running/ named=0/inactive/dead/ agent=5462/active/ jphase=absent killpid=
03:09:54.489665984 pdns=5370/0/active/running/ named=0/inactive/dead/ agent=5462/active/ jphase=absent killpid=
03:09:54.776431039 pdns=5370/0/active/running/ named=0/inactive/dead/ agent=5462/active/ jphase=absent killpid=
03:09:55.056343262 pdns=5370/0/active/running/ named=0/inactive/dead/ agent=5462/active/ jphase=absent killpid=
03:09:55.339597603 pdns=5370/0/active/running/ named=0/inactive/dead/ agent=5462/active/ jphase=absent killpid=
03:09:55.633288896 pdns=5370/0/active/running/ named=0/inactive/dead/ agent=5462/active/ jphase=absent killpid=
03:09:55.920183127 pdns=5370/0/active/running/ named=0/inactive/dead/ agent=5462/active/ jphase=absent killpid=
03:09:56.201328634 pdns=5370/0/active/running/ named=0/inactive/dead/ agent=5462/active/ jphase=absent killpid=
03:09:56.481497400 pdns=5370/0/active/running/ named=0/inactive/dead/ agent=5462/active/ jphase=absent killpid=
03:09:56.761493076 pdns=5370/0/active/running/ named=0/inactive/dead/ agent=5462/active/ jphase=absent killpid=
03:09:57.039877811 pdns=5370/0/active/running/ named=0/inactive/dead/ agent=5462/active/ jphase=absent killpid=
03:09:57.318536732 pdns=5370/0/active/running/ named=0/inactive/dead/ agent=5462/active/ jphase=absent killpid=
03:09:57.597797298 pdns=5370/0/active/running/ named=0/inactive/dead/ agent=5462/active/ jphase=absent killpid=
03:09:57.876336685 pdns=5370/0/active/running/ named=0/inactive/dead/ agent=5462/active/ jphase=absent killpid=
03:09:58.162480898 pdns=5370/0/active/running/ named=0/inactive/dead/ agent=5462/active/ jphase=absent killpid=
03:09:58.446278466 pdns=5370/0/active/running/ named=0/inactive/dead/ agent=5462/active/ jphase=absent killpid=
03:09:58.732076445 pdns=5370/0/active/running/ named=0/inactive/dead/ agent=5462/active/ jphase=absent killpid=
03:09:59.022400019 pdns=5370/0/active/running/ named=0/inactive/dead/ agent=5462/active/ jphase=absent killpid=
03:09:59.304704942 pdns=5370/0/active/running/ named=0/inactive/dead/ agent=5462/active/ jphase=absent killpid=
03:09:59.584183365 pdns=5370/0/active/running/ named=0/inactive/dead/ agent=5462/active/ jphase=absent killpid=
03:09:59.864915663 pdns=5370/0/active/running/ named=0/inactive/dead/ agent=5462/active/ jphase=absent killpid=
03:10:00.143129752 pdns=5370/0/active/running/ named=0/inactive/dead/ agent=5462/active/ jphase=absent killpid=
03:10:00.430803603 pdns=5370/0/active/running/ named=0/inactive/dead/ agent=5462/active/ jphase=absent killpid=
03:10:00.722854058 pdns=5370/0/active/running/ named=0/inactive/dead/ agent=5462/active/ jphase=absent killpid=
03:10:01.005682465 pdns=5370/0/active/running/ named=0/inactive/dead/ agent=5462/active/ jphase=absent killpid=
03:10:01.288621875 pdns=5370/0/active/running/ named=0/inactive/dead/ agent=5462/active/ jphase=absent killpid=
03:10:01.574027823 pdns=5370/0/active/running/ named=0/inactive/dead/ agent=5462/active/ jphase=absent killpid=
03:10:01.856524479 pdns=5370/0/active/running/ named=0/inactive/dead/ agent=5462/active/ jphase=absent killpid=
03:10:02.137453144 pdns=5370/0/active/running/ named=0/inactive/dead/ agent=5462/active/ jphase=absent killpid=
03:10:02.420262256 pdns=5370/0/active/running/ named=0/inactive/dead/ agent=5462/active/ jphase=absent killpid=
03:10:02.700913929 pdns=5370/0/active/running/ named=0/inactive/dead/ agent=5462/active/ jphase=absent killpid=
03:10:02.982686923 pdns=5370/0/active/running/ named=0/inactive/dead/ agent=5462/active/ jphase=absent killpid=
03:10:03.263579250 pdns=5370/0/active/running/ named=0/inactive/dead/ agent=5462/active/ jphase=absent killpid=
03:10:03.545881208 pdns=5370/0/active/running/ named=0/inactive/dead/ agent=5462/active/ jphase=absent killpid=
03:10:03.829669201 pdns=5370/0/active/running/ named=0/inactive/dead/ agent=5462/active/ jphase=absent killpid=
03:10:04.109293179 pdns=5370/0/active/running/ named=0/inactive/dead/ agent=5462/active/ jphase=absent killpid=
03:10:04.390040784 pdns=5370/0/active/running/ named=0/inactive/dead/ agent=5462/active/ jphase=absent killpid=
03:10:04.673965438 pdns=5370/0/active/running/ named=0/inactive/dead/ agent=5462/active/ jphase=absent killpid=
03:10:04.962000852 pdns=5370/0/active/running/ named=0/inactive/dead/ agent=5462/active/ jphase=absent killpid=
03:10:05.244108383 pdns=5370/0/active/running/ named=0/inactive/dead/ agent=5462/active/ jphase=absent killpid=
03:10:05.525520939 pdns=5370/0/active/running/ named=0/inactive/dead/ agent=5462/active/ jphase=absent killpid=
03:10:05.806120426 pdns=5370/0/active/running/ named=0/inactive/dead/ agent=5462/active/ jphase=absent killpid=
03:10:06.087555559 pdns=5370/0/active/running/ named=0/inactive/dead/ agent=5462/active/ jphase=absent killpid=
03:10:06.366149036 pdns=5370/0/active/running/ named=0/inactive/dead/ agent=5462/active/ jphase=absent killpid=
03:10:06.647758403 pdns=5370/0/active/running/ named=0/inactive/dead/ agent=5462/active/ jphase=absent killpid=
03:10:06.931199203 pdns=5370/0/active/running/ named=0/inactive/dead/ agent=5462/active/ jphase=absent killpid=
03:10:07.213331117 pdns=5370/0/active/running/ named=0/inactive/dead/ agent=5462/active/ jphase=absent killpid=
03:10:07.494271911 pdns=5370/0/active/running/ named=0/inactive/dead/ agent=5462/active/ jphase=absent killpid=
03:10:07.775668705 pdns=5370/0/active/running/ named=0/inactive/dead/ agent=5462/active/ jphase=absent killpid=
03:10:08.052481786 pdns=5370/0/active/running/ named=0/inactive/dead/ agent=5462/active/ jphase=absent killpid=
03:10:08.335826747 pdns=5370/0/active/running/ named=0/inactive/dead/ agent=5462/active/ jphase=absent killpid=
03:10:08.615848263 pdns=5370/0/active/running/ named=0/inactive/dead/ agent=5462/active/ jphase=absent killpid=
03:10:08.925238184 pdns=5370/0/active/running/ named=0/inactive/dead/ agent=5462/active/ jphase=absent killpid=
03:10:09.259097136 pdns=5370/0/active/running/ named=0/inactive/dead/ agent=5462/active/ jphase=absent killpid=
03:10:09.543525942 pdns=5370/0/active/running/ named=0/inactive/dead/ agent=5462/active/ jphase=absent killpid=
03:10:09.827792123 pdns=5370/0/active/running/ named=0/inactive/dead/ agent=5462/active/ jphase=absent killpid=
03:10:10.149425282 pdns=5370/0/active/running/ named=0/inactive/dead/ agent=5462/active/ jphase=absent killpid=
03:10:10.431057397 pdns=5370/0/active/running/ named=0/inactive/dead/ agent=5462/active/ jphase=absent killpid=
03:10:10.713498461 pdns=5370/0/active/running/ named=0/inactive/dead/ agent=5462/active/ jphase=absent killpid=
03:10:11.002637625 pdns=5370/0/active/running/ named=0/inactive/dead/ agent=5462/active/ jphase=absent killpid=
03:10:11.286288701 pdns=5370/0/active/running/ named=0/inactive/dead/ agent=5462/active/ jphase=absent killpid=
03:10:11.566367019 pdns=5370/0/active/running/ named=0/inactive/dead/ agent=5462/active/ jphase=absent killpid=
03:10:11.845347609 pdns=5370/0/active/running/ named=0/inactive/dead/ agent=5462/active/ jphase=absent killpid=
03:10:12.130333006 pdns=5370/0/active/running/ named=0/inactive/dead/ agent=5462/active/ jphase=absent killpid=
03:10:12.416978419 pdns=5370/0/active/running/ named=0/inactive/dead/ agent=5462/active/ jphase=absent killpid=
03:10:12.697165361 pdns=5370/0/active/running/ named=0/inactive/dead/ agent=5462/active/ jphase=absent killpid=
03:10:12.977422976 pdns=5370/0/active/running/ named=0/inactive/dead/ agent=5462/active/ jphase=absent killpid=
03:10:13.255961200 pdns=5370/0/active/running/ named=0/inactive/dead/ agent=5462/active/ jphase=absent killpid=
03:10:13.534903141 pdns=5370/0/active/running/ named=0/inactive/dead/ agent=5462/active/ jphase=absent killpid=
03:10:13.817341309 pdns=5370/0/active/running/ named=0/inactive/dead/ agent=5462/active/ jphase=absent killpid=
03:10:14.096793338 pdns=5370/0/active/running/ named=0/inactive/dead/ agent=5462/active/ jphase=absent killpid=
03:10:14.376284413 pdns=5370/0/active/running/ named=0/inactive/dead/ agent=5462/active/ jphase=absent killpid=
03:10:14.661670115 pdns=5370/0/active/running/ named=0/inactive/dead/ agent=5462/active/ jphase=absent killpid=
03:10:14.941418670 pdns=5370/0/active/running/ named=0/inactive/dead/ agent=5462/active/ jphase=absent killpid=
03:10:15.220671187 pdns=5370/0/active/running/ named=0/inactive/dead/ agent=5462/active/ jphase=absent killpid=
03:10:15.506461526 pdns=5370/0/active/running/ named=0/inactive/dead/ agent=5462/active/ jphase=absent killpid=
03:10:15.800501363 pdns=5370/0/active/running/ named=0/inactive/dead/ agent=5462/active/ jphase=absent killpid=
03:10:16.079361611 pdns=5370/0/active/running/ named=0/inactive/dead/ agent=5462/active/ jphase=absent killpid=
03:10:16.358795477 pdns=5370/0/active/running/ named=0/inactive/dead/ agent=5462/active/ jphase=absent killpid=
03:10:16.637702063 pdns=5370/0/active/running/ named=0/inactive/dead/ agent=5462/active/ jphase=absent killpid=
03:10:16.918143987 pdns=5370/0/active/running/ named=0/inactive/dead/ agent=5462/active/ jphase=absent killpid=
03:10:17.196816726 pdns=5370/0/active/running/ named=0/inactive/dead/ agent=5462/active/ jphase=absent killpid=
03:10:17.476966937 pdns=5370/0/active/running/ named=0/inactive/dead/ agent=5462/active/ jphase=absent killpid=
03:10:17.757708858 pdns=5370/0/active/running/ named=0/inactive/dead/ agent=5462/active/ jphase=absent killpid=
03:10:18.038213875 pdns=5370/0/active/running/ named=0/inactive/dead/ agent=5462/active/ jphase=absent killpid=
03:10:18.318812831 pdns=5370/0/active/running/ named=0/inactive/dead/ agent=5462/active/ jphase=absent killpid=
03:10:18.599359236 pdns=5370/0/active/running/ named=0/inactive/dead/ agent=5462/active/ jphase=absent killpid=
03:10:18.878955613 pdns=5370/0/active/running/ named=0/inactive/dead/ agent=5462/active/ jphase=absent killpid=
03:10:19.162240365 pdns=5370/0/active/running/ named=0/inactive/dead/ agent=5462/active/ jphase=absent killpid=
03:10:19.442278971 pdns=5370/0/active/running/ named=0/inactive/dead/ agent=5462/active/ jphase=absent killpid=
03:10:19.722117825 pdns=5370/0/active/running/ named=0/inactive/dead/ agent=5462/active/ jphase=absent killpid=
03:10:20.001316504 pdns=5370/0/active/running/ named=0/inactive/dead/ agent=5462/active/ jphase=absent killpid=
03:10:20.282236234 pdns=5370/0/active/running/ named=0/inactive/dead/ agent=5462/active/ jphase=absent killpid=
03:10:20.566452025 pdns=5370/0/active/running/ named=0/inactive/dead/ agent=5462/active/ jphase=absent killpid=
03:10:20.845257720 pdns=5370/0/active/running/ named=0/inactive/dead/ agent=5462/active/ jphase=absent killpid=
03:10:21.128387364 pdns=5370/0/active/running/ named=0/inactive/dead/ agent=5462/active/ jphase=absent killpid=
03:10:21.412894992 pdns=5370/0/active/running/ named=0/inactive/dead/ agent=5462/active/ jphase=absent killpid=
03:10:21.692527691 pdns=5370/0/active/running/ named=0/inactive/dead/ agent=5462/active/ jphase=absent killpid=
03:10:21.973796580 pdns=5370/0/active/running/ named=0/inactive/dead/ agent=5462/active/ jphase=absent killpid=
03:10:22.260542994 pdns=5370/0/active/running/ named=0/inactive/dead/ agent=5462/active/ jphase=absent killpid=
03:10:22.544564348 pdns=5370/0/active/running/ named=0/inactive/dead/ agent=5462/active/ jphase=absent killpid=
03:10:22.848477218 pdns=5370/0/active/running/ named=0/inactive/dead/ agent=5462/active/ jphase=absent killpid=
03:10:23.175131631 pdns=5370/0/active/running/ named=0/inactive/dead/ agent=5462/active/ jphase=absent killpid=
03:10:23.458333963 pdns=5370/0/active/running/ named=0/inactive/dead/ agent=5462/active/ jphase=absent killpid=
03:10:23.738453694 pdns=5370/0/active/running/ named=0/inactive/dead/ agent=5462/active/ jphase=absent killpid=
03:10:24.028698294 pdns=5370/0/active/running/ named=0/inactive/dead/ agent=5462/active/ jphase=absent killpid=
03:10:24.308345358 pdns=5370/0/active/running/ named=0/inactive/dead/ agent=5462/active/ jphase=absent killpid=
03:10:24.587880862 pdns=5370/0/active/running/ named=0/inactive/dead/ agent=5462/active/ jphase=absent killpid=
03:10:24.870495255 pdns=5370/0/active/running/ named=0/inactive/dead/ agent=5462/active/ jphase=absent killpid=
03:10:25.152791256 pdns=5370/0/active/running/ named=0/inactive/dead/ agent=5462/active/ jphase=absent killpid=
03:10:25.436365591 pdns=5370/0/active/running/ named=0/inactive/dead/ agent=5462/active/ jphase=absent killpid=
03:10:25.718525218 pdns=5370/0/active/running/ named=0/inactive/dead/ agent=5462/active/ jphase=absent killpid=
03:10:25.998447260 pdns=5370/0/active/running/ named=0/inactive/dead/ agent=5462/active/ jphase=absent killpid=
03:10:26.276496644 pdns=5370/0/active/running/ named=0/inactive/dead/ agent=5462/active/ jphase=absent killpid=
03:10:26.556717531 pdns=5370/0/active/running/ named=0/inactive/dead/ agent=5462/active/ jphase=absent killpid=
03:10:26.835676831 pdns=5370/0/active/running/ named=0/inactive/dead/ agent=5462/active/ jphase=absent killpid=
03:10:27.113756871 pdns=5370/0/active/running/ named=0/inactive/dead/ agent=5462/active/ jphase=absent killpid=
03:10:27.394793062 pdns=5370/0/active/running/ named=0/inactive/dead/ agent=5462/active/ jphase=absent killpid=
03:10:27.677304112 pdns=5370/0/active/running/ named=0/inactive/dead/ agent=5462/active/ jphase=absent killpid=
03:10:27.958292711 pdns=5370/0/active/running/ named=0/inactive/dead/ agent=5462/active/ jphase=absent killpid=
03:10:28.240407533 pdns=5370/0/active/running/ named=0/inactive/dead/ agent=5462/active/ jphase=absent killpid=
03:10:28.519494906 pdns=5370/0/active/running/ named=0/inactive/dead/ agent=5462/active/ jphase=absent killpid=
03:10:28.802361946 pdns=5370/0/active/running/ named=0/inactive/dead/ agent=5462/active/ jphase=absent killpid=
03:10:29.090052752 pdns=5370/0/active/running/ named=0/inactive/dead/ agent=5462/active/ jphase=absent killpid=
03:10:29.370361379 pdns=5370/0/active/running/ named=0/inactive/dead/ agent=5462/active/ jphase=absent killpid=
03:10:29.648214658 pdns=5370/0/active/running/ named=0/inactive/dead/ agent=5462/active/ jphase=absent killpid=
03:10:29.926456289 pdns=5370/0/active/running/ named=0/inactive/dead/ agent=5462/active/ jphase=absent killpid=
03:10:30.208400646 pdns=5370/0/active/running/ named=0/inactive/dead/ agent=5462/active/ jphase=absent killpid=
03:10:30.487184404 pdns=5370/0/active/running/ named=0/inactive/dead/ agent=5462/active/ jphase=absent killpid=
03:10:30.767446412 pdns=5370/0/active/running/ named=0/inactive/dead/ agent=5462/active/ jphase=absent killpid=
03:10:31.048971700 pdns=5370/0/active/running/ named=0/inactive/dead/ agent=5462/active/ jphase=absent killpid=
03:10:31.333742366 pdns=5370/0/active/running/ named=0/inactive/dead/ agent=5462/active/ jphase=absent killpid=
03:10:31.618581445 pdns=5370/0/active/running/ named=0/inactive/dead/ agent=5462/active/ jphase=absent killpid=
03:10:31.900616033 pdns=5370/0/active/running/ named=0/inactive/dead/ agent=5462/active/ jphase=absent killpid=
03:10:32.186528146 pdns=5370/0/active/running/ named=0/inactive/dead/ agent=5462/active/ jphase=absent killpid=
03:10:32.467881127 pdns=5370/0/active/running/ named=0/inactive/dead/ agent=5462/active/ jphase=absent killpid=
03:10:32.746456018 pdns=5370/0/active/running/ named=0/inactive/dead/ agent=5462/active/ jphase=absent killpid=
03:10:33.026990271 pdns=5370/0/active/running/ named=0/inactive/dead/ agent=5462/active/ jphase=absent killpid=
03:10:33.310307139 pdns=5370/0/active/running/ named=0/inactive/dead/ agent=5462/active/ jphase=absent killpid=
03:10:33.595735618 pdns=5370/0/active/running/ named=0/inactive/dead/ agent=5462/active/ jphase=absent killpid=
03:10:33.881649338 pdns=5370/0/active/running/ named=0/inactive/dead/ agent=5462/active/ jphase=absent killpid=
03:10:34.167116111 pdns=5370/0/active/running/ named=0/inactive/dead/ agent=5462/active/ jphase=absent killpid=
03:10:34.446156354 pdns=5370/0/active/running/ named=0/inactive/dead/ agent=5462/active/ jphase=absent killpid=
03:10:34.726958480 pdns=5370/0/active/running/ named=0/inactive/dead/ agent=5462/active/ jphase=absent killpid=
03:10:35.006950013 pdns=5370/0/active/running/ named=0/inactive/dead/ agent=5462/active/ jphase=absent killpid=
03:10:35.284609843 pdns=5370/0/active/running/ named=0/inactive/dead/ agent=5462/active/ jphase=absent killpid=
03:10:35.571092815 pdns=5370/0/active/running/ named=0/inactive/dead/ agent=5462/active/ jphase=absent killpid=
03:10:35.853593105 pdns=5370/0/active/running/ named=0/inactive/dead/ agent=5462/active/ jphase=absent killpid=
03:10:36.133632415 pdns=5370/0/active/running/ named=0/inactive/dead/ agent=5462/active/ jphase=absent killpid=
03:10:36.417005319 pdns=5370/0/active/running/ named=0/inactive/dead/ agent=5462/active/ jphase=absent killpid=
03:10:36.699482608 pdns=5370/0/active/running/ named=0/inactive/dead/ agent=5462/active/ jphase=absent killpid=
03:10:36.979814594 pdns=5370/0/active/running/ named=0/inactive/dead/ agent=5462/active/ jphase=absent killpid=
03:10:37.260097391 pdns=5370/0/active/running/ named=0/inactive/dead/ agent=5462/active/ jphase=absent killpid=
03:10:37.541243768 pdns=5370/0/active/running/ named=0/inactive/dead/ agent=5462/active/ jphase=absent killpid=
03:10:37.821148816 pdns=5370/0/active/running/ named=0/inactive/dead/ agent=5462/active/ jphase=absent killpid=
03:10:38.099026314 pdns=5370/0/active/running/ named=0/inactive/dead/ agent=5462/active/ jphase=absent killpid=
03:10:38.379765951 pdns=5370/0/active/running/ named=0/inactive/dead/ agent=5462/active/ jphase=absent killpid=
03:10:38.659932989 pdns=5370/0/active/running/ named=0/inactive/dead/ agent=5462/active/ jphase=absent killpid=
03:10:38.942602586 pdns=5370/0/active/running/ named=0/inactive/dead/ agent=5462/active/ jphase=absent killpid=
03:10:39.223878892 pdns=5370/0/active/running/ named=0/inactive/dead/ agent=5462/active/ jphase=absent killpid=
03:10:39.503281408 pdns=5370/0/active/running/ named=0/inactive/dead/ agent=5462/active/ jphase=absent killpid=
03:10:39.786478048 pdns=5370/0/active/running/ named=0/inactive/dead/ agent=5462/active/ jphase=absent killpid=
03:10:40.065947028 pdns=5370/0/active/running/ named=0/inactive/dead/ agent=5462/active/ jphase=absent killpid=
03:10:40.345197578 pdns=5370/0/active/running/ named=0/inactive/dead/ agent=5462/active/ jphase=absent killpid=
03:10:40.631046097 pdns=5370/0/active/running/ named=0/inactive/dead/ agent=5462/active/ jphase=absent killpid=
03:10:40.912289337 pdns=5370/0/active/running/ named=0/inactive/dead/ agent=5462/active/ jphase=absent killpid=
03:10:41.194688199 pdns=5370/0/active/running/ named=0/inactive/dead/ agent=5462/active/ jphase=absent killpid=
03:10:41.478446229 pdns=5370/0/active/running/ named=0/inactive/dead/ agent=5462/active/ jphase=absent killpid=
03:10:41.757598667 pdns=5370/0/active/running/ named=0/inactive/dead/ agent=5462/active/ jphase=absent killpid=
03:10:42.038442770 pdns=5370/0/active/running/ named=0/inactive/dead/ agent=5462/active/ jphase=absent killpid=
03:10:42.316192681 pdns=5370/0/active/running/ named=0/inactive/dead/ agent=5462/active/ jphase=absent killpid=
03:10:42.606252988 pdns=5370/0/active/running/ named=0/inactive/dead/ agent=5462/active/ jphase=absent killpid=
03:10:42.889948467 pdns=5370/0/active/running/ named=0/inactive/dead/ agent=5462/active/ jphase=absent killpid=
03:10:43.168399329 pdns=5370/0/active/running/ named=0/inactive/dead/ agent=5462/active/ jphase=absent killpid=
03:10:43.453452612 pdns=5370/0/active/running/ named=0/inactive/dead/ agent=5462/active/ jphase=absent killpid=
03:10:43.732619422 pdns=5370/0/active/running/ named=0/inactive/dead/ agent=5462/active/ jphase=absent killpid=
03:10:44.016070422 pdns=5370/0/active/running/ named=0/inactive/dead/ agent=5462/active/ jphase=absent killpid=
03:10:44.301443522 pdns=5370/0/active/running/ named=0/inactive/dead/ agent=5462/active/ jphase=absent killpid=
03:10:44.585801441 pdns=5370/0/active/running/ named=0/inactive/dead/ agent=5462/active/ jphase=absent killpid=
03:10:44.864403363 pdns=5370/0/active/running/ named=0/inactive/dead/ agent=5462/active/ jphase=absent killpid=
03:10:45.143970686 pdns=5370/0/active/running/ named=0/inactive/dead/ agent=5462/active/ jphase=absent killpid=
03:10:45.422614925 pdns=5370/0/active/running/ named=0/inactive/dead/ agent=5462/active/ jphase=absent killpid=
03:10:45.702994327 pdns=5370/0/active/running/ named=0/inactive/dead/ agent=5462/active/ jphase=absent killpid=
03:10:45.984357100 pdns=5370/0/active/running/ named=0/inactive/dead/ agent=5462/active/ jphase=absent killpid=
03:10:46.263983934 pdns=5370/0/active/running/ named=0/inactive/dead/ agent=5462/active/ jphase=absent killpid=
03:10:46.546000757 pdns=5370/0/active/running/ named=0/inactive/dead/ agent=5462/active/ jphase=absent killpid=
03:10:46.832828351 pdns=5370/0/active/running/ named=0/inactive/dead/ agent=5462/active/ jphase=absent killpid=
03:10:47.113560636 pdns=5370/0/active/running/ named=0/inactive/dead/ agent=5462/active/ jphase=absent killpid=
03:10:47.393839174 pdns=5370/0/active/running/ named=0/inactive/dead/ agent=5462/active/ jphase=absent killpid=
03:10:47.673451668 pdns=5370/0/active/running/ named=0/inactive/dead/ agent=5462/active/ jphase=absent killpid=
03:10:47.952906406 pdns=5370/0/active/running/ named=0/inactive/dead/ agent=5462/active/ jphase=absent killpid=
03:10:48.236200444 pdns=5370/0/active/running/ named=0/inactive/dead/ agent=5462/active/ jphase=absent killpid=
03:10:48.515356415 pdns=5370/0/active/running/ named=0/inactive/dead/ agent=5462/active/ jphase=absent killpid=
03:10:48.794330960 pdns=5370/0/active/running/ named=0/inactive/dead/ agent=5462/active/ jphase=absent killpid=
03:10:49.075541528 pdns=5370/0/active/running/ named=0/inactive/dead/ agent=5462/active/ jphase=absent killpid=
03:10:49.353911912 pdns=5370/0/active/running/ named=0/inactive/dead/ agent=5462/active/ jphase=absent killpid=
03:10:49.634317519 pdns=5370/0/active/running/ named=0/inactive/dead/ agent=5462/active/ jphase=absent killpid=
03:10:49.912825897 pdns=5370/0/active/running/ named=0/inactive/dead/ agent=5462/active/ jphase=absent killpid=
03:10:50.193427824 pdns=5370/0/active/running/ named=0/inactive/dead/ agent=5462/active/ jphase=absent killpid=
03:10:50.474641359 pdns=5370/0/active/running/ named=0/inactive/dead/ agent=5462/active/ jphase=absent killpid=
03:10:50.754191314 pdns=5370/0/active/running/ named=0/inactive/dead/ agent=5462/active/ jphase=absent killpid=
03:10:51.036128527 pdns=5370/0/active/running/ named=0/inactive/dead/ agent=5462/active/ jphase=absent killpid=
03:10:51.317431792 pdns=5370/0/active/running/ named=0/inactive/dead/ agent=5462/active/ jphase=absent killpid=
03:10:51.601989763 pdns=5370/0/active/running/ named=0/inactive/dead/ agent=5462/active/ jphase=absent killpid=
03:10:51.889115172 pdns=5370/0/active/running/ named=0/inactive/dead/ agent=5462/active/ jphase=absent killpid=
03:10:52.167883558 pdns=5370/0/active/running/ named=0/inactive/dead/ agent=5462/active/ jphase=absent killpid=
03:10:52.449384126 pdns=5370/0/active/running/ named=0/inactive/dead/ agent=5462/active/ jphase=absent killpid=
03:10:52.737221093 pdns=5370/0/active/running/ named=0/inactive/dead/ agent=5462/active/ jphase=absent killpid=
03:10:53.017310105 pdns=5370/0/active/running/ named=0/inactive/dead/ agent=5462/active/ jphase=absent killpid=
03:10:53.298731822 pdns=5370/0/active/running/ named=0/inactive/dead/ agent=5462/active/ jphase=absent killpid=
03:10:53.578286395 pdns=5370/0/active/running/ named=0/inactive/dead/ agent=5462/active/ jphase=absent killpid=
03:10:53.857835464 pdns=5370/0/active/running/ named=0/inactive/dead/ agent=5462/active/ jphase=absent killpid=
03:10:54.139427568 pdns=5370/0/active/running/ named=0/inactive/dead/ agent=5462/active/ jphase=absent killpid=
03:10:54.421257047 pdns=5370/0/active/running/ named=0/inactive/dead/ agent=5462/active/ jphase=absent killpid=
03:10:54.707618152 pdns=5370/0/active/running/ named=0/inactive/dead/ agent=5462/active/ jphase=absent killpid=
03:10:54.993822124 pdns=5370/0/active/running/ named=0/inactive/dead/ agent=5462/active/ jphase=absent killpid=
03:10:55.272281356 pdns=5370/0/active/running/ named=0/inactive/dead/ agent=5462/active/ jphase=absent killpid=
03:10:55.551958859 pdns=5370/0/active/running/ named=0/inactive/dead/ agent=5462/active/ jphase=absent killpid=
03:10:55.838393249 pdns=5370/0/active/running/ named=0/inactive/dead/ agent=5462/active/ jphase=absent killpid=
03:10:56.118626906 pdns=5370/0/active/running/ named=0/inactive/dead/ agent=5462/active/ jphase=absent killpid=
03:10:56.401221162 pdns=5370/0/active/running/ named=0/inactive/dead/ agent=5462/active/ jphase=absent killpid=
03:10:56.682751130 pdns=5370/0/active/running/ named=0/inactive/dead/ agent=5462/active/ jphase=absent killpid=
03:10:56.965531694 pdns=5370/0/active/running/ named=0/inactive/dead/ agent=5462/active/ jphase=absent killpid=
03:10:57.246327932 pdns=5370/0/active/running/ named=0/inactive/dead/ agent=5462/active/ jphase=absent killpid=
03:10:57.525887329 pdns=5370/0/active/running/ named=0/inactive/dead/ agent=5462/active/ jphase=absent killpid=
03:10:57.807771894 pdns=5370/0/active/running/ named=0/inactive/dead/ agent=5462/active/ jphase=absent killpid=
03:10:58.087364029 pdns=5370/0/active/running/ named=0/inactive/dead/ agent=5462/active/ jphase=absent killpid=
03:10:58.366976024 pdns=5370/0/active/running/ named=0/inactive/dead/ agent=5462/active/ jphase=absent killpid=
03:10:58.650686913 pdns=5370/0/active/running/ named=0/inactive/dead/ agent=5462/active/ jphase=absent killpid=
03:10:58.930162162 pdns=5370/0/active/running/ named=0/inactive/dead/ agent=5462/active/ jphase=absent killpid=
03:10:59.216820717 pdns=5370/0/active/running/ named=0/inactive/dead/ agent=5462/active/ jphase=absent killpid=
03:10:59.500111027 pdns=5370/0/active/running/ named=0/inactive/dead/ agent=5462/active/ jphase=absent killpid=
03:10:59.778254523 pdns=5370/0/active/running/ named=0/inactive/dead/ agent=5462/active/ jphase=absent killpid=
03:11:00.060806928 pdns=5370/0/active/running/ named=0/inactive/dead/ agent=5462/active/ jphase=absent killpid=
03:11:00.341918396 pdns=5370/0/active/running/ named=0/inactive/dead/ agent=5462/active/ jphase=absent killpid=
03:11:00.618923646 pdns=5370/0/active/running/ named=0/inactive/dead/ agent=5462/active/ jphase=absent killpid=
03:11:00.899356277 pdns=5370/0/active/running/ named=0/inactive/dead/ agent=5462/active/ jphase=absent killpid=
03:11:01.189177605 pdns=5370/0/active/running/ named=0/inactive/dead/ agent=5462/active/ jphase=absent killpid=
03:11:01.469897631 pdns=5370/0/active/running/ named=0/inactive/dead/ agent=5462/active/ jphase=absent killpid=
03:11:01.754849318 pdns=5370/0/active/running/ named=0/inactive/dead/ agent=5462/active/ jphase=absent killpid=
03:11:02.057019185 pdns=5370/0/active/running/ named=0/inactive/dead/ agent=5462/active/ jphase=absent killpid=
03:11:02.349970527 pdns=5370/0/active/running/ named=0/inactive/dead/ agent=5462/active/ jphase=absent killpid=
03:11:02.636206497 pdns=5370/0/active/running/ named=0/inactive/dead/ agent=5462/active/ jphase=absent killpid=
03:11:02.917780290 pdns=5370/0/active/running/ named=0/inactive/dead/ agent=5462/active/ jphase=absent killpid=
03:11:03.197287097 pdns=5370/0/active/running/ named=0/inactive/dead/ agent=5462/active/ jphase=absent killpid=
03:11:03.477702241 pdns=5370/0/active/running/ named=0/inactive/dead/ agent=5462/active/ jphase=absent killpid=
03:11:03.756829840 pdns=5370/0/active/running/ named=0/inactive/dead/ agent=5462/active/ jphase=absent killpid=
03:11:04.037352025 pdns=5370/0/active/running/ named=0/inactive/dead/ agent=5462/active/ jphase=absent killpid=
03:11:04.319410967 pdns=5370/0/active/running/ named=0/inactive/dead/ agent=5462/active/ jphase=absent killpid=
03:11:04.600180701 pdns=5370/0/active/running/ named=0/inactive/dead/ agent=5462/active/ jphase=absent killpid=
03:11:04.885123974 pdns=5370/0/active/running/ named=0/inactive/dead/ agent=5462/active/ jphase=absent killpid=
03:11:05.172145711 pdns=5370/0/active/running/ named=0/inactive/dead/ agent=5462/active/ jphase=absent killpid=
03:11:05.458766580 pdns=5370/0/active/running/ named=0/inactive/dead/ agent=5462/active/ jphase=absent killpid=
03:11:05.742383446 pdns=5370/0/active/running/ named=0/inactive/dead/ agent=5462/active/ jphase=absent killpid=
03:11:06.022765779 pdns=5370/0/active/running/ named=0/inactive/dead/ agent=5462/active/ jphase=absent killpid=
03:11:06.304408036 pdns=5370/0/active/running/ named=0/inactive/dead/ agent=5462/active/ jphase=absent killpid=
03:11:06.584152508 pdns=5370/0/active/running/ named=0/inactive/dead/ agent=5462/active/ jphase=absent killpid=
03:11:06.868632424 pdns=5370/0/active/running/ named=0/inactive/dead/ agent=5462/active/ jphase=absent killpid=
03:11:07.151497621 pdns=5370/0/active/running/ named=0/inactive/dead/ agent=5462/active/ jphase=absent killpid=
03:11:07.430908453 pdns=5370/0/active/running/ named=0/inactive/dead/ agent=5462/active/ jphase=absent killpid=
03:11:07.712638041 pdns=5370/0/active/running/ named=0/inactive/dead/ agent=5462/active/ jphase=absent killpid=
03:11:07.991648195 pdns=5370/0/active/running/ named=0/inactive/dead/ agent=5462/active/ jphase=absent killpid=
03:11:08.271445554 pdns=5370/0/active/running/ named=0/inactive/dead/ agent=5462/active/ jphase=absent killpid=
03:11:08.554349792 pdns=5370/0/active/running/ named=0/inactive/dead/ agent=5462/active/ jphase=absent killpid=
03:11:08.839393047 pdns=5370/0/active/running/ named=0/inactive/dead/ agent=5462/active/ jphase=absent killpid=
03:11:09.120393802 pdns=5370/0/active/running/ named=0/inactive/dead/ agent=5462/active/ jphase=absent killpid=
03:11:09.403876878 pdns=5370/0/active/running/ named=0/inactive/dead/ agent=5462/active/ jphase=absent killpid=
03:11:09.685163329 pdns=5370/0/active/running/ named=0/inactive/dead/ agent=5462/active/ jphase=absent killpid=
03:11:09.963183874 pdns=5370/0/active/running/ named=0/inactive/dead/ agent=5462/active/ jphase=absent killpid=
03:11:10.241948100 pdns=5370/0/active/running/ named=0/inactive/dead/ agent=5462/active/ jphase=absent killpid=
03:11:10.532320092 pdns=5370/0/active/running/ named=0/inactive/dead/ agent=5462/active/ jphase=absent killpid=
03:11:10.814129742 pdns=5370/0/active/running/ named=0/inactive/dead/ agent=5462/active/ jphase=absent killpid=
03:11:11.095726119 pdns=5370/0/active/running/ named=0/inactive/dead/ agent=5462/active/ jphase=absent killpid=
03:11:11.374920912 pdns=5370/0/active/running/ named=0/inactive/dead/ agent=5462/active/ jphase=absent killpid=
03:11:11.657002817 pdns=5370/0/active/running/ named=0/inactive/dead/ agent=5462/active/ jphase=absent killpid=
03:11:11.945636865 pdns=5370/0/active/running/ named=0/inactive/dead/ agent=5462/active/ jphase=absent killpid=
03:11:12.243788563 pdns=5370/0/active/running/ named=0/inactive/dead/ agent=5462/active/ jphase=absent killpid=
03:11:12.528828564 pdns=5370/0/active/running/ named=0/inactive/dead/ agent=5462/active/ jphase=absent killpid=
03:11:12.807627350 pdns=5370/0/active/running/ named=0/inactive/dead/ agent=5462/active/ jphase=absent killpid=
03:11:13.089835590 pdns=5370/0/active/running/ named=0/inactive/dead/ agent=5462/active/ jphase=absent killpid=
03:11:13.371196117 pdns=5370/0/active/running/ named=0/inactive/dead/ agent=5462/active/ jphase=absent killpid=
03:11:13.653549124 pdns=5370/0/active/running/ named=0/inactive/dead/ agent=5462/active/ jphase=absent killpid=
03:11:13.932613630 pdns=5370/0/active/running/ named=0/inactive/dead/ agent=5462/active/ jphase=absent killpid=
03:11:14.218341401 pdns=5370/0/active/running/ named=0/inactive/dead/ agent=5462/active/ jphase=absent killpid=
03:11:14.504103109 pdns=5370/0/active/running/ named=0/inactive/dead/ agent=5462/active/ jphase=absent killpid=
03:11:14.784223497 pdns=5370/0/active/running/ named=0/inactive/dead/ agent=5462/active/ jphase=absent killpid=
03:11:15.064814177 pdns=5370/0/active/running/ named=0/inactive/dead/ agent=5462/active/ jphase=absent killpid=
03:11:15.342027168 pdns=5370/0/active/running/ named=0/inactive/dead/ agent=5462/active/ jphase=absent killpid=
03:11:15.624196728 pdns=5370/0/active/running/ named=0/inactive/dead/ agent=5462/active/ jphase=absent killpid=
03:11:15.918977837 pdns=5370/0/active/running/ named=0/inactive/dead/ agent=5462/active/ jphase=absent killpid=
03:11:16.200867645 pdns=5370/0/active/running/ named=0/inactive/dead/ agent=5462/active/ jphase=absent killpid=
03:11:16.485360286 pdns=5370/0/active/running/ named=0/inactive/dead/ agent=5462/active/ jphase=absent killpid=
03:11:16.773794058 pdns=5370/0/active/running/ named=0/inactive/dead/ agent=5462/active/ jphase=absent killpid=
03:11:17.052799782 pdns=5370/0/active/running/ named=0/inactive/dead/ agent=5462/active/ jphase=absent killpid=
03:11:17.330379090 pdns=5370/0/active/running/ named=0/inactive/dead/ agent=5462/active/ jphase=absent killpid=
03:11:17.612354022 pdns=5370/0/active/running/ named=0/inactive/dead/ agent=5462/active/ jphase=absent killpid=
03:11:17.891901492 pdns=5370/0/active/running/ named=0/inactive/dead/ agent=5462/active/ jphase=absent killpid=
03:11:18.171816227 pdns=5370/0/active/running/ named=0/inactive/dead/ agent=5462/active/ jphase=absent killpid=
03:11:18.452679538 pdns=5370/0/active/running/ named=0/inactive/dead/ agent=5462/active/ jphase=absent killpid=
03:11:18.736492399 pdns=5370/0/active/running/ named=0/inactive/dead/ agent=5462/active/ jphase=absent killpid=
03:11:19.042951318 pdns=5370/0/active/running/ named=0/inactive/dead/ agent=5462/active/ jphase=absent killpid=
03:11:19.324966450 pdns=5370/0/active/running/ named=0/inactive/dead/ agent=5462/active/ jphase=absent killpid=
03:11:19.607762594 pdns=5370/0/active/running/ named=0/inactive/dead/ agent=5462/active/ jphase=absent killpid=
03:11:19.886440474 pdns=5370/0/active/running/ named=0/inactive/dead/ agent=5462/active/ jphase=absent killpid=
03:11:20.171529261 pdns=5370/0/active/running/ named=0/inactive/dead/ agent=5462/active/ jphase=absent killpid=
03:11:20.488702814 pdns=5370/0/active/running/ named=0/inactive/dead/ agent=5462/active/ jphase=absent killpid=
03:11:20.766818892 pdns=5370/0/active/running/ named=0/inactive/dead/ agent=5462/active/ jphase=absent killpid=
03:11:21.045674646 pdns=5370/0/active/running/ named=0/inactive/dead/ agent=5462/active/ jphase=absent killpid=
03:11:21.325835526 pdns=5370/0/active/running/ named=0/inactive/dead/ agent=5462/active/ jphase=absent killpid=
03:11:21.614390387 pdns=5370/0/active/running/ named=0/inactive/dead/ agent=5462/active/ jphase=absent killpid=
03:11:21.897516780 pdns=5370/0/active/running/ named=0/inactive/dead/ agent=5462/active/ jphase=absent killpid=
03:11:22.175067178 pdns=5370/0/active/running/ named=0/inactive/dead/ agent=5462/active/ jphase=absent killpid=
03:11:22.455746737 pdns=5370/0/active/running/ named=0/inactive/dead/ agent=5462/active/ jphase=absent killpid=
03:11:22.741405385 pdns=5370/0/active/running/ named=0/inactive/dead/ agent=5462/active/ jphase=absent killpid=
03:11:23.020626880 pdns=5370/0/active/running/ named=0/inactive/dead/ agent=5462/active/ jphase=absent killpid=
03:11:23.301562529 pdns=5370/0/active/running/ named=0/inactive/dead/ agent=5462/active/ jphase=absent killpid=
03:11:23.580175210 pdns=5370/0/active/running/ named=0/inactive/dead/ agent=5462/active/ jphase=absent killpid=
03:11:23.868565351 pdns=5370/0/active/running/ named=0/inactive/dead/ agent=5462/active/ jphase=absent killpid=
03:11:24.158554243 pdns=5370/0/active/running/ named=0/inactive/dead/ agent=5462/active/ jphase=absent killpid=
03:11:24.442254174 pdns=5370/0/active/running/ named=0/inactive/dead/ agent=5462/active/ jphase=absent killpid=
03:11:24.722749564 pdns=5370/0/active/running/ named=0/inactive/dead/ agent=5462/active/ jphase=absent killpid=
03:11:25.003298311 pdns=5370/0/active/running/ named=0/inactive/dead/ agent=5462/active/ jphase=absent killpid=
03:11:25.289799191 pdns=5370/0/active/running/ named=0/inactive/dead/ agent=5462/active/ jphase=absent killpid=
03:11:25.569494930 pdns=5370/0/active/running/ named=0/inactive/dead/ agent=5462/active/ jphase=absent killpid=
03:11:25.849186047 pdns=5370/0/active/running/ named=0/inactive/dead/ agent=5462/active/ jphase=absent killpid=
03:11:26.129377467 pdns=5370/0/active/running/ named=0/inactive/dead/ agent=5462/active/ jphase=absent killpid=
03:11:26.409687105 pdns=5370/0/active/running/ named=0/inactive/dead/ agent=5462/active/ jphase=absent killpid=
03:11:26.706505522 pdns=5370/0/active/running/ named=0/inactive/dead/ agent=5462/active/ jphase=absent killpid=
03:11:26.985971065 pdns=5370/0/active/running/ named=0/inactive/dead/ agent=5462/active/ jphase=absent killpid=
03:11:27.264156359 pdns=5370/0/active/running/ named=0/inactive/dead/ agent=5462/active/ jphase=absent killpid=
03:11:27.543377967 pdns=5370/0/active/running/ named=0/inactive/dead/ agent=5462/active/ jphase=absent killpid=
03:11:27.826356177 pdns=5370/0/active/running/ named=0/inactive/dead/ agent=5462/active/ jphase=absent killpid=
03:11:28.106839388 pdns=5370/0/active/running/ named=0/inactive/dead/ agent=5462/active/ jphase=absent killpid=
03:11:28.386352681 pdns=5370/0/active/running/ named=0/inactive/dead/ agent=5462/active/ jphase=absent killpid=
03:11:28.666150630 pdns=5370/0/active/running/ named=0/inactive/dead/ agent=5462/active/ jphase=absent killpid=
03:11:28.950425695 pdns=5370/0/active/running/ named=0/inactive/dead/ agent=5462/active/ jphase=absent killpid=
03:11:29.254518023 pdns=5370/0/active/running/ named=0/inactive/dead/ agent=5462/active/ jphase=absent killpid=
03:11:29.532637737 pdns=5370/0/active/running/ named=0/inactive/dead/ agent=5462/active/ jphase=absent killpid=
03:11:29.810213183 pdns=5370/0/active/running/ named=0/inactive/dead/ agent=5462/active/ jphase=absent killpid=
03:11:30.090817884 pdns=5370/0/active/running/ named=0/inactive/dead/ agent=5462/active/ jphase=absent killpid=
03:11:30.381833436 pdns=5370/0/active/running/ named=0/inactive/dead/ agent=5462/active/ jphase=absent killpid=
03:11:30.660958742 pdns=5370/0/active/running/ named=0/inactive/dead/ agent=5462/active/ jphase=absent killpid=
03:11:30.940083128 pdns=5370/0/active/running/ named=0/inactive/dead/ agent=5462/active/ jphase=absent killpid=
03:11:31.219683578 pdns=5370/0/active/running/ named=0/inactive/dead/ agent=5462/active/ jphase=absent killpid=
03:11:31.516095225 pdns=5370/0/active/running/ named=0/inactive/dead/ agent=5462/active/ jphase=absent killpid=
03:11:31.799164329 pdns=5370/0/active/running/ named=0/inactive/dead/ agent=5462/active/ jphase=absent killpid=
03:11:32.079840336 pdns=5370/0/active/running/ named=0/inactive/dead/ agent=5462/active/ jphase=absent killpid=
03:11:32.366390889 pdns=5370/0/active/running/ named=0/inactive/dead/ agent=5462/active/ jphase=absent killpid=
03:11:32.648725555 pdns=5370/0/active/running/ named=0/inactive/dead/ agent=5462/active/ jphase=absent killpid=
03:11:32.930654366 pdns=5370/0/active/running/ named=0/inactive/dead/ agent=5462/active/ jphase=absent killpid=
03:11:33.210399217 pdns=5370/0/active/running/ named=0/inactive/dead/ agent=5462/active/ jphase=absent killpid=
03:11:33.489230603 pdns=5370/0/active/running/ named=0/inactive/dead/ agent=5462/active/ jphase=absent killpid=
03:11:33.766126967 pdns=5370/0/active/running/ named=0/inactive/dead/ agent=5462/active/ jphase=absent killpid=
03:11:34.060831481 pdns=5370/0/active/running/ named=0/inactive/dead/ agent=5462/active/ jphase=absent killpid=
03:11:34.345596649 pdns=5370/0/active/running/ named=0/inactive/dead/ agent=5462/active/ jphase=absent killpid=
03:11:34.624542747 pdns=5370/0/active/running/ named=0/inactive/dead/ agent=5462/active/ jphase=absent killpid=
03:11:34.905351710 pdns=5370/0/active/running/ named=0/inactive/dead/ agent=5462/active/ jphase=absent killpid=
03:11:35.185686162 pdns=5370/0/active/running/ named=0/inactive/dead/ agent=5462/active/ jphase=absent killpid=
03:11:35.468582078 pdns=5370/0/active/running/ named=0/inactive/dead/ agent=5462/active/ jphase=absent killpid=
03:11:35.751086035 pdns=5370/0/active/running/ named=0/inactive/dead/ agent=5462/active/ jphase=absent killpid=
03:11:36.032070598 pdns=5370/0/active/running/ named=0/inactive/dead/ agent=5462/active/ jphase=absent killpid=
03:11:36.319892011 pdns=5370/0/active/running/ named=0/inactive/dead/ agent=5462/active/ jphase=absent killpid=
03:11:36.603077079 pdns=5370/0/active/running/ named=0/inactive/dead/ agent=5462/active/ jphase=absent killpid=
03:11:36.889132912 pdns=5370/0/active/running/ named=0/inactive/dead/ agent=5462/active/ jphase=absent killpid=
03:11:37.170593824 pdns=5370/0/active/running/ named=0/inactive/dead/ agent=5462/active/ jphase=absent killpid=
03:11:37.451946492 pdns=5370/0/active/running/ named=0/inactive/dead/ agent=5462/active/ jphase=absent killpid=
03:11:37.734479491 pdns=5370/0/active/running/ named=0/inactive/dead/ agent=5462/active/ jphase=absent killpid=
03:11:38.024904607 pdns=5370/0/active/running/ named=0/inactive/dead/ agent=5462/active/ jphase=absent killpid=
03:11:38.305384116 pdns=5370/0/active/running/ named=0/inactive/dead/ agent=5462/active/ jphase=absent killpid=
03:11:38.585395085 pdns=5370/0/active/running/ named=0/inactive/dead/ agent=5462/active/ jphase=absent killpid=
03:11:38.873548481 pdns=5370/0/active/running/ named=0/inactive/dead/ agent=5462/active/ jphase=absent killpid=
03:11:39.159549298 pdns=5370/0/active/running/ named=0/inactive/dead/ agent=5462/active/ jphase=absent killpid=
03:11:39.442230816 pdns=5370/0/active/running/ named=0/inactive/dead/ agent=5462/active/ jphase=absent killpid=
03:11:39.724339070 pdns=5370/0/active/running/ named=0/inactive/dead/ agent=5462/active/ jphase=absent killpid=
03:11:40.003846607 pdns=5370/0/active/running/ named=0/inactive/dead/ agent=5462/active/ jphase=absent killpid=
03:11:40.289467288 pdns=5370/0/active/running/ named=0/inactive/dead/ agent=5462/active/ jphase=absent killpid=
03:11:40.569420973 pdns=5370/0/active/running/ named=0/inactive/dead/ agent=5462/active/ jphase=absent killpid=
03:11:40.856702720 pdns=5370/0/active/running/ named=0/inactive/dead/ agent=5462/active/ jphase=absent killpid=
03:11:41.135043981 pdns=5370/0/active/running/ named=0/inactive/dead/ agent=5462/active/ jphase=absent killpid=
03:11:41.415563222 pdns=5370/0/active/running/ named=0/inactive/dead/ agent=5462/active/ jphase=absent killpid=
03:11:41.697965193 pdns=5370/0/active/running/ named=0/inactive/dead/ agent=5462/active/ jphase=absent killpid=
03:11:41.980082514 pdns=5370/0/active/running/ named=0/inactive/dead/ agent=5462/active/ jphase=absent killpid=
03:11:42.259068857 pdns=5370/0/active/running/ named=0/inactive/dead/ agent=5462/active/ jphase=absent killpid=
03:11:42.541215844 pdns=5370/0/active/running/ named=0/inactive/dead/ agent=5462/active/ jphase=absent killpid=
03:11:42.821586715 pdns=5370/0/active/running/ named=0/inactive/dead/ agent=5462/active/ jphase=absent killpid=
03:11:43.104297109 pdns=5370/0/active/running/ named=0/inactive/dead/ agent=5462/active/ jphase=absent killpid=
03:11:43.384601717 pdns=5370/0/active/running/ named=0/inactive/dead/ agent=5462/active/ jphase=absent killpid=
03:11:43.663750302 pdns=5370/0/active/running/ named=0/inactive/dead/ agent=5462/active/ jphase=absent killpid=
03:11:43.945142228 pdns=5370/0/active/running/ named=0/inactive/dead/ agent=5462/active/ jphase=absent killpid=
03:11:44.268465662 pdns=5370/0/active/running/ named=0/inactive/dead/ agent=5462/active/ jphase=absent killpid=
03:11:44.547022541 pdns=5370/0/active/running/ named=0/inactive/dead/ agent=5462/active/ jphase=absent killpid=
03:11:44.829245277 pdns=5370/0/active/running/ named=0/inactive/dead/ agent=5462/active/ jphase=absent killpid=
03:11:45.112062691 pdns=5370/0/active/running/ named=0/inactive/dead/ agent=5462/active/ jphase=absent killpid=
03:11:45.397196087 pdns=5370/0/active/running/ named=0/inactive/dead/ agent=5462/active/ jphase=absent killpid=
03:11:45.677172547 pdns=5370/0/active/running/ named=0/inactive/dead/ agent=5462/active/ jphase=absent killpid=
03:11:45.964450820 pdns=5370/0/active/running/ named=0/inactive/dead/ agent=5462/active/ jphase=absent killpid=
03:11:46.243477974 pdns=5370/0/active/running/ named=0/inactive/dead/ agent=5462/active/ jphase=absent killpid=
03:11:46.527122606 pdns=5370/0/active/running/ named=0/inactive/dead/ agent=5462/active/ jphase=absent killpid=
03:11:46.808681416 pdns=5370/0/active/running/ named=0/inactive/dead/ agent=5462/active/ jphase=absent killpid=
03:11:47.089620991 pdns=5370/0/active/running/ named=0/inactive/dead/ agent=5462/active/ jphase=absent killpid=
03:11:47.372576606 pdns=5370/0/active/running/ named=0/inactive/dead/ agent=5462/active/ jphase=absent killpid=
03:11:47.661574395 pdns=5370/0/active/running/ named=0/inactive/dead/ agent=5462/active/ jphase=absent killpid=
03:11:47.948538836 pdns=5370/0/active/running/ named=0/inactive/dead/ agent=5462/active/ jphase=absent killpid=
03:11:48.234729640 pdns=5370/0/active/running/ named=0/inactive/dead/ agent=5462/active/ jphase=absent killpid=
03:11:48.522793062 pdns=5370/0/active/running/ named=0/inactive/dead/ agent=5462/active/ jphase=absent killpid=
03:11:48.805656683 pdns=5370/0/active/running/ named=0/inactive/dead/ agent=5462/active/ jphase=absent killpid=
03:11:49.090455777 pdns=5370/0/active/running/ named=0/inactive/dead/ agent=5462/active/ jphase=absent killpid=
03:11:49.369647892 pdns=5370/0/active/running/ named=0/inactive/dead/ agent=5462/active/ jphase=absent killpid=
03:11:49.649838324 pdns=5370/0/active/running/ named=0/inactive/dead/ agent=5462/active/ jphase=absent killpid=
03:11:49.929271267 pdns=5370/0/active/running/ named=0/inactive/dead/ agent=5462/active/ jphase=absent killpid=
03:11:50.209650700 pdns=5370/0/active/running/ named=0/inactive/dead/ agent=5462/active/ jphase=absent killpid=
03:11:50.516829772 pdns=5370/0/active/running/ named=0/inactive/dead/ agent=5462/active/ jphase=absent killpid=
03:11:50.797514308 pdns=5370/0/active/running/ named=0/inactive/dead/ agent=5462/active/ jphase=absent killpid=
03:11:51.078358617 pdns=5370/0/active/running/ named=0/inactive/dead/ agent=5462/active/ jphase=absent killpid=
03:11:51.359827819 pdns=5370/0/active/running/ named=0/inactive/dead/ agent=5462/active/ jphase=absent killpid=
03:11:51.650512552 pdns=5370/0/active/running/ named=0/inactive/dead/ agent=5462/active/ jphase=absent killpid=
03:11:51.931740960 pdns=5370/0/active/running/ named=0/inactive/dead/ agent=5462/active/ jphase=absent killpid=
03:11:52.210336966 pdns=5370/0/active/running/ named=0/inactive/dead/ agent=5462/active/ jphase=absent killpid=
03:11:52.488717208 pdns=5370/0/active/running/ named=0/inactive/dead/ agent=5462/active/ jphase=absent killpid=
03:11:52.768119924 pdns=5370/0/active/running/ named=0/inactive/dead/ agent=5462/active/ jphase=absent killpid=
03:11:53.051802282 pdns=5370/0/active/running/ named=0/inactive/dead/ agent=5462/active/ jphase=absent killpid=
03:11:53.330416726 pdns=5370/0/active/running/ named=0/inactive/dead/ agent=5462/active/ jphase=absent killpid=
03:11:53.609868982 pdns=5370/0/active/running/ named=0/inactive/dead/ agent=5462/active/ jphase=absent killpid=
03:11:53.892754633 pdns=5370/0/active/running/ named=0/inactive/dead/ agent=5462/active/ jphase=absent killpid=
03:11:54.177784832 pdns=5370/0/active/running/ named=0/inactive/dead/ agent=5462/active/ jphase=absent killpid=
03:11:54.457601576 pdns=5370/0/active/running/ named=0/inactive/dead/ agent=5462/active/ jphase=absent killpid=
03:11:54.736564904 pdns=5370/0/active/running/ named=0/inactive/dead/ agent=5462/active/ jphase=absent killpid=
03:11:55.017973841 pdns=5370/0/active/running/ named=0/inactive/dead/ agent=5462/active/ jphase=absent killpid=
03:11:55.305354622 pdns=5370/0/active/running/ named=0/inactive/dead/ agent=5462/active/ jphase=absent killpid=
03:11:55.586102668 pdns=5370/0/active/running/ named=0/inactive/dead/ agent=5462/active/ jphase=absent killpid=
03:11:55.866261240 pdns=5370/0/active/running/ named=0/inactive/dead/ agent=5462/active/ jphase=absent killpid=
03:11:56.146226999 pdns=5370/0/active/running/ named=0/inactive/dead/ agent=5462/active/ jphase=absent killpid=
03:11:56.432988643 pdns=5370/0/active/running/ named=0/inactive/dead/ agent=5462/active/ jphase=absent killpid=
03:11:56.717138046 pdns=5370/0/active/running/ named=0/inactive/dead/ agent=5462/active/ jphase=absent killpid=
03:11:56.996555057 pdns=5370/0/active/running/ named=0/inactive/dead/ agent=5462/active/ jphase=absent killpid=
03:11:57.277828048 pdns=5370/0/active/running/ named=0/inactive/dead/ agent=5462/active/ jphase=absent killpid=
03:11:57.556789702 pdns=5370/0/active/running/ named=0/inactive/dead/ agent=5462/active/ jphase=absent killpid=
03:11:57.838038240 pdns=5370/0/active/running/ named=0/inactive/dead/ agent=5462/active/ jphase=absent killpid=
03:11:58.117916952 pdns=5370/0/active/running/ named=0/inactive/dead/ agent=5462/active/ jphase=absent killpid=
03:11:58.400343474 pdns=5370/0/active/running/ named=0/inactive/dead/ agent=5462/active/ jphase=absent killpid=
03:11:58.681721574 pdns=5370/0/active/running/ named=0/inactive/dead/ agent=5462/active/ jphase=absent killpid=
03:11:58.964005552 pdns=5370/0/active/running/ named=0/inactive/dead/ agent=5462/active/ jphase=absent killpid=
03:11:59.286056759 pdns=5370/0/active/running/ named=0/inactive/dead/ agent=5462/active/ jphase=absent killpid=
03:11:59.565592901 pdns=5370/0/active/running/ named=0/inactive/dead/ agent=5462/active/ jphase=absent killpid=
03:11:59.849213918 pdns=5370/0/active/running/ named=0/inactive/dead/ agent=5462/active/ jphase=absent killpid=
03:12:00.147249974 pdns=5370/0/active/running/ named=0/inactive/dead/ agent=5462/active/ jphase=absent killpid=
03:12:00.431415178 pdns=5370/0/active/running/ named=0/inactive/dead/ agent=5462/active/ jphase=absent killpid=
03:12:00.713863352 pdns=5370/0/active/running/ named=0/inactive/dead/ agent=5462/active/ jphase=absent killpid=
03:12:00.994820611 pdns=5370/0/active/running/ named=0/inactive/dead/ agent=5462/active/ jphase=absent killpid=
03:12:01.282216120 pdns=5370/0/active/running/ named=0/inactive/dead/ agent=5462/active/ jphase=absent killpid=
03:12:01.563880162 pdns=5370/0/active/running/ named=0/inactive/dead/ agent=5462/active/ jphase=absent killpid=
03:12:01.846694068 pdns=5370/0/active/running/ named=0/inactive/dead/ agent=5462/active/ jphase=absent killpid=
03:12:02.126384482 pdns=5370/0/active/running/ named=0/inactive/dead/ agent=5462/active/ jphase=absent killpid=
03:12:02.405387595 pdns=5370/0/active/running/ named=0/inactive/dead/ agent=5462/active/ jphase=absent killpid=
03:12:02.696309349 pdns=5370/0/active/running/ named=0/inactive/dead/ agent=5462/active/ jphase=absent killpid=
03:12:02.987110435 pdns=5370/0/active/running/ named=0/inactive/dead/ agent=5462/active/ jphase=absent killpid=
03:12:03.266382418 pdns=5370/0/active/running/ named=0/inactive/dead/ agent=5462/active/ jphase=absent killpid=
03:12:03.550330875 pdns=5370/0/active/running/ named=0/inactive/dead/ agent=5462/active/ jphase=absent killpid=
03:12:03.830342605 pdns=5370/0/active/running/ named=0/inactive/dead/ agent=5462/active/ jphase=absent killpid=
03:12:04.114810010 pdns=5370/0/active/running/ named=0/inactive/dead/ agent=5462/active/ jphase=absent killpid=
03:12:04.394143545 pdns=5370/0/active/running/ named=0/inactive/dead/ agent=5462/active/ jphase=absent killpid=
03:12:04.683688135 pdns=5370/0/active/running/ named=0/inactive/dead/ agent=5462/active/ jphase=absent killpid=
03:12:04.971899461 pdns=5370/0/active/running/ named=0/inactive/dead/ agent=5462/active/ jphase=absent killpid=
03:12:05.266040548 pdns=5370/0/active/running/ named=0/inactive/dead/ agent=5462/active/ jphase=absent killpid=
03:12:05.551791172 pdns=5370/0/active/running/ named=0/inactive/dead/ agent=5462/active/ jphase=absent killpid=
03:12:05.832639070 pdns=5370/0/active/running/ named=0/inactive/dead/ agent=5462/active/ jphase=absent killpid=
03:12:06.112365111 pdns=5370/0/active/running/ named=0/inactive/dead/ agent=5462/active/ jphase=absent killpid=
03:12:06.394836812 pdns=5370/0/active/running/ named=0/inactive/dead/ agent=5462/active/ jphase=absent killpid=
03:12:06.674965774 pdns=5370/0/active/running/ named=0/inactive/dead/ agent=5462/active/ jphase=absent killpid=
03:12:06.955474578 pdns=5370/0/active/running/ named=0/inactive/dead/ agent=5462/active/ jphase=absent killpid=
03:12:07.240888522 pdns=5370/0/active/running/ named=0/inactive/dead/ agent=5462/active/ jphase=absent killpid=
03:12:07.521141634 pdns=5370/0/active/running/ named=0/inactive/dead/ agent=5462/active/ jphase=absent killpid=
03:12:07.802180750 pdns=5370/0/active/running/ named=0/inactive/dead/ agent=5462/active/ jphase=absent killpid=
03:12:08.093609838 pdns=5370/0/active/running/ named=0/inactive/dead/ agent=5462/active/ jphase=absent killpid=
03:12:08.391106792 pdns=5370/0/active/running/ named=0/inactive/dead/ agent=5462/active/ jphase=absent killpid=
03:12:08.669763718 pdns=5370/0/active/running/ named=0/inactive/dead/ agent=5462/active/ jphase=absent killpid=
03:12:08.958283061 pdns=5370/0/active/running/ named=0/inactive/dead/ agent=5462/active/ jphase=absent killpid=
03:12:09.243244599 pdns=5370/0/active/running/ named=0/inactive/dead/ agent=5462/active/ jphase=absent killpid=
03:12:09.523175528 pdns=5370/0/active/running/ named=0/inactive/dead/ agent=5462/active/ jphase=absent killpid=
03:12:09.800549234 pdns=5370/0/active/running/ named=0/inactive/dead/ agent=5462/active/ jphase=absent killpid=
03:12:10.079691087 pdns=5370/0/active/running/ named=0/inactive/dead/ agent=5462/active/ jphase=absent killpid=
03:12:10.366826646 pdns=5370/0/active/running/ named=0/inactive/dead/ agent=5462/active/ jphase=absent killpid=
03:12:10.675644782 pdns=5370/0/active/running/ named=0/inactive/dead/ agent=5462/active/ jphase=absent killpid=
03:12:10.973725108 pdns=5370/0/active/running/ named=0/inactive/dead/ agent=5462/active/ jphase=absent killpid=
03:12:11.252774968 pdns=5370/0/active/running/ named=0/inactive/dead/ agent=5462/active/ jphase=absent killpid=
03:12:11.533808871 pdns=5370/0/active/running/ named=0/inactive/dead/ agent=5462/active/ jphase=absent killpid=
03:12:11.832254701 pdns=5370/0/active/running/ named=0/inactive/dead/ agent=5462/active/ jphase=absent killpid=
03:12:12.112145419 pdns=5370/0/active/running/ named=0/inactive/dead/ agent=5462/active/ jphase=absent killpid=
03:12:12.393595115 pdns=5370/0/active/running/ named=0/inactive/dead/ agent=5462/active/ jphase=absent killpid=
03:12:12.674900469 pdns=5370/0/active/running/ named=0/inactive/dead/ agent=5462/active/ jphase=absent killpid=
03:12:12.970368511 pdns=5370/0/active/running/ named=0/inactive/dead/ agent=5462/active/ jphase=absent killpid=
03:12:13.248957708 pdns=5370/0/active/running/ named=0/inactive/dead/ agent=5462/active/ jphase=absent killpid=
03:12:13.532185544 pdns=5370/0/active/running/ named=0/inactive/dead/ agent=5462/active/ jphase=absent killpid=
03:12:13.810549836 pdns=5370/0/active/running/ named=0/inactive/dead/ agent=5462/active/ jphase=absent killpid=
03:12:14.094814824 pdns=5370/0/active/running/ named=0/inactive/dead/ agent=5462/active/ jphase=absent killpid=
03:12:14.378372507 pdns=5370/0/active/running/ named=0/inactive/dead/ agent=5462/active/ jphase=absent killpid=
03:12:14.660646979 pdns=5370/0/active/running/ named=0/inactive/dead/ agent=5462/active/ jphase=absent killpid=
03:12:14.939375523 pdns=5370/0/active/running/ named=0/inactive/dead/ agent=5462/active/ jphase=absent killpid=
03:12:15.220419375 pdns=5370/0/active/running/ named=0/inactive/dead/ agent=5462/active/ jphase=absent killpid=
03:12:15.502543541 pdns=5370/0/active/running/ named=0/inactive/dead/ agent=5462/active/ jphase=absent killpid=
03:12:15.784592025 pdns=5370/0/active/running/ named=0/inactive/dead/ agent=5462/active/ jphase=absent killpid=
03:12:16.073001064 pdns=5370/0/active/running/ named=0/inactive/dead/ agent=5462/active/ jphase=absent killpid=
03:12:16.354780008 pdns=5370/0/active/running/ named=0/inactive/dead/ agent=5462/active/ jphase=absent killpid=
03:12:16.640822380 pdns=5370/0/active/running/ named=0/inactive/dead/ agent=5462/active/ jphase=absent killpid=
03:12:16.921104588 pdns=5370/0/active/running/ named=0/inactive/dead/ agent=5462/active/ jphase=absent killpid=
03:12:17.200659099 pdns=5370/0/active/running/ named=0/inactive/dead/ agent=5462/active/ jphase=absent killpid=
03:12:17.480163232 pdns=5370/0/active/running/ named=0/inactive/dead/ agent=5462/active/ jphase=absent killpid=
03:12:17.758477351 pdns=5370/0/active/running/ named=0/inactive/dead/ agent=5462/active/ jphase=absent killpid=
03:12:18.046404038 pdns=5370/0/active/running/ named=0/inactive/dead/ agent=5462/active/ jphase=absent killpid=
03:12:18.329157899 pdns=5370/0/active/running/ named=0/inactive/dead/ agent=5462/active/ jphase=absent killpid=
03:12:18.613610451 pdns=5370/0/active/running/ named=0/inactive/dead/ agent=5462/active/ jphase=absent killpid=
03:12:18.897488768 pdns=5370/0/active/running/ named=0/inactive/dead/ agent=5462/active/ jphase=absent killpid=
03:12:19.186124299 pdns=5370/0/active/running/ named=0/inactive/dead/ agent=5462/active/ jphase=absent killpid=
03:12:19.468244423 pdns=5370/0/active/running/ named=0/inactive/dead/ agent=5462/active/ jphase=absent killpid=
03:12:19.751262103 pdns=5370/0/active/running/ named=0/inactive/dead/ agent=5462/active/ jphase=absent killpid=
03:12:20.033855361 pdns=5370/0/active/running/ named=0/inactive/dead/ agent=5462/active/ jphase=absent killpid=
03:12:20.314515859 pdns=5370/0/active/running/ named=0/inactive/dead/ agent=5462/active/ jphase=absent killpid=
03:12:20.602792717 pdns=5370/0/active/running/ named=0/inactive/dead/ agent=5462/active/ jphase=absent killpid=
03:12:20.882564160 pdns=5370/0/active/running/ named=0/inactive/dead/ agent=5462/active/ jphase=absent killpid=
03:12:21.164625037 pdns=5370/0/active/running/ named=0/inactive/dead/ agent=5462/active/ jphase=absent killpid=
03:12:21.448830493 pdns=5370/0/active/running/ named=0/inactive/dead/ agent=5462/active/ jphase=absent killpid=
03:12:21.759481516 pdns=5370/0/active/running/ named=0/inactive/dead/ agent=5462/active/ jphase=absent killpid=
03:12:22.040349749 pdns=5370/0/active/running/ named=0/inactive/dead/ agent=5462/active/ jphase=absent killpid=
03:12:22.321211228 pdns=5370/0/active/running/ named=0/inactive/dead/ agent=5462/active/ jphase=absent killpid=
03:12:22.602065845 pdns=5370/0/active/running/ named=0/inactive/dead/ agent=5462/active/ jphase=absent killpid=
03:12:22.887509878 pdns=5370/0/active/running/ named=0/inactive/dead/ agent=5462/active/ jphase=absent killpid=
03:12:23.193933448 pdns=5370/0/active/running/ named=0/inactive/dead/ agent=5462/active/ jphase=absent killpid=
03:12:23.482718209 pdns=5370/0/active/running/ named=0/inactive/dead/ agent=5462/active/ jphase=absent killpid=
03:12:23.761402230 pdns=5370/0/active/running/ named=0/inactive/dead/ agent=5462/active/ jphase=absent killpid=
03:12:24.042735178 pdns=5370/0/active/running/ named=0/inactive/dead/ agent=5462/active/ jphase=absent killpid=
03:12:24.332150385 pdns=5370/0/active/running/ named=0/inactive/dead/ agent=5462/active/ jphase=absent killpid=
03:12:24.613840877 pdns=5370/0/active/running/ named=0/inactive/dead/ agent=5462/active/ jphase=absent killpid=
03:12:24.896025122 pdns=5370/0/active/running/ named=0/inactive/dead/ agent=5462/active/ jphase=absent killpid=
03:12:25.177548481 pdns=5370/0/active/running/ named=0/inactive/dead/ agent=5462/active/ jphase=absent killpid=
03:12:25.458439160 pdns=5370/0/active/running/ named=0/inactive/dead/ agent=5462/active/ jphase=absent killpid=
03:12:25.738194741 pdns=5370/0/active/running/ named=0/inactive/dead/ agent=5462/active/ jphase=absent killpid=
03:12:26.020382299 pdns=5370/0/active/running/ named=0/inactive/dead/ agent=5462/active/ jphase=absent killpid=
03:12:26.298219310 pdns=5370/0/active/running/ named=0/inactive/dead/ agent=5462/active/ jphase=absent killpid=
03:12:26.581751679 pdns=5370/0/active/running/ named=0/inactive/dead/ agent=5462/active/ jphase=absent killpid=
03:12:26.881845540 pdns=5370/0/active/running/ named=0/inactive/dead/ agent=5462/active/ jphase=absent killpid=
03:12:27.162407706 pdns=5370/0/active/running/ named=0/inactive/dead/ agent=5462/active/ jphase=absent killpid=
03:12:27.440082377 pdns=5370/0/active/running/ named=0/inactive/dead/ agent=5462/active/ jphase=absent killpid=
03:12:27.720376981 pdns=5370/0/active/running/ named=0/inactive/dead/ agent=5462/active/ jphase=absent killpid=
03:12:28.000787956 pdns=5370/0/active/running/ named=0/inactive/dead/ agent=5462/active/ jphase=absent killpid=
03:12:28.282459981 pdns=5370/0/active/running/ named=0/inactive/dead/ agent=5462/active/ jphase=absent killpid=
03:12:28.561737430 pdns=5370/0/active/running/ named=0/inactive/dead/ agent=5462/active/ jphase=absent killpid=
03:12:28.841621768 pdns=5370/0/active/running/ named=0/inactive/dead/ agent=5462/active/ jphase=absent killpid=
03:12:29.132979335 pdns=5370/0/active/running/ named=0/inactive/dead/ agent=5462/active/ jphase=absent killpid=
03:12:29.425136331 pdns=5370/0/active/running/ named=0/inactive/dead/ agent=5462/active/ jphase=absent killpid=
03:12:29.706833895 pdns=5370/0/active/running/ named=0/inactive/dead/ agent=5462/active/ jphase=absent killpid=
03:12:29.988980524 pdns=5370/0/active/running/ named=0/inactive/dead/ agent=5462/active/ jphase=absent killpid=
03:12:30.276998543 pdns=5370/0/active/running/ named=0/inactive/dead/ agent=5462/active/ jphase=absent killpid=
03:12:30.562546292 pdns=5370/0/active/running/ named=0/inactive/dead/ agent=5462/active/ jphase=absent killpid=
03:12:30.842963091 pdns=5370/0/active/running/ named=0/inactive/dead/ agent=5462/active/ jphase=absent killpid=
03:12:31.121796208 pdns=5370/0/active/running/ named=0/inactive/dead/ agent=5462/active/ jphase=absent killpid=
03:12:31.400720587 pdns=5370/0/active/running/ named=0/inactive/dead/ agent=5462/active/ jphase=absent killpid=
03:12:31.698708475 pdns=5370/0/active/running/ named=0/inactive/dead/ agent=5462/active/ jphase=absent killpid=
03:12:31.986516547 pdns=5370/0/active/running/ named=0/inactive/dead/ agent=5462/active/ jphase=absent killpid=
03:12:32.265368343 pdns=5370/0/active/running/ named=0/inactive/dead/ agent=5462/active/ jphase=absent killpid=
03:12:32.543772794 pdns=5370/0/active/running/ named=0/inactive/dead/ agent=5462/active/ jphase=absent killpid=
03:12:32.825765967 pdns=5370/0/active/running/ named=0/inactive/dead/ agent=5462/active/ jphase=absent killpid=
03:12:33.109819715 pdns=5370/0/active/running/ named=0/inactive/dead/ agent=5462/active/ jphase=absent killpid=
03:12:33.390854419 pdns=5370/0/active/running/ named=0/inactive/dead/ agent=5462/active/ jphase=absent killpid=
03:12:33.670427631 pdns=5370/0/active/running/ named=0/inactive/dead/ agent=5462/active/ jphase=absent killpid=
03:12:33.955515364 pdns=5370/0/active/running/ named=0/inactive/dead/ agent=5462/active/ jphase=absent killpid=
03:12:34.248531736 pdns=5370/0/active/running/ named=0/inactive/dead/ agent=5462/active/ jphase=absent killpid=
03:12:34.529992872 pdns=5370/0/active/running/ named=0/inactive/dead/ agent=5462/active/ jphase=absent killpid=
03:12:34.813848535 pdns=5370/0/active/running/ named=0/inactive/dead/ agent=5462/active/ jphase=absent killpid=
03:12:35.115986426 pdns=5370/0/active/running/ named=0/inactive/dead/ agent=5462/active/ jphase=absent killpid=
03:12:35.418241399 pdns=5370/0/active/running/ named=0/inactive/dead/ agent=5462/active/ jphase=absent killpid=
03:12:35.719020020 pdns=5370/0/active/running/ named=0/inactive/dead/ agent=5462/active/ jphase=absent killpid=
03:12:35.998224617 pdns=5370/0/active/running/ named=0/inactive/dead/ agent=5462/active/ jphase=absent killpid=
03:12:36.281524728 pdns=5370/0/active/running/ named=0/inactive/dead/ agent=5462/active/ jphase=absent killpid=
03:12:36.562204118 pdns=5370/0/active/running/ named=0/inactive/dead/ agent=5462/active/ jphase=absent killpid=
03:12:36.849230760 pdns=5370/0/active/running/ named=0/inactive/dead/ agent=5462/active/ jphase=absent killpid=
03:12:37.132623117 pdns=5370/0/active/running/ named=0/inactive/dead/ agent=5462/active/ jphase=absent killpid=
03:12:37.422363465 pdns=5370/0/active/running/ named=0/inactive/dead/ agent=5462/active/ jphase=absent killpid=
03:12:37.712180088 pdns=5370/0/active/running/ named=0/inactive/dead/ agent=5462/active/ jphase=absent killpid=
03:12:37.999224828 pdns=5370/0/active/running/ named=0/inactive/dead/ agent=5462/active/ jphase=absent killpid=
03:12:38.292792818 pdns=5370/0/active/running/ named=0/inactive/dead/ agent=5462/active/ jphase=absent killpid=
03:12:38.583745610 pdns=5370/0/active/running/ named=0/inactive/dead/ agent=5462/active/ jphase=absent killpid=
03:12:38.880856041 pdns=5370/0/active/running/ named=0/inactive/dead/ agent=5462/active/ jphase=absent killpid=
03:12:39.172136914 pdns=5370/0/active/running/ named=0/inactive/dead/ agent=5462/active/ jphase=absent killpid=
03:12:39.466547919 pdns=5370/0/active/running/ named=0/inactive/dead/ agent=5462/active/ jphase=absent killpid=
03:12:39.782397558 pdns=5370/0/active/running/ named=0/inactive/dead/ agent=5462/active/ jphase=absent killpid=
03:12:40.060756320 pdns=5370/0/active/running/ named=0/inactive/dead/ agent=5462/active/ jphase=absent killpid=
03:12:40.339965415 pdns=5370/0/active/running/ named=0/inactive/dead/ agent=5462/active/ jphase=absent killpid=
03:12:40.620056127 pdns=5370/0/active/running/ named=0/inactive/dead/ agent=5462/active/ jphase=absent killpid=
03:12:40.910803110 pdns=5370/0/active/running/ named=0/inactive/dead/ agent=5462/active/ jphase=absent killpid=
03:12:41.191727938 pdns=5370/0/active/running/ named=0/inactive/dead/ agent=5462/active/ jphase=absent killpid=
03:12:41.474807654 pdns=5370/0/active/running/ named=0/inactive/dead/ agent=5462/active/ jphase=absent killpid=
03:12:41.756465476 pdns=5370/0/active/running/ named=0/inactive/dead/ agent=5462/active/ jphase=absent killpid=
03:12:42.040244169 pdns=5370/0/active/running/ named=0/inactive/dead/ agent=5462/active/ jphase=absent killpid=
03:12:42.320863187 pdns=5370/0/active/running/ named=0/inactive/dead/ agent=5462/active/ jphase=absent killpid=
03:12:42.599385015 pdns=5370/0/active/running/ named=0/inactive/dead/ agent=5462/active/ jphase=absent killpid=
03:12:42.884106528 pdns=5370/0/active/running/ named=0/inactive/dead/ agent=5462/active/ jphase=absent killpid=
03:12:43.163373397 pdns=5370/0/active/running/ named=0/inactive/dead/ agent=5462/active/ jphase=absent killpid=
03:12:43.443560037 pdns=5370/0/active/running/ named=0/inactive/dead/ agent=5462/active/ jphase=absent killpid=
03:12:43.721976057 pdns=5370/0/active/running/ named=0/inactive/dead/ agent=5462/active/ jphase=absent killpid=
03:12:44.002827055 pdns=5370/0/active/running/ named=0/inactive/dead/ agent=5462/active/ jphase=absent killpid=
03:12:44.284117601 pdns=5370/0/active/running/ named=0/inactive/dead/ agent=5462/active/ jphase=absent killpid=
03:12:44.563962229 pdns=5370/0/active/running/ named=0/inactive/dead/ agent=5462/active/ jphase=absent killpid=
03:12:44.841745032 pdns=5370/0/active/running/ named=0/inactive/dead/ agent=5462/active/ jphase=absent killpid=
03:12:45.121972414 pdns=5370/0/active/running/ named=0/inactive/dead/ agent=5462/active/ jphase=absent killpid=
03:12:45.401828916 pdns=5370/0/active/running/ named=0/inactive/dead/ agent=5462/active/ jphase=absent killpid=
03:12:45.683714810 pdns=5370/0/active/running/ named=0/inactive/dead/ agent=5462/active/ jphase=absent killpid=
03:12:45.965548138 pdns=5370/0/active/running/ named=0/inactive/dead/ agent=5462/active/ jphase=absent killpid=
03:12:46.243977368 pdns=5370/0/active/running/ named=0/inactive/dead/ agent=5462/active/ jphase=absent killpid=
03:12:46.525829921 pdns=5370/0/active/running/ named=0/inactive/dead/ agent=5462/active/ jphase=absent killpid=
03:12:46.817699398 pdns=5370/0/active/running/ named=0/inactive/dead/ agent=5462/active/ jphase=absent killpid=
03:12:47.105275841 pdns=5370/0/active/running/ named=0/inactive/dead/ agent=5462/active/ jphase=absent killpid=
03:12:47.386592271 pdns=5370/0/active/running/ named=0/inactive/dead/ agent=5462/active/ jphase=absent killpid=
03:12:47.670377377 pdns=5370/0/active/running/ named=0/inactive/dead/ agent=5462/active/ jphase=absent killpid=
03:12:47.952352393 pdns=5370/0/active/running/ named=0/inactive/dead/ agent=5462/active/ jphase=absent killpid=
03:12:48.233799218 pdns=5370/0/active/running/ named=0/inactive/dead/ agent=5462/active/ jphase=absent killpid=
03:12:48.530988710 pdns=5370/0/active/running/ named=0/inactive/dead/ agent=5462/active/ jphase=absent killpid=
03:12:48.811938180 pdns=5370/0/active/running/ named=0/inactive/dead/ agent=5462/active/ jphase=absent killpid=
03:12:49.093295918 pdns=5370/0/active/running/ named=0/inactive/dead/ agent=5462/active/ jphase=absent killpid=
03:12:49.374205457 pdns=5370/0/active/running/ named=0/inactive/dead/ agent=5462/active/ jphase=absent killpid=
03:12:49.660278457 pdns=5370/0/active/running/ named=0/inactive/dead/ agent=5462/active/ jphase=absent killpid=
03:12:49.942970749 pdns=5370/0/active/running/ named=0/inactive/dead/ agent=5462/active/ jphase=absent killpid=
03:12:50.224253587 pdns=5370/0/active/running/ named=0/inactive/dead/ agent=5462/active/ jphase=absent killpid=
03:12:50.505840049 pdns=5370/0/active/running/ named=0/inactive/dead/ agent=5462/active/ jphase=absent killpid=
03:12:50.787071116 pdns=5370/0/active/running/ named=0/inactive/dead/ agent=5462/active/ jphase=absent killpid=
03:12:51.068124282 pdns=5370/0/active/running/ named=0/inactive/dead/ agent=5462/active/ jphase=absent killpid=
03:12:51.352747376 pdns=5370/0/active/running/ named=0/inactive/dead/ agent=5462/active/ jphase=absent killpid=
03:12:51.637912071 pdns=5370/0/active/running/ named=0/inactive/dead/ agent=5462/active/ jphase=absent killpid=
03:12:51.921324184 pdns=5370/0/active/running/ named=0/inactive/dead/ agent=5462/active/ jphase=absent killpid=
03:12:52.204961022 pdns=5370/0/active/running/ named=0/inactive/dead/ agent=5462/active/ jphase=absent killpid=
03:12:52.487398456 pdns=5370/0/active/running/ named=0/inactive/dead/ agent=5462/active/ jphase=absent killpid=
03:12:52.800180791 pdns=5370/0/active/running/ named=0/inactive/dead/ agent=5462/active/ jphase=absent killpid=
03:12:53.153449985 pdns=5370/0/active/running/ named=0/inactive/dead/ agent=5462/active/ jphase=absent killpid=
03:12:53.444219981 pdns=5370/0/active/running/ named=0/inactive/dead/ agent=5462/active/ jphase=absent killpid=
03:12:53.738655806 pdns=5370/0/active/running/ named=0/inactive/dead/ agent=5462/active/ jphase=absent killpid=
03:12:55.787397868 pdns=5370/0/active/running/ named=0/inactive/dead/ agent=5462/active/ jphase=absent killpid=
03:12:56.271731852 pdns=5370/0/active/running/ named=0/inactive/dead/ agent=5462/active/ jphase=absent killpid=
03:12:56.767569819 pdns=5370/0/active/running/ named=0/inactive/dead/ agent=5462/active/ jphase=absent killpid=
03:12:57.163140756 pdns=5370/0/active/running/ named=0/inactive/dead/ agent=5462/active/ jphase=absent killpid=
03:12:57.528117602 pdns=5370/0/active/running/ named=0/inactive/dead/ agent=5462/active/ jphase=absent killpid=
03:12:57.830728780 pdns=5370/0/active/running/ named=0/inactive/dead/ agent=5462/active/ jphase=absent killpid=
03:12:58.145499222 pdns=5370/0/active/running/ named=0/inactive/dead/ agent=5462/active/ jphase=absent killpid=
03:12:58.433872502 pdns=5370/0/active/running/ named=0/inactive/dead/ agent=5462/active/ jphase=absent killpid=
03:12:58.722291381 pdns=5370/0/active/running/ named=0/inactive/dead/ agent=5462/active/ jphase=absent killpid=
03:12:59.027227418 pdns=5370/0/active/running/ named=0/inactive/dead/ agent=5462/active/ jphase=absent killpid=
03:12:59.317941327 pdns=5370/0/active/running/ named=0/inactive/dead/ agent=5462/active/ jphase=absent killpid=
03:12:59.697155760 pdns=5370/0/active/running/ named=0/inactive/dead/ agent=5462/active/ jphase=absent killpid=
03:13:00.065623690 pdns=5370/0/active/running/ named=0/inactive/dead/ agent=5462/active/ jphase=absent killpid=
03:13:00.361126650 pdns=5370/0/active/running/ named=0/inactive/dead/ agent=5462/active/ jphase=absent killpid=
03:13:00.671734596 pdns=5370/0/active/running/ named=0/inactive/dead/ agent=5462/active/ jphase=absent killpid=
03:13:00.960774051 pdns=5370/0/active/running/ named=0/inactive/dead/ agent=5462/active/ jphase=absent killpid=
03:13:01.262237202 pdns=5370/0/active/running/ named=0/inactive/dead/ agent=5462/active/ jphase=absent killpid=
03:13:01.559254858 pdns=5370/0/active/running/ named=0/inactive/dead/ agent=5462/active/ jphase=absent killpid=
03:13:01.842696982 pdns=5370/0/active/running/ named=0/inactive/dead/ agent=5462/active/ jphase=absent killpid=
03:13:02.146993234 pdns=5370/0/active/running/ named=0/inactive/dead/ agent=5462/active/ jphase=absent killpid=
03:13:02.445915355 pdns=5370/0/active/running/ named=0/inactive/dead/ agent=5462/active/ jphase=absent killpid=
